recipientName,totalObligated,awardCount,agencies,popStates,naicsCodes,latestStartDate,daysSinceLatestAward,latestEndDate,sampleAwardId,recipientUrl
"HARPER CONSTRUCTION COMPANY, INC.","1757978345","24","Department of Defense","AZ,CA,NV,OK","[object Object],[object Object],[object Object],[object Object],[object Object],[object Object],[object Object],[object Object],[object Object],[object Object],[object Object],[object Object],[object Object],[object Object],[object Object],[object Object],[object Object],[object Object],[object Object],[object Object],[object Object],[object Object],[object Object],[object Object]","2025-09-18","291","2028-10-07","N6247324F4252",""
"WESTON SOLUTIONS INC","1676685698","22","Department of Defense","CA,GA,HI,MD,MO,NC,ND,NM,PA,PR,TX","[object Object],[object Object],[object Object],[object Object],[object Object],[object Object],[object Object],[object Object],[object Object],[object Object],[object Object],[object Object],[object Object],[object Object],[object Object],[object Object],[object Object],[object Object],[object Object],[object Object],[object Object],[object Object]","2025-09-30","279","2028-01-18","W9128F23F0065",""
"CONTI FEDERAL SERVICES, LLC","1224351689","26","Department of Defense","FL,HI,ND,PR,SD,TX,WI,WY","[object Object],[object Object],[object Object],[object Object],[object Object],[object Object],[object Object],[object Object],[object Object],[object Object],[object Object],[object Object],[object Object],[object Object],[object Object],[object Object],[object Object],[object Object],[object Object],[object Object],[object Object],[object Object],[object Object],[object Object],[object Object],[object Object]","2025-11-26","222","2029-08-03","W9128F24C0013",""
"ENVIRONMENTAL CHEMICAL CORPORATION","1144620885","9","Department of Defense","CA,DC,FL,IL,NC","[object Object],[object Object],[object Object],[object Object],[object Object],[object Object],[object Object],[object Object],[object Object]","2023-02-03","1249","2026-09-15","N6247320F5226",""
"CORE TECH-HDCC-KAJIMA LLC","999275948","12","Department of Defense","GU","[object Object],[object Object],[object Object],[object Object],[object Object],[object Object],[object Object],[object Object],[object Object],[object Object],[object Object],[object Object]","2025-07-03","368","2029-03-08","N6274219C1325",""
"WALSH - TURNER JV II","954910876","1","Department of Defense","KY","[object Object]","2021-09-10","1760","2026-04-16","W912QR21C0027",""
"KORTE CONSTRUCTION COMPANY","924210025","17","Department of Defense","CA,FL,ND,NV,OK","[object Object],[object Object],[object Object],[object Object],[object Object],[object Object],[object Object],[object Object],[object Object],[object Object],[object Object],[object Object],[object Object],[object Object],[object Object],[object Object],[object Object]","2026-01-26","161","2027-10-10","W912PL24C0019",""
"J & J MAINTENANCE INC","788521835","52","Department of Defense","AK,AL,CA,GA,HI,KS,KY,LA,MD,NC,NY,TX,VA,WA","[object Object],[object Object],[object Object],[object Object],[object Object],[object Object],[object Object],[object Object],[object Object],[object Object],[object Object],[object Object],[object Object],[object Object],[object Object],[object Object],[object Object],[object Object],[object Object],[object Object],[object Object],[object Object],[object Object],[object Object],[object Object],[object Object],[object Object],[object Object],[object Object],[object Object],[object Object],[object Object],[object Object],[object Object],[object Object],[object Object],[object Object],[object Object],[object Object],[object Object],[object Object],[object Object],[object Object],[object Object],[object Object],[object Object],[object Object],[object Object],[object Object],[object Object],[object Object],[object Object]","2026-04-30","67","2030-09-29","W912DY22F0358",""
"CMS CORPORATION","756665707","43","Department of Defense","AL,AR,AZ,CA,CO,DE,FL,GU,IA,KS,MH,MT,ND,NH,NM,OK,TX,UT,WA","[object Object],[object Object],[object Object],[object Object],[object Object],[object Object],[object Object],[object Object],[object Object],[object Object],[object Object],[object Object],[object Object],[object Object],[object Object],[object Object],[object Object],[object Object],[object Object],[object Object],[object Object],[object Object],[object Object],[object Object],[object Object],[object Object],[object Object],[object Object],[object Object],[object Object],[object Object],[object Object],[object Object],[object Object],[object Object],[object Object],[object Object],[object Object],[object Object],[object Object],[object Object],[object Object],[object Object]","2025-09-05","304","2028-09-25","FA890324F0055",""
"STRUCTSURE PROJECTS INC","753765333","24","Department of Defense","AR,CA,FL,KS,MD,MO,NC,OK,TX,VA,WA,WI","[object Object],[object Object],[object Object],[object Object],[object Object],[object Object],[object Object],[object Object],[object Object],[object Object],[object Object],[object Object],[object Object],[object Object],[object Object],[object Object],[object Object],[object Object],[object Object],[object Object],[object Object],[object Object],[object Object],[object Object]","2025-09-30","279","2029-08-26","W9127S23F6052",""
"FEDERAL CONTRACTING INC","695377597","10","Department of Defense","CO,ND,SD,TX,WY","[object Object],[object Object],[object Object],[object Object],[object Object],[object Object],[object Object],[object Object],[object Object],[object Object]","2026-04-03","94","2028-06-26","W9128F23C0009",""
"BLACK CONSTRUCTION-TUTOR PERINI JV","687184801","11","Department of Defense","GU","[object Object],[object Object],[object Object],[object Object],[object Object],[object Object],[object Object],[object Object],[object Object],[object Object],[object Object]","2025-08-05","335","2029-03-19","N6274225F0009",""
"ACC CONSTRUCTION CO., INC.","676557579","11","Department of Defense","GA,NC","[object Object],[object Object],[object Object],[object Object],[object Object],[object Object],[object Object],[object Object],[object Object],[object Object],[object Object]","2025-08-15","325","2029-05-15","W912HN25C4002",""
"BAH - ICM JV","660344046","1","Department of Defense","","[object Object]","2020-05-22","2236","2026-11-05","W912ER20C0010",""
"R.A. BURCH CONSTRUCTION CO., INC.","656824835","19","Department of Defense","CA","[object Object],[object Object],[object Object],[object Object],[object Object],[object Object],[object Object],[object Object],[object Object],[object Object],[object Object],[object Object],[object Object],[object Object],[object Object],[object Object],[object Object],[object Object],[object Object]","2025-12-22","196","2028-02-15","N6247323F5203",""
"S. J. AMOROSO CONSTRUCTION CO., LLC","607897064","5","Department of Veterans Affairs | Department of Defense","CA","[object Object],[object Object],[object Object],[object Object],[object Object]","2025-02-27","494","2027-08-02","36C10F25C0001",""
"CONTRACK ECC LLC","591560161","24","Department of Defense","AK,AR,CA,GU,HI,MH","[object Object],[object Object],[object Object],[object Object],[object Object],[object Object],[object Object],[object Object],[object Object],[object Object],[object Object],[object Object],[object Object],[object Object],[object Object],[object Object],[object Object],[object Object],[object Object],[object Object],[object Object],[object Object],[object Object],[object Object]","2025-02-27","494","2027-07-07","FA890320F1005",""
"PARSONS GOVERNMENT SERVICES INC","555997646","4","Department of Defense","HI,TN,VA","[object Object],[object Object],[object Object],[object Object]","2025-05-26","406","2029-06-20","W9123625C4007",""
"DOBCO INC","494161691","4","Department of Defense","NY","[object Object],[object Object],[object Object],[object Object]","2021-09-30","1740","2026-03-23","W912DS21C0002",""
"CERRIS BUILDERS, INC","485865473","11","Department of Defense","AR,KS,LA,MO,TX","[object Object],[object Object],[object Object],[object Object],[object Object],[object Object],[object Object],[object Object],[object Object],[object Object],[object Object]","2026-01-15","172","2028-09-07","W9126G26FA027",""
"NIPPO CORPORATION","481115740","25","Department of Defense","","[object Object],[object Object],[object Object],[object Object],[object Object],[object Object],[object Object],[object Object],[object Object],[object Object],[object Object],[object Object],[object Object],[object Object],[object Object],[object Object],[object Object],[object Object],[object Object],[object Object],[object Object],[object Object],[object Object],[object Object],[object Object]","2026-02-26","130","2028-04-05","W912HV23C0004",""
"GRANITE-OBAYASHI 2, A JOINT VENTURE","462838868","5","Department of Defense","GU","[object Object],[object Object],[object Object],[object Object],[object Object]","2025-07-01","370","2029-01-06","N6274223F9922",""
"AICI-ARCHIRODON JV LLC","435465380","2","Department of Defense","","[object Object],[object Object]","2024-08-16","689","2027-03-08","W912ER23C0002",""
"GUYCO INC","418434379","4","Department of Defense","TX","[object Object],[object Object],[object Object],[object Object]","2024-09-18","656","2027-09-28","W9126G23C0017",""
"ESA SOUTH, INC.","412779328","17","Department of Veterans Affairs | Department of Defense","CA,FL,GA,IN,KY,LA,MO,MS,SC,TX","[object Object],[object Object],[object Object],[object Object],[object Object],[object Object],[object Object],[object Object],[object Object],[object Object],[object Object],[object Object],[object Object],[object Object],[object Object],[object Object],[object Object]","2025-09-24","285","2028-05-10","36C10F25C50000",""
"EMR, INC.","412681220","38","Department of Defense","AL,FL,GA,LA,MS,SC,TN,TX","[object Object],[object Object],[object Object],[object Object],[object Object],[object Object],[object Object],[object Object],[object Object],[object Object],[object Object],[object Object],[object Object],[object Object],[object Object],[object Object],[object Object],[object Object],[object Object],[object Object],[object Object],[object Object],[object Object],[object Object],[object Object],[object Object],[object Object],[object Object],[object Object],[object Object],[object Object],[object Object],[object Object],[object Object],[object Object],[object Object],[object Object],[object Object]","2025-09-29","280","2028-03-12","W9127822C0007",""
"AC JV ONE LLC","360281049","16","Department of Veterans Affairs","IN,KS,MO,ND,NE,NM,NY,OH,SD,TN,TX,UT","[object Object],[object Object],[object Object],[object Object],[object Object],[object Object],[object Object],[object Object],[object Object],[object Object],[object Object],[object Object],[object Object],[object Object],[object Object],[object Object]","2024-09-18","656","2026-12-31","36C77624C0055",""
"AMERICAN ENGINEERING CORPORATION","359732114","57","Department of Defense","","[object Object],[object Object],[object Object],[object Object],[object Object],[object Object],[object Object],[object Object],[object Object],[object Object],[object Object],[object Object],[object Object],[object Object],[object Object],[object Object],[object Object],[object Object],[object Object],[object Object],[object Object],[object Object],[object Object],[object Object],[object Object],[object Object],[object Object],[object Object],[object Object],[object Object],[object Object],[object Object],[object Object],[object Object],[object Object],[object Object],[object Object],[object Object],[object Object],[object Object],[object Object],[object Object],[object Object],[object Object],[object Object],[object Object],[object Object],[object Object],[object Object],[object Object],[object Object],[object Object],[object Object],[object Object],[object Object],[object Object],[object Object]","2026-01-24","163","2029-12-10","N4008425F0059",""
"HHI CORPORATION","342293344","17","Department of Defense","AZ,CA,CO,TX,UT","[object Object],[object Object],[object Object],[object Object],[object Object],[object Object],[object Object],[object Object],[object Object],[object Object],[object Object],[object Object],[object Object],[object Object],[object Object],[object Object],[object Object]","2025-03-07","486","2027-03-30","W9123823C0021",""
"NISHIMATSU CONSTRUCTION CO.,LTD.","334550914","3","Department of Defense","","[object Object],[object Object],[object Object]","2023-09-07","1033","2027-07-21","W912HV23C0006",""
"SERCO INC","327336444","1","Department of Defense","","[object Object]","2024-08-01","704","2028-07-29","W912DS24C0022",""
"DPR-RQ CONSTRUCTION, LLC","325774467","6","Department of Defense","CA","[object Object],[object Object],[object Object],[object Object],[object Object],[object Object]","2025-09-30","279","2029-09-18","N6247325F0260",""
"MIDMAC CONTRACTING COMPANY W.L.L","312657562","1","Department of Defense","","[object Object]","2017-11-16","3154","2026-04-30","W912ER18C0004",""
"ABSHER CONSTRUCTION CO","310602779","5","Department of Defense","WA","[object Object],[object Object],[object Object],[object Object],[object Object]","2025-11-06","242","2029-04-22","N4425524F4392",""
"4CONTRACTOR JV","294055745","1","Department of Defense","PR","[object Object]","2022-09-30","1375","2027-07-23","W912EP22C0008",""
"J KOKOLAKIS CONTRACTING INC","293885629","5","Department of Defense","GA,NY,SC","[object Object],[object Object],[object Object],[object Object],[object Object]","2027-02-04","-213","2027-02-26","W912HN21C3003",""
"SGS LLC","292137976","11","Department of Defense","LA,NM,OK,TX","[object Object],[object Object],[object Object],[object Object],[object Object],[object Object],[object Object],[object Object],[object Object],[object Object],[object Object]","2025-06-16","385","2028-03-22","W9126G21C0005",""
"BUTT CONSTRUCTION COMPANY, INCORPORATED","291855419","26","Department of Defense","KY,MI,NY,OH,TX","[object Object],[object Object],[object Object],[object Object],[object Object],[object Object],[object Object],[object Object],[object Object],[object Object],[object Object],[object Object],[object Object],[object Object],[object Object],[object Object],[object Object],[object Object],[object Object],[object Object],[object Object],[object Object],[object Object],[object Object],[object Object],[object Object]","2026-01-25","162","2028-01-16","FA301626F0027",""
"CADDELL-NAN A JOINT VENTURE","289513978","6","Department of Defense","GU","[object Object],[object Object],[object Object],[object Object],[object Object],[object Object]","2024-09-24","650","2027-05-13","N6274218C1304",""
"HBP JOINT VENTURE","281191214","1","Department of Defense","NY","[object Object]","2019-10-23","2448","2026-11-10","W912QR20C0001",""
"FACILITY SERVICES MANAGEMENT, INC.","267941818","22","Department of Defense","AL,CA,GA,HI,KS,KY,MD,TX","[object Object],[object Object],[object Object],[object Object],[object Object],[object Object],[object Object],[object Object],[object Object],[object Object],[object Object],[object Object],[object Object],[object Object],[object Object],[object Object],[object Object],[object Object],[object Object],[object Object],[object Object],[object Object]","2026-02-25","131","2028-09-24","W9127823C0016",""
"HURLEY JV, LLP","257330170","12","Department of Veterans Affairs","AL,AR,CO,GA,IA,KS,MT,OK,WY","[object Object],[object Object],[object Object],[object Object],[object Object],[object Object],[object Object],[object Object],[object Object],[object Object],[object Object],[object Object]","2025-10-01","278","2027-09-25","36C77625C0024",""
"KGJJ ENGINEERING SOLUTIONS, LLC","246182798","9","Department of Defense","CA,FL,HI,MD,NC,TX,VA","[object Object],[object Object],[object Object],[object Object],[object Object],[object Object],[object Object],[object Object],[object Object]","2024-09-30","644","2028-11-20","W9127S24F0100",""
"ASRC BUILDERS-CADDELL, LLC","239756668","1","Department of Defense","AK","[object Object]","2025-07-18","353","2029-10-12","W911KB25CA005",""
"RQ-WM JORDAN JV","239682586","1","Department of Defense","NC","[object Object]","2020-08-31","2135","2027-06-09","N4008520C0059",""
"WATTERSON CONSTRUCTION CO","237269808","5","Department of Defense","AK","[object Object],[object Object],[object Object],[object Object],[object Object]","2024-02-08","879","2026-06-05","W911KB23C0002",""
"MANHATTAN HUNT A JOINT VENTURE","233016273","1","Department of Defense","MD","[object Object]","2012-10-29","4998","2022-01-16","N4008013C0151",""
"W. G. YATES & SONS CONSTRUCTION COMPANY","231033962","3","Department of Defense","TX","[object Object],[object Object],[object Object]","2025-12-18","200","2028-02-06","N6945024C0024",""
"P & S CONSTRUCTION INC.","228689372","20","Department of Defense","CT,FL,GA,GU,MA,ME,NH,RI,SC","[object Object],[object Object],[object Object],[object Object],[object Object],[object Object],[object Object],[object Object],[object Object],[object Object],[object Object],[object Object],[object Object],[object Object],[object Object],[object Object],[object Object],[object Object],[object Object],[object Object]","2026-03-19","109","2031-03-10","0020",""
"SKE SUPPORT SERVICES GMBH WARBUD S A PROJECT SPOLKA JAWNA","226157943","1","Department of Defense","","[object Object]","2019-11-14","2426","2024-05-22","W912GB20C0001",""
"MOWA-BARLOVENTO JOINT VENTURE A","221267511","17","Department of Defense","AZ,FL,LA,NE,NM,OK,TN,TX","[object Object],[object Object],[object Object],[object Object],[object Object],[object Object],[object Object],[object Object],[object Object],[object Object],[object Object],[object Object],[object Object],[object Object],[object Object],[object Object],[object Object]","2024-09-26","648","2027-01-15","FA890324F0023",""
"BLUE CORD DESIGN AND CONSTRUCTION, LLC","214041430","33","Department of Veterans Affairs","AR,FL,GA,LA,NC,SC,TN","[object Object],[object Object],[object Object],[object Object],[object Object],[object Object],[object Object],[object Object],[object Object],[object Object],[object Object],[object Object],[object Object],[object Object],[object Object],[object Object],[object Object],[object Object],[object Object],[object Object],[object Object],[object Object],[object Object],[object Object],[object Object],[object Object],[object Object],[object Object],[object Object],[object Object],[object Object],[object Object],[object Object]","2026-06-30","6","2028-06-19","36C25626C0046",""
"THE POVOLNY GROUP INC","213590907","22","Department of Veterans Affairs | Department of Defense","AZ,CO,FL,IA,IL,KS,MN,MT,NE,OK,UT,WY","[object Object],[object Object],[object Object],[object Object],[object Object],[object Object],[object Object],[object Object],[object Object],[object Object],[object Object],[object Object],[object Object],[object Object],[object Object],[object Object],[object Object],[object Object],[object Object],[object Object],[object Object],[object Object]","2026-05-01","66","2027-02-27","36C77623C0149",""
"MVL USA INC","213371333","17","Department of Defense","GA,MH,MI,NC,WA","[object Object],[object Object],[object Object],[object Object],[object Object],[object Object],[object Object],[object Object],[object Object],[object Object],[object Object],[object Object],[object Object],[object Object],[object Object],[object Object],[object Object]","2025-10-15","264","2028-07-11","W9128A24C0012",""
"PACIFIC RIM CONSTRUCTORS INC","210623619","8","Department of Defense","GU","[object Object],[object Object],[object Object],[object Object],[object Object],[object Object],[object Object],[object Object]","2025-09-26","283","2028-02-08","N6274223C1301",""
"VALIANT GOVERNMENT SERVICES LLC","205865495","8","Department of Defense","AL,CA,KY,MD,NY,WA","[object Object],[object Object],[object Object],[object Object],[object Object],[object Object],[object Object],[object Object]","2024-07-22","714","2026-07-21","W9127820F0061",""
"SOLPAC CONSTRUCTION INC","205726106","5","Department of Defense","CA","[object Object],[object Object],[object Object],[object Object],[object Object]","2021-07-29","1803","2025-06-06","N6247321F4428",""
"L.S. BLACK CONSTRUCTORS, LLC","202500273","8","Department of Defense","ME,MN,MO,TX,WI","[object Object],[object Object],[object Object],[object Object],[object Object],[object Object],[object Object],[object Object]","2024-09-27","647","2027-01-26","N4008519C9220",""
"BRISTON CONSTRUCTION, LLC","200116612","25","Department of Veterans Affairs","AZ,CA,IA,KS,NM,TX","[object Object],[object Object],[object Object],[object Object],[object Object],[object Object],[object Object],[object Object],[object Object],[object Object],[object Object],[object Object],[object Object],[object Object],[object Object],[object Object],[object Object],[object Object],[object Object],[object Object],[object Object],[object Object],[object Object],[object Object],[object Object]","2026-06-08","28","2028-08-13","36C77622C0126",""
"JBW GROUP LLC","196397977","15","Department of Defense","AZ,FL,GA,KY,MN,NV,NY,PA,VA","[object Object],[object Object],[object Object],[object Object],[object Object],[object Object],[object Object],[object Object],[object Object],[object Object],[object Object],[object Object],[object Object],[object Object],[object Object]","2025-10-10","269","2030-06-04","W912HP25C6001",""
"NORTHROP GRUMMAN SYSTEMS CORP","196083872","2","Department of Defense","WV","[object Object],[object Object]","2023-09-30","1010","2026-12-31","N0002423C5530",""
"SPEEGLE CONSTRUCTION, INC","195272669","18","Department of Defense","AL,FL,GA,MS","[object Object],[object Object],[object Object],[object Object],[object Object],[object Object],[object Object],[object Object],[object Object],[object Object],[object Object],[object Object],[object Object],[object Object],[object Object],[object Object],[object Object],[object Object]","2026-02-12","144","2028-04-22","W912HN26CA016",""
"S. B. BALLARD CONSTRUCTION COMPANY","194199929","4","Department of Defense","VA","[object Object],[object Object],[object Object],[object Object]","2025-12-31","187","2031-06-19","N4008526F0160",""
"W. M. JORDAN COMPANY, INCORPORATED","192885105","5","Department of Defense","VA","[object Object],[object Object],[object Object],[object Object],[object Object]","2025-12-22","196","2028-10-01","N4008524F4000",""
"BENAKA, INC.","190656515","23","Department of Defense","DE,MA,ME,NJ,PA,RI,VA","[object Object],[object Object],[object Object],[object Object],[object Object],[object Object],[object Object],[object Object],[object Object],[object Object],[object Object],[object Object],[object Object],[object Object],[object Object],[object Object],[object Object],[object Object],[object Object],[object Object],[object Object],[object Object],[object Object]","2026-01-15","172","2028-06-11","W912DS22C0004",""
"METHUEN CONSTRUCTION CO INC","189059148","2","Department of Defense","ME,NH","[object Object],[object Object]","2021-08-30","1771","2025-05-15","N4008519C9261",""
"BIRMINGHAM INDUSTRIAL CONSTRUCTION, LLC","188703321","22","Department of Veterans Affairs | Department of Defense","AL,AR,GA,KY,MS,SC,VA","[object Object],[object Object],[object Object],[object Object],[object Object],[object Object],[object Object],[object Object],[object Object],[object Object],[object Object],[object Object],[object Object],[object Object],[object Object],[object Object],[object Object],[object Object],[object Object],[object Object],[object Object],[object Object]","2025-11-12","236","2029-09-30","36C77623C0164",""
"PACWEST-KORTE JV","186209071","5","Department of Defense","FL,PA,WA","[object Object],[object Object],[object Object],[object Object],[object Object]","2025-09-29","280","2028-07-10","N4425522C1500",""
"MILITARY & FEDERAL CONSTRUCTION CO., INC.","181184722","14","Department of Defense","NC,SC","[object Object],[object Object],[object Object],[object Object],[object Object],[object Object],[object Object],[object Object],[object Object],[object Object],[object Object],[object Object],[object Object],[object Object]","2026-01-30","157","2028-01-30","N4008526F0390",""
"SES CONSTRUCTION AND FUEL SERVICES LLC","177453937","19","Department of Defense","AK,AR,CA,CO,FL,IL,KS,NC,NV,TN,VA","[object Object],[object Object],[object Object],[object Object],[object Object],[object Object],[object Object],[object Object],[object Object],[object Object],[object Object],[object Object],[object Object],[object Object],[object Object],[object Object],[object Object],[object Object],[object Object]","2025-10-20","259","2028-08-07","W9127820C0038",""
"I.E.-PACIFIC, INC.","176623702","19","Department of Defense","CA,WA","[object Object],[object Object],[object Object],[object Object],[object Object],[object Object],[object Object],[object Object],[object Object],[object Object],[object Object],[object Object],[object Object],[object Object],[object Object],[object Object],[object Object],[object Object],[object Object]","2025-09-30","279","2027-12-22","N6247322F4075",""
"PIKE - P J DICK JOINT VENTURE","176562670","1","Department of Defense","NY","[object Object]","2018-01-18","3091","2024-03-14","W912QR18C0009",""
"ZAFER TAAHHUT INSAAT VE TICARET ANONIM SIRKETI","176048331","7","Department of Defense","","[object Object],[object Object],[object Object],[object Object],[object Object],[object Object],[object Object]","2024-12-31","552","2027-01-01","W912GB23C0012",""
"ZODIAC-POETTKER HBZ JOINT VENTURE II, LLC","173109048","3","Department of Defense","GA,IL,MO","[object Object],[object Object],[object Object]","2023-03-09","1215","2025-12-09","W912QR21C0021",""
"INSIGHT PACIFIC, LLC","171470128","17","Department of Defense","CA,HI","[object Object],[object Object],[object Object],[object Object],[object Object],[object Object],[object Object],[object Object],[object Object],[object Object],[object Object],[object Object],[object Object],[object Object],[object Object],[object Object],[object Object]","2025-09-23","286","2028-04-28","N6247823F4194",""
"V LINE SERVICES L.L.C.","170313388","15","Department of Veterans Affairs | Department of Defense","FL,GA,MS,OH,TX","[object Object],[object Object],[object Object],[object Object],[object Object],[object Object],[object Object],[object Object],[object Object],[object Object],[object Object],[object Object],[object Object],[object Object],[object Object]","2026-08-03","-28","2029-02-21","36C77625C0099",""
"WSP USA ENVIRONMENT & INFRASTRUCTURE INC.","170123469","16","Department of Defense","OH,OK","[object Object],[object Object],[object Object],[object Object],[object Object],[object Object],[object Object],[object Object],[object Object],[object Object],[object Object],[object Object],[object Object],[object Object],[object Object],[object Object]","2024-11-13","600","2026-09-25","0003",""
"SHAPE CONSTRUCTION INC","169595541","8","Department of Defense","WA","[object Object],[object Object],[object Object],[object Object],[object Object],[object Object],[object Object],[object Object]","2025-12-01","217","2028-10-03","N4425525F0166",""
"RQ-DPR JV","168941622","1","Department of Defense","NC","[object Object]","2020-07-24","2173","2026-08-06","N4008520C0044",""
"4K GLOBAL-ACC JV, LLC","167538560","7","Department of Defense","FL,GA,NC","[object Object],[object Object],[object Object],[object Object],[object Object],[object Object],[object Object]","2024-10-15","629","2027-03-11","W912HN23C4005",""
"NH1 JV","166008121","7","Department of Defense","CO,UT,WA","[object Object],[object Object],[object Object],[object Object],[object Object],[object Object],[object Object]","2025-12-22","196","2027-11-22","W9128F23C0004",""
"PORR GOVERNMENT SERVICES GMBH","163955195","28","Department of Defense","","[object Object],[object Object],[object Object],[object Object],[object Object],[object Object],[object Object],[object Object],[object Object],[object Object],[object Object],[object Object],[object Object],[object Object],[object Object],[object Object],[object Object],[object Object],[object Object],[object Object],[object Object],[object Object],[object Object],[object Object],[object Object],[object Object],[object Object],[object Object]","2025-12-19","199","2028-03-09","W912GB19F0397",""
"CONTRACK WATTS INC","163038543","5","Department of Defense","","[object Object],[object Object],[object Object],[object Object],[object Object]","2021-09-09","1761","2025-11-07","W912ER21C0013",""
"MAEDA-SAMSUNG-KGC-ONAKA JOINT VENTURE","159991995","1","Department of Defense","","[object Object]","2026-03-30","98","2029-03-29","W912HV26CA006",""
"GUARANTEE INTERIORS, INC.","158789268","71","Department of Veterans Affairs","KS,MO","[object Object],[object Object],[object Object],[object Object],[object Object],[object Object],[object Object],[object Object],[object Object],[object Object],[object Object],[object Object],[object Object],[object Object],[object Object],[object Object],[object Object],[object Object],[object Object],[object Object],[object Object],[object Object],[object Object],[object Object],[object Object],[object Object],[object Object],[object Object],[object Object],[object Object],[object Object],[object Object],[object Object],[object Object],[object Object],[object Object],[object Object],[object Object],[object Object],[object Object],[object Object],[object Object],[object Object],[object Object],[object Object],[object Object],[object Object],[object Object],[object Object],[object Object],[object Object],[object Object],[object Object],[object Object],[object Object],[object Object],[object Object],[object Object],[object Object],[object Object],[object Object],[object Object],[object Object],[object Object],[object Object],[object Object],[object Object],[object Object],[object Object],[object Object],[object Object]","2026-07-10","-4","2027-10-02","36C77623C0055",""
"INTERCONTINENTAL CONSTRUCTION CONTRACTING INC","158427750","16","Department of Defense","DC,MD,NJ,NY","[object Object],[object Object],[object Object],[object Object],[object Object],[object Object],[object Object],[object Object],[object Object],[object Object],[object Object],[object Object],[object Object],[object Object],[object Object],[object Object]","2023-02-17","1235","2027-07-14","W912DS23C0004",""
"AMERICAN INTERNATIONAL CONTRACTORS INC","157825259","17","Department of Defense","","[object Object],[object Object],[object Object],[object Object],[object Object],[object Object],[object Object],[object Object],[object Object],[object Object],[object Object],[object Object],[object Object],[object Object],[object Object],[object Object],[object Object]","2026-04-01","96","2027-04-29","W912ER22C0015",""
"FARGO PACIFIC INC.","157212918","26","Department of Defense","GU","[object Object],[object Object],[object Object],[object Object],[object Object],[object Object],[object Object],[object Object],[object Object],[object Object],[object Object],[object Object],[object Object],[object Object],[object Object],[object Object],[object Object],[object Object],[object Object],[object Object],[object Object],[object Object],[object Object],[object Object],[object Object],[object Object]","2026-03-27","101","2028-01-31","FA524024C0005",""
"DRAGADOS SOCIEDAD ANONIMA","156524570","2","Department of Defense","","[object Object],[object Object]","2026-03-13","115","2029-11-09","N6247026C0003",""
"SGJV, LLC","154280636","4","Department of Veterans Affairs | Department of Defense","CO,LA,UT,WY","[object Object],[object Object],[object Object],[object Object]","2023-01-23","1260","2027-02-16","36C10F20C0017",""
"BRISTOL GENERAL CONTRACTORS, LLC","154151409","10","Department of Defense","AR,CA,LA,NM,SC,TX,WI","[object Object],[object Object],[object Object],[object Object],[object Object],[object Object],[object Object],[object Object],[object Object],[object Object]","2024-03-01","857","2026-07-22","N6945019F0857",""
"ADVON CORPORATION","151683629","14","Department of Veterans Affairs | Department of Defense","AR,FL,GA,NC,OK,SC,TX","[object Object],[object Object],[object Object],[object Object],[object Object],[object Object],[object Object],[object Object],[object Object],[object Object],[object Object],[object Object],[object Object],[object Object]","2026-01-15","172","2028-07-10","36C77624C0103",""
"D SQUARE CONSTRUCTION LLC","150023446","51","Department of Veterans Affairs | Department of Defense","AZ,CA,HI,WA","[object Object],[object Object],[object Object],[object Object],[object Object],[object Object],[object Object],[object Object],[object Object],[object Object],[object Object],[object Object],[object Object],[object Object],[object Object],[object Object],[object Object],[object Object],[object Object],[object Object],[object Object],[object Object],[object Object],[object Object],[object Object],[object Object],[object Object],[object Object],[object Object],[object Object],[object Object],[object Object],[object Object],[object Object],[object Object],[object Object],[object Object],[object Object],[object Object],[object Object],[object Object],[object Object],[object Object],[object Object],[object Object],[object Object],[object Object],[object Object],[object Object],[object Object],[object Object]","2026-06-15","21","2028-06-14","36C26226N0531",""
"KORTE -RIVER CITY JV","149771384","1","Department of Defense","IL","[object Object]","2021-11-10","1699","2026-12-10","W912QR22C0002",""
"PETER VANDER WERFF CONSTRUCTION, INC.","149600505","10","Department of Defense","CA,CO","[object Object],[object Object],[object Object],[object Object],[object Object],[object Object],[object Object],[object Object],[object Object],[object Object]","2024-09-18","656","2026-11-09","N6247324F4052",""
"RBVETCO, LLC","149463764","23","Department of Veterans Affairs","PA,WV","[object Object],[object Object],[object Object],[object Object],[object Object],[object Object],[object Object],[object Object],[object Object],[object Object],[object Object],[object Object],[object Object],[object Object],[object Object],[object Object],[object Object],[object Object],[object Object],[object Object],[object Object],[object Object],[object Object]","2026-04-30","67","2027-05-14","36C77624C0195",""
"MDM CONSTRUCTION LLC","146642267","22","Department of Veterans Affairs","MN,ND,SD","[object Object],[object Object],[object Object],[object Object],[object Object],[object Object],[object Object],[object Object],[object Object],[object Object],[object Object],[object Object],[object Object],[object Object],[object Object],[object Object],[object Object],[object Object],[object Object],[object Object],[object Object],[object Object]","2026-02-26","130","2028-10-27","36C77625C0109",""
"GIDEON CONTRACTING, LIMITED LIABILITY COMPANY","144131682","24","Department of Defense","AZ,CO,FL,KS,KY,LA,MN,MO,ND,OK,WA","[object Object],[object Object],[object Object],[object Object],[object Object],[object Object],[object Object],[object Object],[object Object],[object Object],[object Object],[object Object],[object Object],[object Object],[object Object],[object Object],[object Object],[object Object],[object Object],[object Object],[object Object],[object Object],[object Object],[object Object]","2026-04-01","96","2027-10-17","FA465925C0001",""
"RECORD STEEL AND CONSTRUCTION, INC.","143084747","3","Department of Defense","AZ,ID,OK","[object Object],[object Object],[object Object]","2024-04-03","824","2026-10-15","W912DW24C0005",""
"VENERGY GROUP LLC","141903688","46","Department of Veterans Affairs","AR,FL,GA,LA,MI,MT,NV,OK,PR,SC,TX,WA,WV,WY","[object Object],[object Object],[object Object],[object Object],[object Object],[object Object],[object Object],[object Object],[object Object],[object Object],[object Object],[object Object],[object Object],[object Object],[object Object],[object Object],[object Object],[object Object],[object Object],[object Object],[object Object],[object Object],[object Object],[object Object],[object Object],[object Object],[object Object],[object Object],[object Object],[object Object],[object Object],[object Object],[object Object],[object Object],[object Object],[object Object],[object Object],[object Object],[object Object],[object Object],[object Object],[object Object],[object Object],[object Object],[object Object],[object Object]","2026-07-02","4","2027-10-05","36C77622C0005",""
"SERVIAM CONSTRUCTION LLC","141313946","35","Department of Veterans Affairs | Department of Defense","NY,PA","[object Object],[object Object],[object Object],[object Object],[object Object],[object Object],[object Object],[object Object],[object Object],[object Object],[object Object],[object Object],[object Object],[object Object],[object Object],[object Object],[object Object],[object Object],[object Object],[object Object],[object Object],[object Object],[object Object],[object Object],[object Object],[object Object],[object Object],[object Object],[object Object],[object Object],[object Object],[object Object],[object Object],[object Object],[object Object]","2026-06-26","10","2027-10-14","36C77625C0060",""
"ENVIRONET INC.","140622440","19","Department of Defense","GU,HI,WA","[object Object],[object Object],[object Object],[object Object],[object Object],[object Object],[object Object],[object Object],[object Object],[object Object],[object Object],[object Object],[object Object],[object Object],[object Object],[object Object],[object Object],[object Object],[object Object]","2025-12-16","202","2027-11-20","N6247819F4032",""
"TOKYU CONSTRUCTION-KANEHIDE CONSTRUCTION JV","139949862","1","Department of Defense","","[object Object]","2024-06-27","739","2027-02-17","W912HV24C0003",""
"BLUE ROCK STRUCTURES, INC","136119557","11","Department of Defense","NC","[object Object],[object Object],[object Object],[object Object],[object Object],[object Object],[object Object],[object Object],[object Object],[object Object],[object Object]","2025-08-14","326","2027-08-04","N4008524F6754",""
"ROYCE CONSTRUCTION SERVICES, LLC","135979891","22","Department of Defense","AL,CA,KS,MD,NC,NM,NY,OH,SD,TX,VA","[object Object],[object Object],[object Object],[object Object],[object Object],[object Object],[object Object],[object Object],[object Object],[object Object],[object Object],[object Object],[object Object],[object Object],[object Object],[object Object],[object Object],[object Object],[object Object],[object Object],[object Object],[object Object]","2026-03-06","122","2027-10-15","W912DS22F0087",""
"AMCOR JV ONE LLC","132934191","4","Department of Veterans Affairs","NM,PR,TN,TX","[object Object],[object Object],[object Object],[object Object]","2025-04-29","433","2028-02-17","36C77624C0158",""
"TUCKMAN-BARBEE CONSTRUCTION CO., INC.","132018239","12","Department of Defense","DC,MD","[object Object],[object Object],[object Object],[object Object],[object Object],[object Object],[object Object],[object Object],[object Object],[object Object],[object Object],[object Object]","2025-09-24","285","2027-02-06","W912DR20C0042",""
"BRIDGER RICHARD JV LLC","131278316","4","Department of Veterans Affairs","IL,PA,TX,WY","[object Object],[object Object],[object Object],[object Object]","2026-02-10","146","2027-09-18","36C77625C0090",""
"CASTELLANO COBRA UTE MACC LEY 18-1982","130780891","5","Department of Defense","","[object Object],[object Object],[object Object],[object Object],[object Object]","2025-04-29","433","2028-11-01","N6247025F0051",""
"WALSH FEDERAL/ALBERICI JV","129241009","1","Department of Defense","OK","[object Object]","2017-03-30","3385","2020-01-25","W912BV17C0004",""
"HAMILTON PACIFIC CHAMBERLAIN LLC","128032976","53","Department of Veterans Affairs | Department of Defense | Department of State","AZ,CO,DC,FL,GA,KS,LA,MD,MN,NC,NE,NM,OK,OR,PA,SC,TX,VA,WV,WY","[object Object],[object Object],[object Object],[object Object],[object Object],[object Object],[object Object],[object Object],[object Object],[object Object],[object Object],[object Object],[object Object],[object Object],[object Object],[object Object],[object Object],[object Object],[object Object],[object Object],[object Object],[object Object],[object Object],[object Object],[object Object],[object Object],[object Object],[object Object],[object Object],[object Object],[object Object],[object Object],[object Object],[object Object],[object Object],[object Object],[object Object],[object Object],[object Object],[object Object],[object Object],[object Object],[object Object],[object Object],[object Object],[object Object],[object Object],[object Object],[object Object],[object Object],[object Object],[object Object],[object Object]","2026-07-06","0","2027-05-24","36C24524C0126",""
"SENATE BUILDERS & CONSTRUCTION MANAGERS, INC.","127526442","16","Department of Veterans Affairs | Department of Defense","DE,PA","[object Object],[object Object],[object Object],[object Object],[object Object],[object Object],[object Object],[object Object],[object Object],[object Object],[object Object],[object Object],[object Object],[object Object],[object Object],[object Object]","2026-07-20","-14","2027-09-22","36C77625C0091",""
"EMPRESA DE CONSTRUCCION Y TRANSPORTE ETERNA S.A. DE C.V.","125648423","15","Department of Defense","","[object Object],[object Object],[object Object],[object Object],[object Object],[object Object],[object Object],[object Object],[object Object],[object Object],[object Object],[object Object],[object Object],[object Object],[object Object]","2025-09-29","280","2028-07-04","W9127821C0039",""
"ALEUT CONSTRUCTION LLC","123722724","24","Department of Defense","CA,DC,GA,GU,MD,MT,VA","[object Object],[object Object],[object Object],[object Object],[object Object],[object Object],[object Object],[object Object],[object Object],[object Object],[object Object],[object Object],[object Object],[object Object],[object Object],[object Object],[object Object],[object Object],[object Object],[object Object],[object Object],[object Object],[object Object],[object Object]","2026-03-03","125","2027-10-24","W912DW26CA006",""
"OUTSIDE BOX LLC","123312843","15","Department of Defense","GA,LA,NC,SC","[object Object],[object Object],[object Object],[object Object],[object Object],[object Object],[object Object],[object Object],[object Object],[object Object],[object Object],[object Object],[object Object],[object Object],[object Object]","2025-10-31","248","2028-02-07","W912HN22C4008",""
"HERMAN/JCG CO JV","122040670","11","Department of Defense","AK,CA,DE,IL,MA","[object Object],[object Object],[object Object],[object Object],[object Object],[object Object],[object Object],[object Object],[object Object],[object Object],[object Object]","2023-09-28","1012","2028-04-12","FA890322F0051",""
"WALSH PUERTO RICO, LLC","120377148","1","Department of Veterans Affairs","PR","[object Object]","2015-12-30","3841","2025-04-12","VA101F16C0025",""
"MVL-BROMGROVE JV LLC","120155179","20","Department of Defense","","[object Object],[object Object],[object Object],[object Object],[object Object],[object Object],[object Object],[object Object],[object Object],[object Object],[object Object],[object Object],[object Object],[object Object],[object Object],[object Object],[object Object],[object Object],[object Object],[object Object]","2026-04-02","95","2028-12-07","N4008424F4766",""
"PORR GOVERNMENT SERVICES POLAND SP. Z O.O.","119573753","5","Department of Defense","","[object Object],[object Object],[object Object],[object Object],[object Object]","2026-02-19","137","2028-12-31","W912GB26CA001",""
"WALGA ROSS GROUP 3 JV","117670998","10","Department of Defense","AR,FL,LA,NM,SC,TX","[object Object],[object Object],[object Object],[object Object],[object Object],[object Object],[object Object],[object Object],[object Object],[object Object]","2024-10-10","634","2026-06-25","W9126G22F0451",""
"ACCIONA CMS JV LLC","117180483","4","Department of Defense","","[object Object],[object Object],[object Object],[object Object]","2024-08-19","686","2026-08-19","N6247022F9000",""
"SU-MO BUILDERS, INC.","116924902","14","General Services Administration | Department of Defense","CA,HI","[object Object],[object Object],[object Object],[object Object],[object Object],[object Object],[object Object],[object Object],[object Object],[object Object],[object Object],[object Object],[object Object],[object Object]","2025-09-30","279","2028-09-14","47PK0625F0013",""
"COX CONSTRUCTION CO","116841406","4","Department of Defense","CA","[object Object],[object Object],[object Object],[object Object]","2026-04-01","96","2028-04-13","W912QR22C0036",""
"SOUTHEASTERN INDUSTRIAL BARLOVENTO JV-2, LLC","115919260","14","Department of Defense","AL,FL,GA,MS,PR","[object Object],[object Object],[object Object],[object Object],[object Object],[object Object],[object Object],[object Object],[object Object],[object Object],[object Object],[object Object],[object Object],[object Object]","2025-12-15","203","2028-04-20","N6945025F0281",""
"RED EAGLE JV","115188756","7","Department of Defense","AR,LA,TX","[object Object],[object Object],[object Object],[object Object],[object Object],[object Object],[object Object]","2025-04-18","444","2026-12-24","W9126G23C0007",""
"UNIT COMPANY","114835673","2","Department of Defense","AK","[object Object],[object Object]","2025-12-30","188","2029-01-19","W911KB23C0013",""
"SGJV2, LLC","114537990","2","Department of Veterans Affairs","KS,NV","[object Object],[object Object]","2025-05-22","410","2029-05-31","36C10F25C50005",""
"LEEBCOR SERVICES LLC","114329738","7","Department of Defense","FL,GA,VA","[object Object],[object Object],[object Object],[object Object],[object Object],[object Object],[object Object]","2021-09-16","1754","2025-07-31","CV02",""
"DOYON PROJECT SERVICES, LLC","114312253","6","Department of Defense","DC,MN,WA","[object Object],[object Object],[object Object],[object Object],[object Object],[object Object]","2024-08-21","684","2026-03-02","N4425519F4055",""
"AMERITECH CONTRACTING LLC","113658196","36","Department of Veterans Affairs | Department of Defense","CA,CO,CT,IL,IN,KS,MA,MD,ME,NH,NM,NY,TX,WI","[object Object],[object Object],[object Object],[object Object],[object Object],[object Object],[object Object],[object Object],[object Object],[object Object],[object Object],[object Object],[object Object],[object Object],[object Object],[object Object],[object Object],[object Object],[object Object],[object Object],[object Object],[object Object],[object Object],[object Object],[object Object],[object Object],[object Object],[object Object],[object Object],[object Object],[object Object],[object Object],[object Object],[object Object],[object Object],[object Object]","2026-07-08","-2","2028-03-11","36C77626C0018",""
"CDEEM CO","113172997","7","Department of Veterans Affairs","FL,NY","[object Object],[object Object],[object Object],[object Object],[object Object],[object Object],[object Object]","2026-05-20","47","2028-05-19","36C77626C0039",""
"AL AYUNI INVESTMENT & CONTRACTING COMPANY","113075924","1","Department of Defense","","[object Object]","2018-03-05","3045","2024-11-23","W912ER18C0015",""
"NIHON MECCS CO.,LTD.","111865633","16","Department of Defense","","[object Object],[object Object],[object Object],[object Object],[object Object],[object Object],[object Object],[object Object],[object Object],[object Object],[object Object],[object Object],[object Object],[object Object],[object Object],[object Object]","2026-02-11","145","2028-01-20","N4008419C8304",""
"SAW GREENLAND, LLC","111855236","3","Department of Veterans Affairs","SD,TN,TX","[object Object],[object Object],[object Object]","2025-10-29","250","2028-05-06","36C24925C0035",""
"SAND POINT SERVICES, LLC","110844293","6","Department of Defense","GA,NC","[object Object],[object Object],[object Object],[object Object],[object Object],[object Object]","2021-09-23","1747","2026-01-25","W912HN19F3001",""
"GARCO CONSTRUCTION, INC.","108654756","3","Department of Defense","WA","[object Object],[object Object],[object Object]","2024-09-30","644","2027-07-29","W912DW24C0021",""
"SOCIEDAD ESPANOLA DE MONTAJES INDUSTRIALES SA","108468260","18","Department of Defense","","[object Object],[object Object],[object Object],[object Object],[object Object],[object Object],[object Object],[object Object],[object Object],[object Object],[object Object],[object Object],[object Object],[object Object],[object Object],[object Object],[object Object],[object Object]","2026-03-31","97","2028-07-17","N6247023F9000",""
"COPPER CONSTRUCTION COMPANY, INC.","107062908","4","Department of Defense","GA","[object Object],[object Object],[object Object],[object Object]","2025-09-02","307","2028-11-03","W912HN25CA013",""
"INTEC GROUP LLC","106795494","11","Department of Defense","KY,TN","[object Object],[object Object],[object Object],[object Object],[object Object],[object Object],[object Object],[object Object],[object Object],[object Object],[object Object]","2026-04-13","84","2027-09-26","W9124823F3060",""
"MIRAIT.ONE- ACTY JV","106625017","11","Department of Defense","","[object Object],[object Object],[object Object],[object Object],[object Object],[object Object],[object Object],[object Object],[object Object],[object Object],[object Object]","2025-07-09","362","2026-12-26","N4008422F4517",""
"GCH CONSTRUCTION COMPANY","106426916","17","Department of Veterans Affairs | Department of Defense","CO,IA,MN,MT,NE,NM,OK,WY","[object Object],[object Object],[object Object],[object Object],[object Object],[object Object],[object Object],[object Object],[object Object],[object Object],[object Object],[object Object],[object Object],[object Object],[object Object],[object Object],[object Object]","2026-01-26","161","2026-09-30","36C26322C0094",""
"ROUNDHOUSE PBN - TEPA EC JOINT VENTURE","106212930","4","Department of Defense","CO,FL,IA","[object Object],[object Object],[object Object],[object Object]","2024-04-17","810","2026-12-09","W9128F23C0019",""
"ARMITAGE SAI JV","105912222","20","Department of Defense","CT,MA,ME,NY,RI","[object Object],[object Object],[object Object],[object Object],[object Object],[object Object],[object Object],[object Object],[object Object],[object Object],[object Object],[object Object],[object Object],[object Object],[object Object],[object Object],[object Object],[object Object],[object Object],[object Object]","2026-02-09","147","2027-08-31","W911S225FA103",""
"VETERANS CONTRACTING, INC.","105106688","10","Department of Veterans Affairs","OH","[object Object],[object Object],[object Object],[object Object],[object Object],[object Object],[object Object],[object Object],[object Object],[object Object]","2026-06-25","11","2028-04-21","36C77624C0039",""
"G-W MANAGEMENT SERVICES, LLC","104955241","10","Department of Defense","DC,MD,VA","[object Object],[object Object],[object Object],[object Object],[object Object],[object Object],[object Object],[object Object],[object Object],[object Object]","2023-11-07","972","2026-10-28","N4008020F5202",""
"BLACK CONSTRUCTION/MACE INTERNATIONAL JOINT VENTURE","102128431","11","Department of Defense","","[object Object],[object Object],[object Object],[object Object],[object Object],[object Object],[object Object],[object Object],[object Object],[object Object],[object Object]","2026-03-25","103","2028-07-05","N4008424F4289",""
"SPAW GLASS CONTRACTORS INC","101523714","1","Department of Defense","TX","[object Object]","2019-09-26","2475","2024-04-07","W9126G19C0023",""
"STRAUB CONSTRUCTION, INC.","99857936","2","Department of Defense","CA","[object Object],[object Object]","2020-04-02","2286","2026-04-01","N6247311C0405",""
"NATIVE AMERICAN SERVICES CORP.","99483671","29","Department of Defense","AL,AZ,CO,NM,SC,TX,WY","[object Object],[object Object],[object Object],[object Object],[object Object],[object Object],[object Object],[object Object],[object Object],[object Object],[object Object],[object Object],[object Object],[object Object],[object Object],[object Object],[object Object],[object Object],[object Object],[object Object],[object Object],[object Object],[object Object],[object Object],[object Object],[object Object],[object Object],[object Object],[object Object]","2026-03-19","109","2027-03-31","FA251725F0082",""
"R. C. CONSTRUCTION CO., INC.","99328340","2","Department of Defense","NC,SC","[object Object],[object Object]","2024-07-15","721","2026-12-21","W912HN24C3001",""
"RHI LLC","98312793","47","Department of Veterans Affairs | Department of Defense","CO,MT,OK,UT,WI,WY","[object Object],[object Object],[object Object],[object Object],[object Object],[object Object],[object Object],[object Object],[object Object],[object Object],[object Object],[object Object],[object Object],[object Object],[object Object],[object Object],[object Object],[object Object],[object Object],[object Object],[object Object],[object Object],[object Object],[object Object],[object Object],[object Object],[object Object],[object Object],[object Object],[object Object],[object Object],[object Object],[object Object],[object Object],[object Object],[object Object],[object Object],[object Object],[object Object],[object Object],[object Object],[object Object],[object Object],[object Object],[object Object],[object Object],[object Object]","2026-07-06","0","2027-06-10","36C77624C0060",""
"MODERN INTERNATIONAL INC","97115526","21","Department of Defense","GU","[object Object],[object Object],[object Object],[object Object],[object Object],[object Object],[object Object],[object Object],[object Object],[object Object],[object Object],[object Object],[object Object],[object Object],[object Object],[object Object],[object Object],[object Object],[object Object],[object Object],[object Object]","2025-09-24","285","2028-01-06","N4019223F4100",""
"ONSITE CONSTRUCTION GROUP LLC","97003292","68","Department of Veterans Affairs","KS,MO,MT,OK,WY","[object Object],[object Object],[object Object],[object Object],[object Object],[object Object],[object Object],[object Object],[object Object],[object Object],[object Object],[object Object],[object Object],[object Object],[object Object],[object Object],[object Object],[object Object],[object Object],[object Object],[object Object],[object Object],[object Object],[object Object],[object Object],[object Object],[object Object],[object Object],[object Object],[object Object],[object Object],[object Object],[object Object],[object Object],[object Object],[object Object],[object Object],[object Object],[object Object],[object Object],[object Object],[object Object],[object Object],[object Object],[object Object],[object Object],[object Object],[object Object],[object Object],[object Object],[object Object],[object Object],[object Object],[object Object],[object Object],[object Object],[object Object],[object Object],[object Object],[object Object],[object Object],[object Object],[object Object],[object Object],[object Object],[object Object],[object Object],[object Object]","2026-06-25","11","2028-03-10","36C25525C0013",""
"BRYAN 77 CONSTRUCTION JV, LLC","97001738","2","Department of Defense","","[object Object],[object Object]","2023-10-10","1000","2026-07-30","W912GB23C0027",""
"STRATEGIC INDUSTRY INC","96702559","12","Department of Veterans Affairs","CA","[object Object],[object Object],[object Object],[object Object],[object Object],[object Object],[object Object],[object Object],[object Object],[object Object],[object Object],[object Object]","2026-07-13","-7","2028-05-13","36C77622C0089",""
"SKE SUPPORT SERVICES GMBH","96213262","15","Department of Defense","","[object Object],[object Object],[object Object],[object Object],[object Object],[object Object],[object Object],[object Object],[object Object],[object Object],[object Object],[object Object],[object Object],[object Object],[object Object]","2025-09-15","294","2027-09-20","FA560625F0038",""
"INDUSTRIAL MAINTENANCE SERVICES INC","96125900","24","Department of Veterans Affairs","FL,IA,IL,MI,MN,OH,SD,VA,WI","[object Object],[object Object],[object Object],[object Object],[object Object],[object Object],[object Object],[object Object],[object Object],[object Object],[object Object],[object Object],[object Object],[object Object],[object Object],[object Object],[object Object],[object Object],[object Object],[object Object],[object Object],[object Object],[object Object],[object Object]","2026-06-22","14","2027-07-16","36C24620C0018",""
"ASTURIAN-CONSIGLI JV, LLC","95393227","5","Department of Defense","RI,VA","[object Object],[object Object],[object Object],[object Object],[object Object]","2021-09-27","1743","2027-12-15","N4008520F6689",""
"EMCOR GOVERNMENT SERVICES, INC","94300697","2","Department of Defense","TX,VA","[object Object],[object Object]","2019-01-15","2729","2024-01-14","W9127819F0066",""
"SYGNOS INC","94144594","12","Department of Veterans Affairs","CA","[object Object],[object Object],[object Object],[object Object],[object Object],[object Object],[object Object],[object Object],[object Object],[object Object],[object Object],[object Object]","2026-04-01","96","2027-12-31","36C77626C0031",""
"HOWARD W. PENCE, INC.","94112797","16","Department of Defense","AL,FL,IN,KY,MO,NJ,SC","[object Object],[object Object],[object Object],[object Object],[object Object],[object Object],[object Object],[object Object],[object Object],[object Object],[object Object],[object Object],[object Object],[object Object],[object Object],[object Object]","2027-04-10","-278","2027-08-30","W9127822C0014",""
"CER, INCORPORATED","93604242","14","Department of Defense","DC,MD,VA","[object Object],[object Object],[object Object],[object Object],[object Object],[object Object],[object Object],[object Object],[object Object],[object Object],[object Object],[object Object],[object Object],[object Object]","2026-03-11","117","2028-02-04","N4008026F0103",""
"TNT CONSTRUCTORS","92979644","2","Department of Defense","HI","[object Object],[object Object]","2024-09-19","655","2026-11-28","N6247821F4087",""
"SOUTHWIND CONSTRUCTION SERVICES, LLC","92237609","7","Department of Defense","MO,OK,TX","[object Object],[object Object],[object Object],[object Object],[object Object],[object Object],[object Object]","2025-10-10","269","2027-10-03","W912BV22C0012",""
"WICHITA FALLS TRI-TECH, LLC","91101963","14","Department of Veterans Affairs","TX","[object Object],[object Object],[object Object],[object Object],[object Object],[object Object],[object Object],[object Object],[object Object],[object Object],[object Object],[object Object],[object Object],[object Object]","2026-06-17","19","2027-06-30","36C25725C0077",""
"ECC CENTCOM CONSTRUCTORS LLC","90060258","2","Department of Defense","","[object Object],[object Object]","2013-09-11","4681","2023-02-23","0002",""
"EXYTE U.S., INC.","89892070","1","Department of Defense","","[object Object]","2026-02-20","136","2029-04-07","W912ER26CA013",""
"ICM S.P.A.","89857699","2","Department of Defense","","[object Object],[object Object]","2019-09-27","2474","2026-02-22","N6247017C5005",""
"ICELAND PRIME CONTRACTOR LTD","89589689","1","Department of Defense","","[object Object]","2027-01-10","-188","2027-01-27","N6247024C0001",""
"AMERIFIELD JV LLC","88503297","3","Department of Veterans Affairs","CT,NY","[object Object],[object Object],[object Object]","2025-09-13","296","2028-09-04","36C24225C0068",""
"BERING-WESTON JV, LLC","88345618","4","Department of Defense","DC,HI,PA,TX","[object Object],[object Object],[object Object],[object Object]","2024-09-30","644","2028-06-08","W9128A24C0018",""
"MVL-PERCASSI-GEMMO JV LLC","88226700","1","Department of Defense","","[object Object]","2021-06-08","1854","2026-03-10","N6247021C0003",""
"FOX-ESA JV LLC","88223276","3","Department of Veterans Affairs","MO,PA,VA","[object Object],[object Object],[object Object]","2026-05-14","53","2028-07-24","36C77626C0015",""
"ADDON SERVICES LLC","88206536","15","Department of Defense","CA,GU,IL,MD,ME,MI,NM,RI,TX,VA","[object Object],[object Object],[object Object],[object Object],[object Object],[object Object],[object Object],[object Object],[object Object],[object Object],[object Object],[object Object],[object Object],[object Object],[object Object]","2025-09-30","279","2027-10-19","W912DY25FA285",""
"MACRO VANTAGE LEVANT DMCC","87534823","4","Department of Defense","","[object Object],[object Object],[object Object],[object Object]","2025-09-24","285","2026-11-08","W912ER22C0026",""
"CDM CONSTRUCTORS INC.","86891782","6","Department of Defense","","[object Object],[object Object],[object Object],[object Object],[object Object],[object Object]","2025-12-12","206","2027-10-10","W912ER25CA001",""
"RORE, INC.","86080751","14","Department of Defense","CA,HI,WA","[object Object],[object Object],[object Object],[object Object],[object Object],[object Object],[object Object],[object Object],[object Object],[object Object],[object Object],[object Object],[object Object],[object Object]","2026-02-25","131","2027-10-05","N6274226F6510",""
"CARRIGG COMMERCIAL BUILDERS LLC","85994526","15","Department of Veterans Affairs","MA,ME,NH,NY,RI,VT","[object Object],[object Object],[object Object],[object Object],[object Object],[object Object],[object Object],[object Object],[object Object],[object Object],[object Object],[object Object],[object Object],[object Object],[object Object]","2025-08-04","336","2027-05-31","36C24120C0051",""
"HCPA-GARCO JV1","85650000","1","Department of Defense","WA","[object Object]","2025-09-16","293","2029-09-16","FA462025C0005",""
"VETERANS CONTRACTING GROUP, INC.","85263878","7","Department of Veterans Affairs","NY","[object Object],[object Object],[object Object],[object Object],[object Object],[object Object],[object Object]","2026-02-25","131","2028-09-13","36C77626C0002",""
"BRISTOL PRIME CONTRACTORS, LLC","85107035","18","Department of Defense","AK,MD,NV,WA","[object Object],[object Object],[object Object],[object Object],[object Object],[object Object],[object Object],[object Object],[object Object],[object Object],[object Object],[object Object],[object Object],[object Object],[object Object],[object Object],[object Object],[object Object]","2025-09-24","285","2026-11-27","N4425525F0061",""
"JV AFH BAUMHOLDER","85039724","1","Department of Defense","","[object Object]","2022-01-14","1634","2027-02-14","W912GB22C0008",""
"LEAD BUILDERS INC","84893164","7","Department of Defense","CA","[object Object],[object Object],[object Object],[object Object],[object Object],[object Object],[object Object]","2025-05-16","416","2026-09-30","W50S7524C0003",""
"GREENSTONE CONSTRUCTION, INC.","84784253","13","Department of Veterans Affairs | Department of Defense","MN,ND,SD","[object Object],[object Object],[object Object],[object Object],[object Object],[object Object],[object Object],[object Object],[object Object],[object Object],[object Object],[object Object],[object Object]","2026-04-24","73","2027-10-11","36C77624C0133",""
"POINTER CONSTRUCTION GROUP LLC","83919787","8","Department of Veterans Affairs","FL,GA,SC","[object Object],[object Object],[object Object],[object Object],[object Object],[object Object],[object Object],[object Object]","2026-06-09","27","2027-11-17","36C24821C0066",""
"WELCH CONSTRUCTION INC.","83908777","9","Department of Veterans Affairs | Department of Defense","NY","[object Object],[object Object],[object Object],[object Object],[object Object],[object Object],[object Object],[object Object],[object Object]","2025-07-11","360","2027-02-11","36C24222C0062",""
"INSIGHT ENVIRONMENTAL ENGINEERING & CONSTRUCTION, INC.","83814560","4","Department of Defense","CA,NV","[object Object],[object Object],[object Object],[object Object]","2023-07-30","1072","2027-07-12","FA890323F0107",""
"KOMAN CONSTRUCTION LLC","83632206","9","Department of Defense | Department of Homeland Security","AL,AZ,DC,GA,LA,MS,TX","[object Object],[object Object],[object Object],[object Object],[object Object],[object Object],[object Object],[object Object],[object Object]","2025-12-19","199","2027-05-09","W9126G23C0004",""
"CTI COMPANIES, LLC","83182613","5","Department of Defense","AZ,UT","[object Object],[object Object],[object Object],[object Object],[object Object]","2025-12-09","209","2027-12-24","W9123823C0011",""
"BLINDERMANPOWER LLC","83127221","2","Department of Defense","WI","[object Object],[object Object]","2024-05-28","769","2027-12-31","W912QR24C0013",""
"VETERANS NORTHWEST CONSTRUCTION LLC","82819387","12","Department of Veterans Affairs | Department of Defense","WA","[object Object],[object Object],[object Object],[object Object],[object Object],[object Object],[object Object],[object Object],[object Object],[object Object],[object Object],[object Object]","2026-02-20","136","2027-02-20","36C26025C0024",""
"SOUTHEAST CHEROKEE CONSTRUCTION, INC.","82791269","13","Department of Defense","AL,FL,VA","[object Object],[object Object],[object Object],[object Object],[object Object],[object Object],[object Object],[object Object],[object Object],[object Object],[object Object],[object Object],[object Object]","2026-12-26","-173","2027-09-22","FA480023F0265",""
"CCI GENERAL CONTRACTORS, LLC","82626825","9","Department of Defense","DC,FL,ME,OK,VA","[object Object],[object Object],[object Object],[object Object],[object Object],[object Object],[object Object],[object Object],[object Object]","2024-10-30","614","2026-12-17","N6945022C0074",""
"WARA CONSTRUCTION COMPANY LLC","82622579","2","Department of Defense","","[object Object],[object Object]","2019-03-15","2670","2026-08-27","W912ER17C0006",""
"TOKYU CONSTRUCTION CO., LTD.","82173358","2","Department of Defense","","[object Object],[object Object]","2024-05-21","776","2026-03-18","W912HV24C0002",""
"MOUNTAIN POINT, LLC","81930798","8","Department of Defense | Department of State","OK,TX","[object Object],[object Object],[object Object],[object Object],[object Object],[object Object],[object Object],[object Object]","2025-09-27","282","2028-02-03","W9126G22C0041",""
"SERRANO CONSTRUCTION AND DEVELOPMENT CORP.","81797562","22","Department of Defense","GU","[object Object],[object Object],[object Object],[object Object],[object Object],[object Object],[object Object],[object Object],[object Object],[object Object],[object Object],[object Object],[object Object],[object Object],[object Object],[object Object],[object Object],[object Object],[object Object],[object Object],[object Object],[object Object]","2025-09-26","283","2027-08-17","N4019220F4145",""
"AMERESCO INC","80058001","3","Department of Defense","KY,NC","[object Object],[object Object],[object Object]","2021-04-26","1897","2026-02-09","W912QR21C0018",""
"WALSH-WESTERN WOOD JV","79357000","1","Department of Defense","WA","[object Object]","2025-09-30","279","2027-10-11","W912DW25C0031",""
"BETHEL FEDERAL-UNIT JV","78968037","2","Department of Defense","AK","[object Object],[object Object]","2018-02-22","3056","2021-07-30","W911KB17C0022",""
"RELIABLE BUILDERS INC","78720055","7","Department of Defense","GU","[object Object],[object Object],[object Object],[object Object],[object Object],[object Object],[object Object]","2025-09-17","292","2027-04-10","N6274222C1325",""
"BEAR BROTHERS INC","78669992","5","Department of Defense","AL","[object Object],[object Object],[object Object],[object Object],[object Object]","2024-09-30","644","2026-07-06","W50S6N22C0001",""
"ALLIED PACIFIC BUILDERS INC","78607965","17","Department of Defense","GU,HI","[object Object],[object Object],[object Object],[object Object],[object Object],[object Object],[object Object],[object Object],[object Object],[object Object],[object Object],[object Object],[object Object],[object Object],[object Object],[object Object],[object Object]","2026-01-27","160","2028-02-28","N6247822F4459",""
"JABEZ-ABSHER SMALL BUSINESS JOINT VENTURE","77928290","2","Department of Defense","WA","[object Object],[object Object]","2023-09-29","1011","2026-10-04","W912DW23C0026",""
"COVENANT CONSTRUCTION SERVICES LLC","77534579","10","Department of Veterans Affairs","IA,NE","[object Object],[object Object],[object Object],[object Object],[object Object],[object Object],[object Object],[object Object],[object Object],[object Object]","2026-05-11","56","2028-03-23","36C77625C0121",""
"UTILITY SYSTEMS SOLUTIONS, INC.","77425409","12","Department of Veterans Affairs","CA,CO,MT,OK,TX,WY","[object Object],[object Object],[object Object],[object Object],[object Object],[object Object],[object Object],[object Object],[object Object],[object Object],[object Object],[object Object]","2026-05-26","41","2049-05-30","36C77625N0001",""
"TEPA CONSTRUCTION SOLUTIONS, LLC","77297516","5","Department of Defense","GA,WY","[object Object],[object Object],[object Object],[object Object],[object Object]","2024-02-08","879","2026-12-18","W912HN23C4002",""
"EVCON-CWC JV LLC","76945095","5","Department of Defense","MD","[object Object],[object Object],[object Object],[object Object],[object Object]","2026-01-30","157","2027-07-26","N4008025F1096",""
"NVE-HHI JV","76821369","5","Department of Defense","UT","[object Object],[object Object],[object Object],[object Object],[object Object]","2025-12-10","208","2027-06-08","FA820123F0137",""
"TST TACTICAL DEFENSE SOLUTIONS, INC.","75537915","11","Department of Veterans Affairs | Department of Defense","VA","[object Object],[object Object],[object Object],[object Object],[object Object],[object Object],[object Object],[object Object],[object Object],[object Object],[object Object]","2025-09-18","291","2027-08-16","36C77624C0097",""
"NISOU LGC JV II LLC","75531572","6","Department of Defense","FL,GA,MI,MO,NC,SC","[object Object],[object Object],[object Object],[object Object],[object Object],[object Object]","2023-09-25","1015","2026-05-15","W912DQ23C7001",""
"CM CONSTRUCTION SERVICES, INC.","74296795","17","Department of Defense","CA","[object Object],[object Object],[object Object],[object Object],[object Object],[object Object],[object Object],[object Object],[object Object],[object Object],[object Object],[object Object],[object Object],[object Object],[object Object],[object Object],[object Object]","2025-05-13","419","2027-06-10","FA461024F0207",""
"IE-WESTON FEDERAL SERVICES JVB LLC","73569084","4","Department of Defense","CA,HI,IA,TX","[object Object],[object Object],[object Object],[object Object]","2024-09-16","658","2025-12-31","W9128F19F0261",""
"PACIFIC FEDERAL MANAGEMENT INC","73460270","10","Department of Defense","GU","[object Object],[object Object],[object Object],[object Object],[object Object],[object Object],[object Object],[object Object],[object Object],[object Object]","2025-08-21","319","2027-08-19","N6274225F9923",""
"BILLY W. JARRETT CONSTRUCTION COMPANY, INC.","72051655","8","Department of Veterans Affairs | Department of Defense","AL,CT,MA,NH,SC,TX","[object Object],[object Object],[object Object],[object Object],[object Object],[object Object],[object Object],[object Object]","2025-09-24","285","2027-05-05","36C77625C0007",""
"INFRATECH INTERNATIONAL, LLC","72031068","13","Department of Defense","CA,GU","[object Object],[object Object],[object Object],[object Object],[object Object],[object Object],[object Object],[object Object],[object Object],[object Object],[object Object],[object Object],[object Object]","2025-09-04","305","2027-11-22","FA524025F0117",""
"CHUGACH CONSOLIDATED SOLUTIONS, LLC","71995494","9","Department of Defense","GU","[object Object],[object Object],[object Object],[object Object],[object Object],[object Object],[object Object],[object Object],[object Object]","2025-09-08","301","2028-03-24","N4019225F0054",""
"OVERWATCH AMOROSO LLC","71240694","4","Department of Veterans Affairs | Department of Defense","CA","[object Object],[object Object],[object Object],[object Object]","2026-05-11","56","2028-01-05","36C26125C0061",""
"SUMIJU YOKOSUKA KOGYO CO., LTD.","70977620","10","Department of Defense","","[object Object],[object Object],[object Object],[object Object],[object Object],[object Object],[object Object],[object Object],[object Object],[object Object]","2025-02-19","502","2027-01-31","N4008424F4447",""
"CALVARY CONTRACTING INC","70844444","23","Department of Veterans Affairs | General Services Administration","IN,OH","[object Object],[object Object],[object Object],[object Object],[object Object],[object Object],[object Object],[object Object],[object Object],[object Object],[object Object],[object Object],[object Object],[object Object],[object Object],[object Object],[object Object],[object Object],[object Object],[object Object],[object Object],[object Object],[object Object]","2026-07-01","5","2028-04-05","36C25024C0013",""
"PARAMOUNT CONSTRUCTION GROUP, LLC","70267940","29","Department of Veterans Affairs","AL,FL,LA,MS,TN,UT,WY","[object Object],[object Object],[object Object],[object Object],[object Object],[object Object],[object Object],[object Object],[object Object],[object Object],[object Object],[object Object],[object Object],[object Object],[object Object],[object Object],[object Object],[object Object],[object Object],[object Object],[object Object],[object Object],[object Object],[object Object],[object Object],[object Object],[object Object],[object Object],[object Object]","2026-07-08","-2","2027-07-24","36C24724N0021",""
"ECRMJV LLC","70022064","2","Department of Veterans Affairs","FL","[object Object],[object Object]","2021-08-23","1778","2026-09-30","36C10F21C0011",""
"WOLFF & MULLER GOVERNMENT SERVICES ITALIA S.R.L.","69962692","6","Department of Defense","","[object Object],[object Object],[object Object],[object Object],[object Object],[object Object]","2025-07-30","341","2027-11-17","N6247020C0013",""
"WATTS CONTRACK A JV","69769142","1","Department of Defense","HI","[object Object]","2013-12-17","4584","2021-06-18","N6274214C1327",""
"TECHNI-CON, INC","69731664","15","Department of Defense","GU","[object Object],[object Object],[object Object],[object Object],[object Object],[object Object],[object Object],[object Object],[object Object],[object Object],[object Object],[object Object],[object Object],[object Object],[object Object]","2025-09-18","291","2027-07-06","N4019223F4263",""
"FLOYD CONSTRUCTION CORP","69528851","13","Department of Veterans Affairs","KS","[object Object],[object Object],[object Object],[object Object],[object Object],[object Object],[object Object],[object Object],[object Object],[object Object],[object Object],[object Object],[object Object]","2026-04-08","89","2028-09-27","36C77625C0055",""
"BATES ENGINEERS/CONTRACTORS INC","69428324","7","Department of Defense","AL,MS","[object Object],[object Object],[object Object],[object Object],[object Object],[object Object],[object Object]","2026-02-26","130","2027-06-19","W9127823F0476",""
"JOYCE & ASSOCIATES CONSTRUCTION, INC.","69382610","14","Department of Defense","NC","[object Object],[object Object],[object Object],[object Object],[object Object],[object Object],[object Object],[object Object],[object Object],[object Object],[object Object],[object Object],[object Object],[object Object]","2025-09-16","293","2026-09-04","N4008523F4181",""
"DAWES CONSTRUCTION, LLC","69160143","4","Department of Veterans Affairs","CA,TN","[object Object],[object Object],[object Object],[object Object]","2026-06-24","12","2027-11-25","36C77626C0007",""
"BRIDGER NATIONAL CONSTRUCTION LLC","68811830","11","Department of Veterans Affairs","CO,IL,OK,UT,WY","[object Object],[object Object],[object Object],[object Object],[object Object],[object Object],[object Object],[object Object],[object Object],[object Object],[object Object]","2026-05-20","47","2028-04-25","36C77625C0014",""
"DAVID BOLAND INC","68647476","3","Department of Defense","FL,NC,ND","[object Object],[object Object],[object Object]","2024-06-20","746","2026-08-31","W912QR24C0016",""
"KREMPP CONSTRUCTION INC","68635731","13","Department of Defense","IN","[object Object],[object Object],[object Object],[object Object],[object Object],[object Object],[object Object],[object Object],[object Object],[object Object],[object Object],[object Object],[object Object]","2025-12-11","207","2027-01-30","N4008520C0057",""
"STRONGHOLD ENGINEERING INC","68328450","1","Department of Defense","HI","[object Object]","2024-07-31","705","2027-12-18","N6247824F4206",""
"DANIELS BUILDING CO INC","68270211","13","Department of Veterans Affairs","MI","[object Object],[object Object],[object Object],[object Object],[object Object],[object Object],[object Object],[object Object],[object Object],[object Object],[object Object],[object Object],[object Object]","2025-11-20","228","2027-03-19","36C77624C0154",""
"ARGUS CJW JV 3 LLC","67955135","18","Department of Defense","MD,PA,VA","[object Object],[object Object],[object Object],[object Object],[object Object],[object Object],[object Object],[object Object],[object Object],[object Object],[object Object],[object Object],[object Object],[object Object],[object Object],[object Object],[object Object],[object Object]","2025-12-22","196","2027-08-31","FA286023F0025",""
"HAWAIIAN DREDGING CONSTRUCTION COMPANY, INC","67642966","1","Department of Defense","HI","[object Object]","2017-08-21","3241","2022-05-21","N6274217C1307",""
"VETERANS DEVELOPMENT CORPORATION, INC.","67607219","15","Department of Veterans Affairs | Department of Defense","MA,NH","[object Object],[object Object],[object Object],[object Object],[object Object],[object Object],[object Object],[object Object],[object Object],[object Object],[object Object],[object Object],[object Object],[object Object],[object Object]","2025-12-30","188","2027-09-20","36C24123C0093",""
"DIVERSIFIED CONSTRUCTION OF OKLAHOMA, INC.","67476152","10","Department of Defense","OK","[object Object],[object Object],[object Object],[object Object],[object Object],[object Object],[object Object],[object Object],[object Object],[object Object]","2025-09-27","282","2026-08-17","W912BV24C0021",""
"KRE JV, LLC","66409950","1","Department of Defense","OK","[object Object]","2025-10-10","269","2027-12-01","W912BV25CA007",""
"ALLIANT TECHSYSTEMS OPERATIONS LLC","66099567","2","Department of Defense","WV","[object Object],[object Object]","2011-04-05","5571","2024-11-18","N0002411E4310",""
"CLARK BLINDERMAN, JOINT VENTURE","66033246","1","Department of Defense","IL","[object Object]","2018-07-30","2898","2021-05-07","N4008518C8707",""
"ARMCORP CONSTRUCTION INC","65969234","24","Department of Veterans Affairs | General Services Administration | Department of Defense","IN,MI,OH","[object Object],[object Object],[object Object],[object Object],[object Object],[object Object],[object Object],[object Object],[object Object],[object Object],[object Object],[object Object],[object Object],[object Object],[object Object],[object Object],[object Object],[object Object],[object Object],[object Object],[object Object],[object Object],[object Object],[object Object]","2026-07-01","5","2027-11-29","36C25018C0087",""
"JV AFH REPLACEMENT BAUMHOLDER","65872865","1","Department of Defense","","[object Object]","2023-09-01","1039","2026-12-23","W912GB23C0018",""
"AHTNA-CDM SMITH JV","65599362","7","Department of Defense","AL,AR,CA,KS,NH","[object Object],[object Object],[object Object],[object Object],[object Object],[object Object],[object Object]","2024-04-08","819","2026-09-11","FA462124F0017",""
"HGL CONSTRUCTION INC","64932648","9","Department of Defense","AR,OK,TX","[object Object],[object Object],[object Object],[object Object],[object Object],[object Object],[object Object],[object Object],[object Object]","2024-09-27","647","2026-07-13","W912BV21C0003",""
"R.E.D. CONSTRUCTION SERVICES, LLC","64751755","3","Department of Veterans Affairs","MO","[object Object],[object Object],[object Object]","2024-08-08","697","2027-03-02","36C77623C0114",""
"NATIONAL NATIVE AMERICAN CONSTRUCTION, INC.","63531587","15","General Services Administration | Department of Defense","ID,LA,OK,TX,WA","[object Object],[object Object],[object Object],[object Object],[object Object],[object Object],[object Object],[object Object],[object Object],[object Object],[object Object],[object Object],[object Object],[object Object],[object Object]","2026-03-02","126","2027-12-31","47PD5426F0052",""
"VETERAN DESIGN & CONSTRUCTION INC","63082836","10","Department of Veterans Affairs","MD,PA,WV","[object Object],[object Object],[object Object],[object Object],[object Object],[object Object],[object Object],[object Object],[object Object],[object Object]","2026-02-06","150","2028-06-30","36C24522C0022",""
"GBA BUILDERS LLC","62918851","2","Department of Defense","IA,KS","[object Object],[object Object]","2024-09-19","655","2027-06-29","W912QR24C0034",""
"THE TREVINO GROUP, INC.","62330867","6","Department of Veterans Affairs","TX","[object Object],[object Object],[object Object],[object Object],[object Object],[object Object]","2025-11-04","244","2027-11-04","36C77626C0014",""
"CLARK/BYRNE AQUATICS, A JOINT VENTURE","61592356","1","Department of Defense","TX","[object Object]","2021-07-05","1827","2024-03-19","W9126G21C0012",""
"PATRICIA I. ROMERO, INC.","61523168","15","Department of Defense","CA,NV","[object Object],[object Object],[object Object],[object Object],[object Object],[object Object],[object Object],[object Object],[object Object],[object Object],[object Object],[object Object],[object Object],[object Object],[object Object]","2025-09-16","293","2027-04-06","W912PL22C0007",""
"TEPE BOZDEMIR ORTAK GIRISIMI","61278450","1","Department of Defense","","[object Object]","2021-08-09","1792","2025-12-20","W912GB21C0022",""
"AL GHANIM COMBINED GROUP CO. GEN. TRAD. & CONT. WLL","61097494","3","Department of Defense","","[object Object],[object Object],[object Object]","2026-02-04","152","2027-10-09","W912ER26CA009",""
"BRANTLEY CONSTRUCTION SERVICES, LLC","61020854","6","Department of Defense","FL,NC","[object Object],[object Object],[object Object],[object Object],[object Object],[object Object]","2025-07-24","347","2027-02-22","N6945024F0147",""
"EXEO-NAKAMOTO KOGYO JV","60845603","1","Department of Defense","","[object Object]","2025-03-14","479","2027-10-01","W912HV25C0003",""
"REASOR-ASTURIAN JV, LLC","60229567","5","Department of Defense","LA,NC,TX","[object Object],[object Object],[object Object],[object Object],[object Object]","2024-09-29","645","2026-11-15","W9126G23F0350",""
"VRD CONTRACTING INC","60026596","4","Department of Defense","NY","[object Object],[object Object],[object Object],[object Object]","2025-10-20","259","2027-05-13","W50S8E23C0003",""
"NASER MOHAMMED AL-BADDAH & PARTNER GENERAL TRADING & CONTRACTING CO.","59828710","1","Department of Defense","","[object Object]","2022-05-19","1509","2026-04-21","W912ER22C0013",""
"A & K CONSTRUCTION INC","59754923","1","Department of Defense","TN","[object Object]","2020-09-30","2105","2024-09-28","W912QR20C0054",""
"TL SERVICES, INC.","59615770","10","Department of Veterans Affairs","FL,IL","[object Object],[object Object],[object Object],[object Object],[object Object],[object Object],[object Object],[object Object],[object Object],[object Object]","2025-08-05","335","2028-09-14","36C77625C0067",""
"HAKO PLUMBING, INC.","59195401","11","Department of Defense","HI","[object Object],[object Object],[object Object],[object Object],[object Object],[object Object],[object Object],[object Object],[object Object],[object Object],[object Object]","2025-01-16","536","2027-05-01","N6247822F4095",""
"EKLUTNA CONSTRUCTION & MAINTENANCE, LLC","58025668","8","General Services Administration | Department of Defense","AK","[object Object],[object Object],[object Object],[object Object],[object Object],[object Object],[object Object],[object Object]","2025-09-30","279","2028-09-19","47PL0123F0059",""
"ROUNDHOUSE-MV JV","57960361","5","Department of Defense","FL,GA,SD","[object Object],[object Object],[object Object],[object Object],[object Object]","2025-01-24","528","2026-04-21","W912QR22C0023",""
"WOLFF & MÜLLER GOVERNMENT SERVICES GMBH & CO. KG","57930819","12","Department of Defense","","[object Object],[object Object],[object Object],[object Object],[object Object],[object Object],[object Object],[object Object],[object Object],[object Object],[object Object],[object Object]","2026-03-02","126","2028-03-07","W912GB25F0027",""
"NLGC JV LLC","57515880","3","Department of Defense","GA,MI,NC","[object Object],[object Object],[object Object]","2025-06-01","400","2026-08-29","W912HN24C4001",""
"KLUTINA RIVER CONTRACTORS","57489007","1","Department of Defense","IA","[object Object]","2019-12-12","2398","2021-10-31","W9128F20F0046",""
"MIG GOV, LLC","57317175","13","Department of Defense","VA","[object Object],[object Object],[object Object],[object Object],[object Object],[object Object],[object Object],[object Object],[object Object],[object Object],[object Object],[object Object],[object Object]","2025-09-24","285","2028-05-10","N4008525F0691",""
"MILICON INC","57098551","9","Department of Veterans Affairs","FL","[object Object],[object Object],[object Object],[object Object],[object Object],[object Object],[object Object],[object Object],[object Object]","2025-10-01","278","2027-05-02","36C77625C0010",""
"NADIAD INC","56559618","8","Department of Defense","ME,NH","[object Object],[object Object],[object Object],[object Object],[object Object],[object Object],[object Object],[object Object]","2025-09-16","293","2027-01-14","N4008523F6254",""
"HARKINS BUILDERS, INC.","55810206","2","Department of Defense","MD","[object Object],[object Object]","2024-01-26","892","2026-08-14","N4008024C0004",""
"MICKAN GENERALBAUGESELLSCHAFT AMBERG MBH & CO. KG","55620816","16","Department of Defense","","[object Object],[object Object],[object Object],[object Object],[object Object],[object Object],[object Object],[object Object],[object Object],[object Object],[object Object],[object Object],[object Object],[object Object],[object Object],[object Object]","2026-03-02","126","2027-12-04","W912GB20F0419",""
"STRUCTURAL ASSOCIATES INC","55518168","4","Department of Defense","MA,NY,RI","[object Object],[object Object],[object Object],[object Object]","2025-04-01","461","2026-11-16","W912DS21C0015",""
"THOMPSON BUILDERS CORP","55321553","1","Department of Defense","CA","[object Object]","2022-03-03","1586","2026-11-19","W50S8X21C0001",""
"CJW JOINT VENTURE","55254638","8","Department of Defense","CA","[object Object],[object Object],[object Object],[object Object],[object Object],[object Object],[object Object],[object Object]","2025-09-18","291","2027-08-02","N6247325F0375",""
"R-CON CONSTRUCTION INC","54750587","16","Department of Defense","NM","[object Object],[object Object],[object Object],[object Object],[object Object],[object Object],[object Object],[object Object],[object Object],[object Object],[object Object],[object Object],[object Object],[object Object],[object Object],[object Object]","2025-09-24","285","2027-02-18","FA480122F0086",""
"FAITH ENTERPRISES INCORPORATED","54502679","12","Department of Veterans Affairs","AZ,CO,NM,WY","[object Object],[object Object],[object Object],[object Object],[object Object],[object Object],[object Object],[object Object],[object Object],[object Object],[object Object],[object Object]","2025-10-06","273","2026-10-08","36C25920C0173",""
"LOBAR INC","54498825","2","Department of Defense","PA,WV","[object Object],[object Object]","2023-09-19","1021","2026-03-20","W912DR23C0031",""
"JSK DIEGO SERVICES LLC","54080368","18","Department of Defense","","[object Object],[object Object],[object Object],[object Object],[object Object],[object Object],[object Object],[object Object],[object Object],[object Object],[object Object],[object Object],[object Object],[object Object],[object Object],[object Object],[object Object],[object Object]","2025-09-30","279","2026-12-18","N4008422F4337",""
"SEONG BO CONST.IND.CO.,LTD.","54078175","7","Department of Defense","","[object Object],[object Object],[object Object],[object Object],[object Object],[object Object],[object Object]","2025-09-30","279","2028-01-03","W912UM24C0005",""
"ZODIAC-POETTKER HBZ JOINT VENTURE III, LLC","54050540","2","Department of Defense","IL,OH","[object Object],[object Object]","2024-08-01","704","2027-05-13","W912QR24C0022",""
"PROJECT MANAGEMENT SOLUTIONS LLC","53609625","6","Department of Veterans Affairs","PR","[object Object],[object Object],[object Object],[object Object],[object Object],[object Object]","2026-04-22","75","2028-09-05","36C24820N0937",""
"QA ENGINEERING LLC","53189939","8","Department of Defense","NM","[object Object],[object Object],[object Object],[object Object],[object Object],[object Object],[object Object],[object Object]","2024-10-28","616","2027-04-21","W912PP23F0028",""
"P & R JV","53163305","2","Department of Defense","KY","[object Object],[object Object]","2022-12-29","1285","2025-07-16","W912QR23C0005",""
"HEFFLER CONTRACTING GROUP","53136243","4","Department of Defense","CA","[object Object],[object Object],[object Object],[object Object]","2023-08-08","1063","2026-02-28","N6247321F5104",""
"KLEBL GMBH","52810250","7","Department of Defense","","[object Object],[object Object],[object Object],[object Object],[object Object],[object Object],[object Object]","2025-09-11","298","2027-07-19","W912GB25F0085",""
"FDCD II JOINT VENTURE, LLC","52653587","4","Department of Veterans Affairs","DE,PA","[object Object],[object Object],[object Object],[object Object]","2026-02-05","151","2027-02-05","36C77625C0125",""
"NAKASATO CONTRACTING LLC","52520590","5","Department of Defense","HI","[object Object],[object Object],[object Object],[object Object],[object Object]","2025-10-15","264","2028-03-25","W9128A25FA027",""
"A & H-AMBICA JV LLC","52336139","11","Department of Defense","GA,MI,OH,TX","[object Object],[object Object],[object Object],[object Object],[object Object],[object Object],[object Object],[object Object],[object Object],[object Object],[object Object]","2025-12-15","203","2028-11-28","W912HP23F6006",""
"V. LOPEZ JR. & SONS GENERAL ENGINEERING CONTRACTORS, INC","52327675","10","Department of Veterans Affairs | Department of Defense","CA,OR","[object Object],[object Object],[object Object],[object Object],[object Object],[object Object],[object Object],[object Object],[object Object],[object Object]","2025-09-10","299","2027-03-25","36C26125C0039",""
"LEMOINE - FRAZIER JV LLC","52207265","3","Department of Defense","LA","[object Object],[object Object],[object Object]","2024-09-16","658","2026-10-22","W9126G23F0363",""
"U.S. VET GENERAL CONTRACTING, LLC","51600013","12","Department of Veterans Affairs | Department of Defense","WI","[object Object],[object Object],[object Object],[object Object],[object Object],[object Object],[object Object],[object Object],[object Object],[object Object],[object Object],[object Object]","2026-03-06","122","2027-04-28","36C25225C0015",""
"CORE TECH-HAWAIIAN DREDGING LLC","51501823","1","Department of Defense","GU","[object Object]","2020-09-16","2119","2023-06-16","N6274220C1324",""
"WHH NISQUALLY-GARCO JV 2","51481875","2","Department of Defense","WA","[object Object],[object Object]","2020-09-29","2106","2025-02-13","W912DW20C0021",""
"ANNA LISA LUNA CONSTRUCTION, INC.","51221394","8","Department of Defense","CA","[object Object],[object Object],[object Object],[object Object],[object Object],[object Object],[object Object],[object Object]","2026-04-03","94","2027-05-10","FA930123F0255",""
"SES CIVIL AND ENVIRONMENTAL LLC","50823402","5","Department of Defense","FL,MO,MS,NC","[object Object],[object Object],[object Object],[object Object],[object Object]","2023-09-11","1029","2027-02-17","W912DQ23C7002",""
"RELIANCE CONSTRUCTION MANAGEMENT COMPANY","50787244","7","Department of Defense","AL,CA,DC,MA,VA","[object Object],[object Object],[object Object],[object Object],[object Object],[object Object],[object Object]","2025-09-30","279","2027-02-26","W912DY25F0110",""
"CONTRACK WATTS-UEJO KOGYO JV","50461365","1","Department of Defense","","[object Object]","2017-09-28","3203","2021-03-31","W912HV17F0046",""
"DAX/GBAB JV 3, LLC","50387035","4","Department of Veterans Affairs | Department of Defense","KS,MN","[object Object],[object Object],[object Object],[object Object]","2023-09-12","1028","2026-07-24","36C77622C0154",""
"PACIFIC DESIGN BUILDERS, LLC","50347954","3","Department of Defense","HI","[object Object],[object Object],[object Object]","2025-11-01","247","2028-10-08","W9128A25CA003",""
"NORTH WIND CONSTRUCTION SERVICES LLC","50344136","14","Department of Defense","NV","[object Object],[object Object],[object Object],[object Object],[object Object],[object Object],[object Object],[object Object],[object Object],[object Object],[object Object],[object Object],[object Object],[object Object]","2025-09-02","307","2027-05-08","FA486121F0359",""
"STRUCTURAL BUILDERS, INC.","50330546","16","Department of Veterans Affairs","AL,GA","[object Object],[object Object],[object Object],[object Object],[object Object],[object Object],[object Object],[object Object],[object Object],[object Object],[object Object],[object Object],[object Object],[object Object],[object Object],[object Object]","2024-06-10","756","2027-05-27","36C24723N0489",""
"RILEY CONTRACTING GROUP, INC.","50153203","7","Department of Veterans Affairs","NC","[object Object],[object Object],[object Object],[object Object],[object Object],[object Object],[object Object]","2026-06-24","12","2028-06-24","36C77626C0042",""
"CIANBRO- AZ A JOINT VENTURE","50084816","1","Department of Defense","MA","[object Object]","2021-06-17","1845","2023-10-29","W912QR21C0025",""
"SAHARA PALMS INC","49721804","9","Department of Defense","UT","[object Object],[object Object],[object Object],[object Object],[object Object],[object Object],[object Object],[object Object],[object Object]","2025-10-01","278","2026-11-29","FA820125F0256",""
"GRANITE-OBAYASHI A JOINT VENTURE","49635119","1","Department of Defense","GU","[object Object]","2021-02-25","1957","2024-08-07","N6274221C1338",""
"GREEN-VEG JV CONSTRUCTION SERVICES, LLC","49591628","3","Department of Veterans Affairs","OH","[object Object],[object Object],[object Object]","2022-09-14","1391","2026-05-01","36C77622C0118",""
"G2I JBI LLC","49334575","17","Department of Defense","CO,NM","[object Object],[object Object],[object Object],[object Object],[object Object],[object Object],[object Object],[object Object],[object Object],[object Object],[object Object],[object Object],[object Object],[object Object],[object Object],[object Object],[object Object]","2025-10-10","269","2027-04-10","W911RZ24F0049",""
"DANNER CONSTRUCTION CO INC","49100458","9","Department of Defense","FL","[object Object],[object Object],[object Object],[object Object],[object Object],[object Object],[object Object],[object Object],[object Object]","2025-10-13","266","2027-05-12","FA481425F0165",""
"DAWSON TECHNICAL, INC.","48800000","2","Department of Defense","HI","[object Object],[object Object]","2025-12-22","196","2029-04-25","N6247826F0001",""
"COMMERCIAL CONTRACTING CORP","48455247","2","Department of Defense","IN,MI","[object Object],[object Object]","2025-08-28","312","2029-04-24","W912QR24C0039",""
"HDD JV","48330665","4","Department of Defense","MD,WV","[object Object],[object Object],[object Object],[object Object]","2025-09-30","279","2027-07-24","W912QR23F0100",""
"VIRTEXCO CORP","48088230","7","Department of Defense","VA","[object Object],[object Object],[object Object],[object Object],[object Object],[object Object],[object Object]","2026-11-15","-132","2027-12-21","N4008524F6587",""
"TECC CORPORATION","47912410","13","Department of Defense","","[object Object],[object Object],[object Object],[object Object],[object Object],[object Object],[object Object],[object Object],[object Object],[object Object],[object Object],[object Object],[object Object]","2026-04-26","71","2027-12-23","W912HV23C0015",""
"E.W. HOWELL CO., LLC","47871423","1","Department of Defense","NY","[object Object]","2023-10-18","992","2026-02-03","W912DS23C0025",""
"PORTICO SERVICES LLC","47824267","1","Department of Defense","HI","[object Object]","2020-10-26","2079","2026-03-31","FA489021F0009",""
"MITCHELL BROTHERS INC","47707657","7","Department of Defense","SC","[object Object],[object Object],[object Object],[object Object],[object Object],[object Object],[object Object]","2025-02-24","497","2027-01-21","N4008525F4757",""
"KRIMA CONSTRUCTION CORP.","47036704","10","Department of Defense","","[object Object],[object Object],[object Object],[object Object],[object Object],[object Object],[object Object],[object Object],[object Object],[object Object]","2026-03-03","125","2027-12-20","W912UM24C0009",""
"EMERSON CONSTRUCTION COMPANY, INC.","46961412","3","Department of Defense","TX","[object Object],[object Object],[object Object]","2025-07-31","340","2027-05-09","W9126G25C0010",""
"SUNGLIM ENGINEERING & CONSTRUCTION CO., LTD","46805005","13","Department of Defense","","[object Object],[object Object],[object Object],[object Object],[object Object],[object Object],[object Object],[object Object],[object Object],[object Object],[object Object],[object Object],[object Object]","2026-01-15","172","2028-05-04","W912UM22C0011",""
"MCKNIGHT CONSTRUCTION CO.","46730893","1","Department of Defense","GA","[object Object]","2020-09-18","2117","2026-06-12","W912HN20C3007",""
"D7, LLC","46678323","8","Department of Defense | Department of Justice","CA,HI,NM,TX","[object Object],[object Object],[object Object],[object Object],[object Object],[object Object],[object Object],[object Object]","2025-07-22","349","2026-05-29","W9128A22C0020",""
"EXP FEDERAL INC.","46645872","5","Department of Defense","DC,TN","[object Object],[object Object],[object Object],[object Object],[object Object]","2024-03-01","857","2026-05-09","FA910123FB037",""
"CHEROKEE CRC LLC","46419578","3","Department of Defense","PA","[object Object],[object Object],[object Object]","2024-09-30","644","2027-03-17","HQ003424F0722",""
"ALGHANIM INTERNATIONAL GENERAL TRADING AND CONTRACTING COMPANY","46409802","1","Department of Defense","","[object Object]","2024-06-06","760","2026-10-01","W912ER24C0005",""
"QBS INC","46344559","9","Department of Defense","FL,KY,OH,SC,TN","[object Object],[object Object],[object Object],[object Object],[object Object],[object Object],[object Object],[object Object],[object Object]","2025-09-30","279","2027-09-30","W912QR25CA013",""
"LORD & SON CONSTRUCTION, INC.","46130008","2","Department of Defense","FL","[object Object],[object Object]","2020-09-22","2113","2025-08-06","W9127819C0023",""
"GLOBAL ENGINEERING & CONSTRUCTION, LLC","45758043","6","Department of Defense","AL,AZ,LA,NY,VA","[object Object],[object Object],[object Object],[object Object],[object Object],[object Object]","2025-09-25","284","2027-03-12","W9127S24F6013",""
"KEE SOLUTIONS LLC","45707160","15","Department of Veterans Affairs","CT,FL,MA,ME,RI","[object Object],[object Object],[object Object],[object Object],[object Object],[object Object],[object Object],[object Object],[object Object],[object Object],[object Object],[object Object],[object Object],[object Object],[object Object]","2026-06-29","7","2027-12-24","36C24822C0137",""
"ROUNDHOUSE PBN - TEPA EC 2 JOINT VENTURE","45490494","1","Department of Defense","GA","[object Object]","2024-09-27","647","2027-06-22","W912HN24C4007",""
"WARDEN CONSTRUCTION CORPORATION","45434699","8","Department of Defense","FL,OK","[object Object],[object Object],[object Object],[object Object],[object Object],[object Object],[object Object],[object Object]","2025-08-01","339","2028-01-28","W50S6Y25CA001",""
"KRBCFS-MAGUIRE O'HARA JOINT VENTURE","45069248","1","Department of Defense","OK","[object Object]","2023-10-02","1008","2025-09-15","FA813723C0011",""
"BARON-RAND JV LLC","44984398","9","Department of Defense","VA","[object Object],[object Object],[object Object],[object Object],[object Object],[object Object],[object Object],[object Object],[object Object]","2025-02-24","497","2028-07-06","N4008524F4995",""
"PORT MADISON CONSTRUCTION CORPORATION","44980582","13","Department of Defense","AK,WA","[object Object],[object Object],[object Object],[object Object],[object Object],[object Object],[object Object],[object Object],[object Object],[object Object],[object Object],[object Object],[object Object]","2025-09-19","290","2027-02-11","N4425525F0216",""
"AKTOR S.A","44408350","1","Department of Defense","","[object Object]","2025-05-23","409","2027-12-06","N6247025C9003",""
"EIFFAGE INFRAESTRUCTURAS SAU","44288016","8","Department of Defense","","[object Object],[object Object],[object Object],[object Object],[object Object],[object Object],[object Object],[object Object]","2025-08-27","313","2027-05-31","W912GB22F0004",""
"MONUMENT CONSTRUCTION SERVICES, LLC","44156242","31","Department of Veterans Affairs","CT,MA,ME,NY,PA,RI,TX,VT","[object Object],[object Object],[object Object],[object Object],[object Object],[object Object],[object Object],[object Object],[object Object],[object Object],[object Object],[object Object],[object Object],[object Object],[object Object],[object Object],[object Object],[object Object],[object Object],[object Object],[object Object],[object Object],[object Object],[object Object],[object Object],[object Object],[object Object],[object Object],[object Object],[object Object],[object Object]","2026-07-20","-14","2028-03-27","36C24126N0678",""
"SALAS O'BRIEN FEDERAL, LLC","44150111","1","Department of Defense","TN","[object Object]","2025-09-30","279","2028-09-19","W912EQ25CA005",""
"DIRECT STEEL LLC","44091502","2","Department of Defense","TX","[object Object],[object Object]","2022-09-21","1384","2026-01-27","W9126G22C0029",""
"ROY ANDERSON CORP","44067533","1","Department of Veterans Affairs","MS","[object Object]","2014-06-15","4404","2021-01-22","VA101F14C0021",""
"ASHFORD LEEBCOR ENTERPRISES II LLC","44052323","1","Department of Defense","FL","[object Object]","2019-09-30","2471","2022-07-30","W9127819C0034",""
"GREENLAND ENTERPRISES, INC.","43990236","2","Department of Veterans Affairs | Department of Defense","CT,NY","[object Object],[object Object]","2021-08-23","1778","2026-09-30","36C24118N9689",""
"JV JOC GERMANY BMS","43901213","17","Department of Defense","","[object Object],[object Object],[object Object],[object Object],[object Object],[object Object],[object Object],[object Object],[object Object],[object Object],[object Object],[object Object],[object Object],[object Object],[object Object],[object Object],[object Object]","2026-09-23","-79","2028-03-06","W912GB26FA056",""
"CHICKASAW DEFENSE GROUP, LLC","43497606","1","Department of Defense","MD","[object Object]","2025-09-29","280","2027-11-14","N0017425C0009",""
"DTS P&L JV2","43409343","10","Department of Defense","WA","[object Object],[object Object],[object Object],[object Object],[object Object],[object Object],[object Object],[object Object],[object Object],[object Object]","2025-08-22","318","2028-01-17","N4425525F0176",""
"NIRAM INC","43337000","1","Department of Veterans Affairs","NJ","[object Object]","2026-06-11","25","2029-01-26","36C77626C0043",""
"VHB, LLC","43154798","4","Department of Defense","FL,LA","[object Object],[object Object],[object Object],[object Object]","2024-09-13","661","2026-12-04","N6945022F0965",""
"CDM/CAPE, A JOINT VENTURE","42983144","2","Department of Defense","NH,NY","[object Object],[object Object]","2025-02-26","495","2027-05-12","FA890321F0123",""
"CWI-OCC WEAVERS JV","42981945","1","Department of Defense","","[object Object]","2019-05-30","2594","2022-12-30","W912ER19F0057",""
"WU & ASSOCIATES INC","42802883","4","Department of Defense","CA,NV","[object Object],[object Object],[object Object],[object Object]","2025-12-09","209","2027-10-21","W912PL25CA018",""
"BRYAN ASHUSH JV","42791376","1","Department of Defense","","[object Object]","2023-07-27","1075","2028-01-22","W912GB23C0005",""
"ACTY CO., LTD.","42585374","12","Department of Defense","","[object Object],[object Object],[object Object],[object Object],[object Object],[object Object],[object Object],[object Object],[object Object],[object Object],[object Object],[object Object]","2025-12-15","203","2027-11-16","FA520923F0195",""
"CCI GROUP, LLC","42423587","2","Department of Defense","FL,GA","[object Object],[object Object]","2022-09-02","1403","2026-05-05","N6945022F0834",""
"ARCTIC PEAK LLC","42341751","12","Department of Defense | Department of Homeland Security","FL,MD,VA","[object Object],[object Object],[object Object],[object Object],[object Object],[object Object],[object Object],[object Object],[object Object],[object Object],[object Object],[object Object]","2025-12-18","200","2026-10-02","N0042124C0086",""
"AYKO GROUP-WA PATRIOT JV, LLC","42259603","10","Department of Defense","HI,WA","[object Object],[object Object],[object Object],[object Object],[object Object],[object Object],[object Object],[object Object],[object Object],[object Object]","2025-12-08","210","2027-09-23","N4425525F4082",""
"AMES 1- HWH JV, LLC","42170477","1","Department of Defense","TX","[object Object]","2020-09-29","2106","2024-12-18","W9126G20C0053",""
"BOYER COMMERCIAL CONSTRUCTION INC","42168763","6","Department of Veterans Affairs | Department of Defense","SC","[object Object],[object Object],[object Object],[object Object],[object Object],[object Object]","2025-09-30","279","2027-04-29","36C24723N0408",""
"PER AARSLEFF A/S","42145926","1","Department of Defense","","[object Object]","2014-07-21","4368","2017-09-01","W912DS14C0016",""
"ROUNDHOUSE PBN, LLC","42038635","3","Department of Defense","KS,MT,TX","[object Object],[object Object],[object Object]","2023-09-15","1025","2027-05-03","FA890322F0079",""
"CAPEX CONSTRUCTION LLC","41725560","13","Department of Veterans Affairs","AZ,CA,NV,UT","[object Object],[object Object],[object Object],[object Object],[object Object],[object Object],[object Object],[object Object],[object Object],[object Object],[object Object],[object Object],[object Object]","2026-03-31","97","2027-03-26","36C26124C0042",""
"HICAPS INC","41715035","5","Department of Veterans Affairs","NC,VA","[object Object],[object Object],[object Object],[object Object],[object Object]","2023-10-15","995","2026-10-23","36C24619C0030",""
"BILBRO CONSTRUCTION COMPANY, INC.","41693697","3","Department of Defense","CA","[object Object],[object Object],[object Object]","2025-09-29","280","2027-10-25","W912QR25CA037",""
"ALUTIIQ GENERAL CONTRACTORS, LLC","41565571","2","Department of Defense","AK,HI","[object Object],[object Object]","2018-09-14","2852","2025-07-01","W912J617C0001",""
"DSQ-API JV LLP","41304627","14","Department of Veterans Affairs | Department of Defense","CA,HI","[object Object],[object Object],[object Object],[object Object],[object Object],[object Object],[object Object],[object Object],[object Object],[object Object],[object Object],[object Object],[object Object],[object Object]","2025-09-04","305","2027-01-25","36C26224C0248",""
"APTIM-TOKYU CONSTRUCTION JV, LLC","40933783","1","Department of Defense","GU","[object Object]","2022-01-05","1643","2024-04-24","N6274222F9924",""
"CTA CONSTRUCTION MANAGERS, LLC","40837562","1","Department of Defense","MA","[object Object]","2020-06-30","2197","2024-11-13","W912WJ20C0007",""
"AFCI-CCI JV ONE LLC","40607966","4","Department of Veterans Affairs","NY,WI","[object Object],[object Object],[object Object],[object Object]","2021-12-15","1664","2026-09-19","36C24221C0144",""
"MACRO-Z-TECHNOLOGY COMPANY","40493115","7","Department of Defense","CA","[object Object],[object Object],[object Object],[object Object],[object Object],[object Object],[object Object]","2026-03-20","108","2027-10-11","W912HP23F6008",""
"THE CONSTRUCTION SERVICES GROUP INC","40309791","6","Department of Veterans Affairs | Department of Defense","GA,SC","[object Object],[object Object],[object Object],[object Object],[object Object],[object Object]","2024-05-15","782","2026-09-25","36C24719N0948",""
"HESS CONSTRUCTION COMPANY, LLC","40296281","1","Department of Defense","MD","[object Object]","2022-02-02","1615","2026-06-30","N4008022C0005",""
"SKYTEK LLC","40112145","12","Department of Veterans Affairs","OR,WA","[object Object],[object Object],[object Object],[object Object],[object Object],[object Object],[object Object],[object Object],[object Object],[object Object],[object Object],[object Object]","2026-05-05","62","2028-01-29","36C26021N0596",""
"IRON SWORD ENTERPRISES, LLC","40092896","10","Department of Veterans Affairs | Department of Defense","MA,NY","[object Object],[object Object],[object Object],[object Object],[object Object],[object Object],[object Object],[object Object],[object Object],[object Object]","2026-04-10","87","2028-09-30","36C24224C0136",""
"NISOU ENTERPRISES INC","39980221","2","Department of Defense","AL,VA","[object Object],[object Object]","2025-05-14","418","2027-07-14","W9123625C2009",""
"BRISTOL-EDT JV LLC","39932261","2","Department of Defense","GA","[object Object],[object Object]","2023-10-25","985","2026-10-28","W912HN23C3006",""
"ETOLIN STRAIT DEVELOPMENT GROUP LLC","39913245","11","Department of Defense","GA,NC,SC,VA","[object Object],[object Object],[object Object],[object Object],[object Object],[object Object],[object Object],[object Object],[object Object],[object Object],[object Object]","2025-09-27","282","2027-02-18","N4008524C0025",""
"ABHZEEN ICC JV INC.","39906000","1","Department of Defense","NY","[object Object]","2024-09-26","648","2028-01-26","W911SD24C0009",""
"KELLIE W. TIPTON CONSTRUCTION CO, INC","39408857","5","Department of Defense","KY","[object Object],[object Object],[object Object],[object Object],[object Object]","2025-08-25","315","2026-11-03","W9124823F3064",""
"MSC DESIGN BUILD LLC","39262631","13","Department of Veterans Affairs","UT","[object Object],[object Object],[object Object],[object Object],[object Object],[object Object],[object Object],[object Object],[object Object],[object Object],[object Object],[object Object],[object Object]","2026-05-22","45","2027-05-22","36C25922C0012",""
"MAVERICK CONSTRUCTORS, LLC","39018054","7","Department of Veterans Affairs | Department of Defense","FL,SC","[object Object],[object Object],[object Object],[object Object],[object Object],[object Object],[object Object]","2025-09-10","299","2027-01-02","36C78624C0056",""
"SILVER LAKE CONSTRUCTION LLC","38763808","3","Department of Defense","OK","[object Object],[object Object],[object Object]","2024-10-07","637","2025-12-21","FA813723C0005",""
"SKE & VFS JV","38646293","1","Department of Defense","","[object Object]","2025-04-28","434","2028-03-08","W912GB25C0012",""
"FDCD JOINT VENTURE","38215388","3","Department of Veterans Affairs","PA","[object Object],[object Object],[object Object]","2021-10-20","1720","2026-09-30","36C24421C0092",""
"TCG CONSTRUCTION INC","38184851","8","Department of Defense","HI,ID","[object Object],[object Object],[object Object],[object Object],[object Object],[object Object],[object Object],[object Object]","2026-01-12","175","2028-01-12","FA489726C0001",""
"FAR WEST CONTRACTORS CORP","37990574","2","Department of Defense","CA","[object Object],[object Object]","2025-10-03","276","2027-04-17","W9123825C0015",""
"5366 LOGISTICS LEOPARDO MPA SDVOSB JV, LLC","37954676","3","Department of Veterans Affairs","IL,MD,TN","[object Object],[object Object],[object Object]","2020-10-15","2090","2026-07-31","36C24520C0185",""
"QB GROUP LLC","37744843","1","Department of Defense","PR","[object Object]","2021-08-19","1782","2026-03-13","N6945021C0031",""
"GLOBAL PACIFIC DESIGN BUILDERS, LLC","37448536","1","Department of Defense","GU","[object Object]","2022-09-30","1375","2025-05-26","N4019222C2012",""
"U-SMC/DEMARIA JV1, LLC","37393299","6","Department of Defense","FL,GA","[object Object],[object Object],[object Object],[object Object],[object Object],[object Object]","2024-08-01","704","2026-09-30","N6945021F0360",""
"JSR-ECC, LLC","37336086","4","Department of Defense","TX","[object Object],[object Object],[object Object],[object Object]","2022-02-11","1606","2025-12-19","FA890320F1118",""
"P & W CONSTRUCTION COMPANY, LLC","37123534","3","Department of Defense","TN","[object Object],[object Object],[object Object]","2025-10-01","278","2026-09-30","W50S9823C0002",""
"ALTECH INC","37116117","4","Department of Defense","TX","[object Object],[object Object],[object Object],[object Object]","2024-10-15","629","2026-10-28","W911RQ24F0077",""
"CMS K.K.","37000744","1","Department of Defense","","[object Object]","2026-04-01","96","2028-03-01","FA520526C0002",""
"ACIERTO LLC","36959004","13","Department of Veterans Affairs","AZ,CA,MT,OK,UT,WY","[object Object],[object Object],[object Object],[object Object],[object Object],[object Object],[object Object],[object Object],[object Object],[object Object],[object Object],[object Object],[object Object]","2026-07-06","0","2027-11-22","36C26222C0164",""
"RIVER CITY CONSTRUCTION LLC","36944319","1","Department of Defense","IL","[object Object]","2020-07-29","2168","2024-07-31","W912QR20C0028",""
"MEDVOLT TEPA EC JV","36773641","1","Department of Defense","NE","[object Object]","2022-12-23","1291","2024-10-27","W9128F23C0006",""
"PONTIAC DRYWALL SYSTEMS INC.","36734734","3","Department of Defense","DC,MD,RI","[object Object],[object Object],[object Object]","2021-09-27","1743","2025-01-17","N4008521F5398",""
"ISI-MARKON JV LLC","36631593","4","Department of Defense","VA","[object Object],[object Object],[object Object],[object Object]","2025-05-01","431","2027-03-31","HQ003424F0734",""
"EIFFAGE INFRAESTRUCTURAS SAU Y EIFFAGE ENERGIA SLU, UTE, LEY 18/1982 DE 26 DE MAYO, EIFFAGE GROUP UTE","36628772","2","Department of Defense","","[object Object],[object Object]","2025-12-16","202","2027-05-26","N6247023F9002",""
"URS GROUP, INC.","36583455","1","Department of Defense","GA","[object Object]","2018-09-24","2842","2022-04-30","N6945018F0085",""
"CAVU CONSULTING LLC","36572011","11","Department of Veterans Affairs","FL,IL,MI","[object Object],[object Object],[object Object],[object Object],[object Object],[object Object],[object Object],[object Object],[object Object],[object Object],[object Object]","2026-08-10","-35","2027-08-13","36C77625C0008",""
"PEM-HARKINS JV LLP","36431392","3","Department of Defense","NC,PA,WV","[object Object],[object Object],[object Object]","2026-03-16","112","2027-05-11","N4008523F6797",""
"TEAM CONSTRUCTION LLC","36258523","7","Department of Defense","FL,GA,NC,SC","[object Object],[object Object],[object Object],[object Object],[object Object],[object Object],[object Object]","2024-10-30","614","2026-09-15","W912HP23F2102",""
"KAR CONTRACTING LLC","36221173","7","Department of Veterans Affairs","WV","[object Object],[object Object],[object Object],[object Object],[object Object],[object Object],[object Object]","2025-12-01","217","2027-11-21","36C24526N0083",""
"HHM LAULIMA CONSTRUCTORS JV","35945685","1","Department of Defense","HI","[object Object]","2022-04-06","1552","2024-06-26","N6247822F4124",""
"CARIBE TECNO CRL","35935734","1","Department of Veterans Affairs","PR","[object Object]","2021-07-23","1809","2028-05-14","36C10F21C0002",""
"HOSPITAL HOUSEKEEPING SYSTEMS LLC","35862414","3","Department of Defense","MD,NY,VA","[object Object],[object Object],[object Object]","2020-01-27","2352","2024-03-10","W9127820F0060",""
"CHUGACH SOLUTIONS ENTERPRISE, LLC","35173305","7","Department of Defense","GU,WA","[object Object],[object Object],[object Object],[object Object],[object Object],[object Object],[object Object]","2025-09-17","292","2026-10-07","N4425524F4346",""
"JODY MILLER CONSTRUCTION, INC.","35171519","1","Department of Defense","WA","[object Object]","2023-11-16","963","2026-02-20","W50S9E24C0001",""
"SAW EASTERN JV, LLC","34915445","3","Department of Defense","VA","[object Object],[object Object],[object Object]","2026-03-30","98","2028-05-01","N4008526F0364",""
"SDPM JFM CONSTRUCCIONES JOINT VENTURE","34622386","13","Department of Veterans Affairs","PR","[object Object],[object Object],[object Object],[object Object],[object Object],[object Object],[object Object],[object Object],[object Object],[object Object],[object Object],[object Object],[object Object]","2026-07-24","-18","2029-07-23","36C24826C0032",""
"TATITLEK UNIVERSAL SERVICES INC","34595375","4","Department of Defense","OK","[object Object],[object Object],[object Object],[object Object]","2025-05-02","430","2027-04-09","W912BV24C0025",""
"TEPA EC, LLC","34473950","2","Department of Defense","CO","[object Object],[object Object]","2023-05-29","1134","2026-01-30","W9128F21C0038",""
"TOMPCO-TRITON JOINT VENTURE","34102898","2","Department of Defense","WA","[object Object],[object Object]","2025-09-18","291","2027-04-13","N4425525F0268",""
"ASRC EARTHWORKS, LLC","33397250","1","Department of Defense","AK","[object Object]","2024-10-10","634","2028-04-07","W911KB24C0022",""
"VETSPACE CONSTRUCTION SERVICES, LLC","33307614","2","Department of Veterans Affairs","MI,OH","[object Object],[object Object]","2025-06-05","396","2027-03-24","36C25225C0026",""
"TRI COAST-PAC TECH JV LLLP","33302643","7","Department of Defense","WA","[object Object],[object Object],[object Object],[object Object],[object Object],[object Object],[object Object]","2025-11-07","241","2027-03-17","N4425526F0007",""
"KPH CONSTRUCTION CORP","33255135","6","Department of Defense","WI","[object Object],[object Object],[object Object],[object Object],[object Object],[object Object]","2025-11-03","245","2027-05-07","W50S9F22C0005",""
"CENTERRA INTEGRATED SERVICES, LLC","33226677","10","Department of Defense","","[object Object],[object Object],[object Object],[object Object],[object Object],[object Object],[object Object],[object Object],[object Object],[object Object]","2025-09-29","280","2027-03-22","N6945025F1399",""
"C & C CONTRACTORS LLC","33222439","10","Department of Veterans Affairs | Department of Defense","AL,FL,GA,NC,SC,TN","[object Object],[object Object],[object Object],[object Object],[object Object],[object Object],[object Object],[object Object],[object Object],[object Object]","2026-06-23","13","2027-04-30","36C78623C0038",""
"TREND CONSTRUCTION INC","33120394","4","Department of Defense","GA,NC","[object Object],[object Object],[object Object],[object Object]","2025-10-20","259","2027-07-07","W912HN25CA001",""
"YORK-BRAWLEY II JV LLC","33090312","3","Department of Defense","GA","[object Object],[object Object],[object Object]","2023-10-02","1008","2026-08-10","FA850123F0182",""
"JV WMV BRUSSELS AMERICAN SCHOOL","32966526","1","Department of Defense","","[object Object]","2017-09-15","3216","2025-07-13","W912GB17C0018",""
"YEAJIN E&C CO.,LTD.","32951542","11","Department of Defense","","[object Object],[object Object],[object Object],[object Object],[object Object],[object Object],[object Object],[object Object],[object Object],[object Object],[object Object]","2025-10-15","264","2026-12-14","W90VN924F0175",""
"CUTTER ENTERPRISES, LLC","32880472","1","Department of Defense","NH","[object Object]","2015-07-27","3997","2024-09-13","W912TF15C0500",""
"SOUTHERN CONTRACTING, LLC","32772244","1","Department of Defense","MS","[object Object]","2023-10-10","1000","2026-09-08","FA301023C0014",""
"KEKOLU CONTRACTING, LLC","32750694","13","Department of Defense","DC,MD","[object Object],[object Object],[object Object],[object Object],[object Object],[object Object],[object Object],[object Object],[object Object],[object Object],[object Object],[object Object],[object Object]","2025-10-15","264","2027-01-06","N0017424F0278",""
"TODA-AEC JV","32436000","2","Department of Defense","","[object Object],[object Object]","2023-05-20","1143","2025-02-05","W912HV22C0008",""
"ASHFORD LEEBCOR ENTERPRISES LLC","32396337","1","Department of Defense","GA","[object Object]","2019-09-12","2489","2022-08-16","W912HN19C3011",""
"LEISNOI PROFESSIONAL SERVICES LLC","32289282","6","General Services Administration | Department of Defense","AK,ID,NE,TX","[object Object],[object Object],[object Object],[object Object],[object Object],[object Object]","2025-10-23","256","2027-09-29","47PA0323F0051",""
"AVCOR CONSTRUCTION, LLC","32223343","5","Department of Veterans Affairs","AR,LA","[object Object],[object Object],[object Object],[object Object],[object Object]","2025-09-30","279","2026-09-30","36C25622C0008",""
"SPEES-HERNANDEZ JV LLC","31884011","4","Department of Veterans Affairs","CA,HI,LA,NC","[object Object],[object Object],[object Object],[object Object]","2022-07-18","1449","2026-07-22","36C24622C0033",""
"ASRC BUILDERS LLC","31775789","5","Department of Defense","AK,CO","[object Object],[object Object],[object Object],[object Object],[object Object]","2024-06-12","754","2025-11-05","W911KB21F0151",""
"PEM CONSTRUCTION, LLC","31544549","2","Department of Defense","OH,VA","[object Object],[object Object]","2023-09-22","1018","2026-10-23","W912DR23C0046",""
"YOJIN CONSTRUCTION & ENGINEERING CO., LTD.","31289299","2","Department of Defense","","[object Object],[object Object]","2026-01-23","164","2028-04-30","W912UM26CA001",""
"SKE SRL","31026771","8","Department of Defense","","[object Object],[object Object],[object Object],[object Object],[object Object],[object Object],[object Object],[object Object]","2025-09-10","299","2027-09-13","W912GB23F0277",""
"KWAAN-NASCO JOINT VENTURE","31025281","2","Department of Defense","CO","[object Object],[object Object]","2025-05-08","424","2026-05-12","FA700022C0015",""
"NIKKAI CORPORATION","31016130","5","Department of Defense","","[object Object],[object Object],[object Object],[object Object],[object Object]","2025-06-30","371","2027-08-19","N4008425F0164",""
"SMITH HAFELI INC","30903865","15","Department of Veterans Affairs","IL","[object Object],[object Object],[object Object],[object Object],[object Object],[object Object],[object Object],[object Object],[object Object],[object Object],[object Object],[object Object],[object Object],[object Object],[object Object]","2026-06-04","32","2027-02-06","36C25521C0011",""
"W.M. KLORMAN CONSTRUCTION CORP","30888519","1","Department of Defense","CA","[object Object]","2024-04-29","798","2026-06-28","W912PL24C0013",""
"BBIX LLC","30613003","1","Department of Defense","MA","[object Object]","2022-11-08","1336","2027-02-11","FA283523C0001",""
"J/V P. & C. DEVELOPMENT S.A. - ERGOTEM S.A.","30590759","2","Department of Defense","","[object Object],[object Object]","2020-09-29","2106","2026-03-03","N3319120F4451",""
"SPECTRUM SOLUTIONS INC","30441342","8","Department of Defense","AL,CA,FL,GA,MD,MS,NC,OK","[object Object],[object Object],[object Object],[object Object],[object Object],[object Object],[object Object],[object Object]","2025-09-30","279","2028-01-10","W9127825FA168",""
"TACTICAL SERVICES ORGANIZATION LLC","30263000","1","Department of Veterans Affairs","NY","[object Object]","2026-06-29","7","2028-07-18","36C77626C0070",""
"ICON SI (AUST) PTY LTD","30248960","1","Department of Defense","","[object Object]","2026-01-23","164","2027-10-15","N6247326F0109",""
"ECC INFRASTRUCTURE LLC","30146317","1","Department of Defense","CA","[object Object]","2025-04-23","439","2028-03-21","N6247325F4397",""
"RBC CONSTRUCTION CORP","29870856","2","Department of Defense","PR","[object Object],[object Object]","2022-09-30","1375","2025-08-18","W912QR19C0046",""
"PERNIX GUAM LLC","29813573","1","Department of Defense","GU","[object Object]","2016-09-30","3566","2021-12-31","N6274216C1309",""
"BRICAN, INC.","29745885","12","Department of Veterans Affairs","CT,MA,ME,NH,RI","[object Object],[object Object],[object Object],[object Object],[object Object],[object Object],[object Object],[object Object],[object Object],[object Object],[object Object],[object Object]","2026-06-15","21","2028-06-14","36C24126N0542",""
"JOERIS GENERAL CONTRACTORS, LLC","29685080","1","Department of Defense","TX","[object Object]","2021-07-23","1809","2025-01-29","W9126G21C0016",""
"COBURN CONTRACTORS, LLC","29539536","8","Department of Veterans Affairs","AL,GA","[object Object],[object Object],[object Object],[object Object],[object Object],[object Object],[object Object],[object Object]","2026-06-15","21","2027-06-30","36C24726C0025",""
"FOUR TRIBES CIVIL CONSTRUCTION LLC","29473019","2","Department of Defense","NY","[object Object],[object Object]","2025-07-01","370","2026-12-28","FA875125C0002",""
"DESBUILD EG MANAGEMENT SERVICES JV LLC","29357440","4","Department of Defense","DC,MD","[object Object],[object Object],[object Object],[object Object]","2025-09-26","283","2027-11-02","N4008023F4780",""
"CF2 CONSTRUCTION","29357112","1","Department of Defense","OK","[object Object]","2022-10-15","1360","2025-12-15","W912BV22C0025",""
"CENTERRA-SJC II LLC","29354241","1","Department of Defense","","[object Object]","2019-03-28","2657","2026-09-28","N6945019F2213",""
"ONAKA GUMI CO.,LTD.","29276067","8","Department of Defense","","[object Object],[object Object],[object Object],[object Object],[object Object],[object Object],[object Object],[object Object]","2025-09-25","284","2028-04-30","N4008423F4241",""
"ALESSI-KEYES CONSTRUCTION COMPANY","29275964","4","Department of Defense","AR","[object Object],[object Object],[object Object],[object Object]","2026-03-25","103","2027-06-19","FA446024F0006",""
"VETERANS ELECTRICAL GROUP LLC","29259901","2","Department of Veterans Affairs","MI,OH","[object Object],[object Object]","2025-03-28","465","2026-10-23","36C77625C0003",""
"G. L. BRUNO ASSOCIATES, INC.","29222717","3","Department of Veterans Affairs","CA","[object Object],[object Object],[object Object]","2024-07-17","719","2026-10-16","36C26123C0053",""
"BETTE & CRING LLC","29015078","1","Department of Defense","DC","[object Object]","2020-09-22","2113","2027-02-08","N4008020C0023",""
"ADSERBALLE & KNUDSEN GREENLAND A/S","28947570","1","Department of Defense","NY","[object Object]","2025-05-20","412","2028-01-10","W912DS25C0006",""
"DEMARIA BUILDING COMPANY, INC.","28878724","1","Department of Defense","NC","[object Object]","2019-09-30","2471","2024-06-21","N4008519C9124",""
"LS BLACK CONSTRUCTORS-LOEFFEL CONSTRUCTION JV","28872006","1","Department of Defense","AR","[object Object]","2021-09-01","1769","2024-03-17","W9127S21C6004",""
"TIP TOP CONSTRUCTION CORP","28683055","1","Department of Defense","PR","[object Object]","2025-09-30","279","2030-09-30","W51DQV25CA004",""
"AMG-METRO, LLC","28644952","2","Department of Defense","TX","[object Object],[object Object]","2024-10-09","635","2026-10-20","W9126G22F0342",""
"FERROVIAL CONSTRUCCION SA","28519333","3","Department of Defense","","[object Object],[object Object],[object Object]","2023-02-06","1246","2025-12-12","N6247022F9002",""
"PESKA CONSTRUCTION, INC.","28483246","2","Department of Defense","SD","[object Object],[object Object]","2023-03-30","1194","2026-12-31","W50S9622C0001",""
"KBR SERVICES, LLC","28419709","10","Department of Defense","","[object Object],[object Object],[object Object],[object Object],[object Object],[object Object],[object Object],[object Object],[object Object],[object Object]","2025-09-26","283","2026-12-16","N3319125F6041",""
"JH FINDORFF & SON INC","28397695","1","Department of Defense","WI","[object Object]","2022-10-01","1374","2024-07-29","W50S9F22C0004",""
"BLINDERMAN CONSTRUCTION CO INC","28387993","2","Department of Defense","KS","[object Object],[object Object]","2021-09-21","1749","2026-03-19","W912DQ20C4018",""
"S & M SAKAMOTO INC","28293450","1","Department of Defense","HI","[object Object]","2023-11-01","978","2026-03-01","W912J624C0001",""
"AMG & ASSOCIATES INC","28131647","1","Department of Defense","AZ","[object Object]","2021-04-02","1921","2025-08-25","W912PL21C0007",""
"HASEN GLOBAL, LLC.","28041678","2","Department of Defense","LA,TX","[object Object],[object Object]","2025-09-27","282","2026-05-29","W9126G23C0034",""
"SERRANO PROANO DISENO Y CONSTRUCCION S.A.","28032486","3","Department of Defense","","[object Object],[object Object],[object Object]","2025-09-26","283","2027-04-29","W9127820F0194",""
"SAWTOOTH CONSTRUCTION JV II LLC","28029336","2","Department of Veterans Affairs","MD,WV","[object Object],[object Object]","2026-05-21","46","2028-05-19","36C77626C0038",""
"H. V. COLLINS COMPANY, INC","27955259","2","Department of Defense","MA","[object Object],[object Object]","2024-12-20","563","2027-01-08","FA283523C0003",""
"STG PACIFIC, LLC","27752900","1","Department of Defense","WA","[object Object]","2025-09-26","283","2027-05-02","W912DW25C0030",""
"SEDONA- NASCO JOINT VENTURE","27641477","11","Department of Defense","AL","[object Object],[object Object],[object Object],[object Object],[object Object],[object Object],[object Object],[object Object],[object Object],[object Object],[object Object]","2025-12-17","201","2027-03-22","W911KF26FA008",""
"SENTINEL BUILDERS, LLC","27627847","10","Department of Veterans Affairs","CA,NV","[object Object],[object Object],[object Object],[object Object],[object Object],[object Object],[object Object],[object Object],[object Object],[object Object]","2026-08-05","-30","2027-05-04","36C26125C0066",""
"SMITH HAFELI-POETTKER JOINT VENTURE, LLC","27589757","1","Department of Veterans Affairs","IL","[object Object]","2023-09-26","1014","2026-04-01","36C77623C0151",""
"BRICE BUILDERS, LLC","27508479","1","Department of Defense","AK","[object Object]","2024-10-30","614","2027-11-18","W911KB25C0002",""
"SPEES-HERNANDEZ JV 2, LLC","27468765","4","Department of Veterans Affairs","CA,FL,GA,TX","[object Object],[object Object],[object Object],[object Object]","2022-09-19","1386","2026-04-30","36C77622C0084",""
"IRON MIKE CONSTRUCTION LLC","27374183","6","Department of Veterans Affairs | Department of Defense","CO,MO,WY","[object Object],[object Object],[object Object],[object Object],[object Object],[object Object]","2026-03-27","101","2027-03-22","36C25923C0077",""
"ALEUT BUILDING COMPANY LLC","27289932","4","Department of Defense","AK,WA","[object Object],[object Object],[object Object],[object Object]","2023-09-30","1010","2026-02-06","W912DY23C0071",""
"TODA-NUDP JV","27241730","1","Department of Defense","","[object Object]","2025-03-12","481","2027-08-04","N4008425F4220",""
"DOT CONSTRUCTION, INC","26942408","4","Department of Defense","GA,LA","[object Object],[object Object],[object Object],[object Object]","2023-10-26","984","2026-03-12","W9126G20F7503",""
"MACHIS MID-ATLANTIC, INC.","26836588","2","Department of Defense","FL,MD","[object Object],[object Object]","2024-09-02","672","2026-07-05","FA286024C0011",""
"EAGLE EYE ELECTRIC LLC","26762945","9","Department of Defense","MD,NV","[object Object],[object Object],[object Object],[object Object],[object Object],[object Object],[object Object],[object Object],[object Object]","2025-09-15","294","2026-09-30","W56ZTN24F0194",""
"EMTA INSAAT TAAHHUT VE TICARET ANONIM SIRKETI","26750530","7","Department of Defense","","[object Object],[object Object],[object Object],[object Object],[object Object],[object Object],[object Object]","2025-09-19","290","2028-04-24","FA568523F0051",""
"COLLINS-RUSSELL 8(A), LLC.","26669012","1","Department of Defense","TX","[object Object]","2021-05-27","1866","2026-02-24","W912QR21C0022",""
"DIMENSIONS CONSTRUCTION, INC.","26664553","6","Department of Defense","CA","[object Object],[object Object],[object Object],[object Object],[object Object],[object Object]","2025-02-11","510","2027-02-11","N6247325F4183",""
"GUARDIAN ENVIRONMENTAL SERVICES CO INC","26598239","6","Department of Veterans Affairs","DC,DE,MD","[object Object],[object Object],[object Object],[object Object],[object Object],[object Object]","2025-09-30","279","2027-12-07","36C24525C0082",""
"WINSPEAR CONSTRUCTION LLC.","26494684","3","Department of Veterans Affairs","ID","[object Object],[object Object],[object Object]","2024-08-29","676","2026-05-10","36C77624C0170",""
"PROGRESSIVE CONSTRUCTION SERVICES LLC","26348965","14","Department of Veterans Affairs","WI","[object Object],[object Object],[object Object],[object Object],[object Object],[object Object],[object Object],[object Object],[object Object],[object Object],[object Object],[object Object],[object Object],[object Object]","2026-04-27","70","2028-04-26","36C25226N0346",""
"TLS-CES SERVICES I, LLC","26331306","2","Department of Veterans Affairs","CO,NY","[object Object],[object Object]","2024-09-13","661","2045-11-01","36C77623N0231",""
"DON JONES CONSTRUCTION CO., INC.","26180828","8","Department of Defense","GA","[object Object],[object Object],[object Object],[object Object],[object Object],[object Object],[object Object],[object Object]","2025-09-19","290","2026-08-17","W911SF21F0154",""
"JETT'S SPECIALTY CONTRACTING, LLC","26170240","5","Department of Veterans Affairs","AR,NC,OH,VA","[object Object],[object Object],[object Object],[object Object],[object Object]","2026-06-01","35","2027-06-01","36C24622C0048",""
"JXR CONSTRUCTORS INC","26130462","8","Department of Veterans Affairs","CA","[object Object],[object Object],[object Object],[object Object],[object Object],[object Object],[object Object],[object Object]","2026-06-29","7","2027-08-20","36C26223C0263",""
"NELSON REFRIGERATION INC","26026108","2","Department of Defense","TX","[object Object],[object Object]","2022-09-28","1377","2026-07-30","HQC00322F0023",""
"SORI E&C CO.,LTD","25965389","9","Department of Defense","","[object Object],[object Object],[object Object],[object Object],[object Object],[object Object],[object Object],[object Object],[object Object]","2026-04-15","82","2026-12-31","W91QVN24F0549",""
"C.C. PINES PTY. LIMITED","25945383","2","Department of Defense","","[object Object],[object Object]","2024-05-03","794","2026-04-30","N6274224C1329",""
"WRIGHT CONTRACTING, INC.","25875887","4","Department of Defense","TN","[object Object],[object Object],[object Object],[object Object]","2025-05-01","431","2026-07-13","W50S9824C0001",""
"SEALASKA CONSTRUCTORS LLC","25858503","5","Department of Defense","CA,WA","[object Object],[object Object],[object Object],[object Object],[object Object]","2025-10-21","258","2026-10-16","W912DW25F2056",""
"JJBRUN JOINT VENTURE LLC","25739094","4","Department of Defense","CO,DC,MD,TN","[object Object],[object Object],[object Object],[object Object]","2020-10-05","2100","2024-12-10","W9128F18F0281",""
"ISLANDS MECHANICAL CONTRACTOR, INC","25680271","7","Department of Defense","","[object Object],[object Object],[object Object],[object Object],[object Object],[object Object],[object Object]","2024-09-23","651","2026-04-06","N6945022F0994",""
"WEST COAST JV, LLC","25608608","3","Department of Defense","NV,UT","[object Object],[object Object],[object Object]","2026-03-24","104","2027-06-20","FA820123F0006",""
"F. K. HORN GMBH & CO. KG-BAUUNTERNEHMUNG","25507902","8","Department of Defense","","[object Object],[object Object],[object Object],[object Object],[object Object],[object Object],[object Object],[object Object]","2026-01-30","157","2027-03-08","FA561325F0453",""
"PORT FIDALGO CONSTRUCTORS INC","25489078","1","Department of Defense","OK","[object Object]","2021-08-19","1782","2026-05-27","W912BV21C0016",""
"PALGAG BUILDING TECHNOLOGIES LTD","25383314","1","Department of Defense","","[object Object]","2018-09-26","2840","2026-03-17","W9127818F0650",""
"TEEHEE ENGINEERING, INC.","25319996","8","Department of Defense","CA","[object Object],[object Object],[object Object],[object Object],[object Object],[object Object],[object Object],[object Object]","2025-09-08","301","2027-04-20","N6247321F4516",""
"TUNICA-BILOXI LEMOINE, LLC","25294777","1","Department of Defense","TX","[object Object]","2025-09-30","279","2028-01-02","W9126G25C0015",""
"K & K PLUS, INC.","25200756","1","Department of Defense","KS","[object Object]","2023-11-14","965","2026-12-31","W912DQ23C4035",""
"RANCO CONSTRUCTION INC","25116626","4","Department of Defense","NJ","[object Object],[object Object],[object Object],[object Object]","2025-09-15","294","2027-05-08","W912DS21C0021",""
"ECC INTERNATIONAL, LLC","25109919","1","Department of Defense","","[object Object]","2020-09-28","2107","2026-03-20","N6247020C0012",""
"ABBA CONSTRUCTION, INC.","25030207","7","Department of Defense","FL","[object Object],[object Object],[object Object],[object Object],[object Object],[object Object],[object Object]","2025-09-29","280","2027-08-18","FA481421F0055",""
"SAMPSON CONSTRUCTION CO INC","24953269","1","Department of Defense","NE","[object Object]","2025-06-02","399","2026-11-28","W9128F25CA028",""
"GRAM JV","24851424","5","Department of Defense","DC,VA","[object Object],[object Object],[object Object],[object Object],[object Object]","2020-10-09","2096","2026-04-30","W912DY20F0724",""
"CAM MANAGEMENT AND SERVICES, LLC","24753798","4","Department of Defense","OH","[object Object],[object Object],[object Object],[object Object]","2026-01-29","158","2027-03-19","FA860126F0027",""
"GLOBAL URBAN ENTERPRISES, L.L.C.","24717925","1","Department of Veterans Affairs","NY","[object Object]","2023-10-16","994","2026-01-24","36C10F23C0010",""
"OBAYASHI CORPORATION","24711680","1","Department of Defense","","[object Object]","2022-11-08","1336","2026-02-03","W912HV23C0002",""
"JV SKE ITALY 2012","24602582","5","Department of Defense","","[object Object],[object Object],[object Object],[object Object],[object Object]","2025-09-30","279","2027-01-29","W912GB23F0260",""
"ASHFORD LEEBCOR ENTERPRISES V, LLC","24558347","1","Department of Defense","GA","[object Object]","2021-11-04","1705","2024-04-17","W912HN22C3000",""
"JACKSON RYAN CONSTRUCTION SERVICES, INC.","24509468","15","Department of Veterans Affairs","CT,MA,RI,VT","[object Object],[object Object],[object Object],[object Object],[object Object],[object Object],[object Object],[object Object],[object Object],[object Object],[object Object],[object Object],[object Object],[object Object],[object Object]","2026-04-01","96","2027-02-03","36E77619C0074",""
"THE SANCHEZ GROUP OF COMPANIES, LLC","24495485","10","Department of Defense","MD","[object Object],[object Object],[object Object],[object Object],[object Object],[object Object],[object Object],[object Object],[object Object],[object Object]","2026-03-09","119","2027-03-09","N0042124C0070",""
"GOSHAWK, LLC","24284783","2","Department of Defense","CO","[object Object],[object Object]","2025-09-30","279","2027-06-02","W9128F25CA061",""
"FULL CIRCLE GROUP, INC.","24279036","4","Department of Defense","NY","[object Object],[object Object],[object Object],[object Object]","2024-09-05","669","2026-02-04","W911SD24F0185",""
"PORR GOVERNMENT SERVICES ITALY SRL","24249096","10","Department of Defense","","[object Object],[object Object],[object Object],[object Object],[object Object],[object Object],[object Object],[object Object],[object Object],[object Object]","2026-04-10","87","2028-01-27","N3319119F4234",""
"TOM HAMMONDS ENTERPRISES, LLC","24221868","1","Department of Defense","FL","[object Object]","2025-08-27","313","2026-10-07","FA282325C0045",""
"SUH'DUTSING CONTRACTING SERVICES","24172022","4","Department of Defense","IL,MI,OR,WI","[object Object],[object Object],[object Object],[object Object]","2025-09-19","290","2026-10-15","W50S8Y24C0002",""
"AEONRG LLC","24168880","16","Department of Veterans Affairs","KY,NJ,PA","[object Object],[object Object],[object Object],[object Object],[object Object],[object Object],[object Object],[object Object],[object Object],[object Object],[object Object],[object Object],[object Object],[object Object],[object Object],[object Object]","2026-06-09","27","2028-01-28","36C24425N1275",""
"COOPER TACIA GENERAL CONTRACTING COMPANY","24159530","1","Department of Defense","NC","[object Object]","2025-07-01","370","2028-08-10","W912HN25C4001",""
"SNODGRASS AND SONS CONSTRUCTION CO., INC.","24103094","6","Department of Defense","KS","[object Object],[object Object],[object Object],[object Object],[object Object],[object Object]","2025-11-24","224","2027-05-03","FA462125F0015",""
"PER AARSLEFF GRONLAND APS","24063694","2","Department of Defense","","[object Object],[object Object]","2025-07-07","364","2028-08-01","W912DS24C0033",""
"WESTERLY HSU JV II, LLC","24015486","7","Department of Defense","MD,VA","[object Object],[object Object],[object Object],[object Object],[object Object],[object Object],[object Object]","2025-04-30","432","2027-05-05","N4008024F4101",""
"BRICE SOLUTIONS, LLC","23960855","3","Department of Defense","AK,HI","[object Object],[object Object],[object Object]","2025-10-09","270","2028-10-08","W911KB25CA014",""
"RM BUILDERS JV","23769061","4","Department of Defense","CO,ND","[object Object],[object Object],[object Object],[object Object]","2024-07-09","727","2026-01-26","W9128F20F0386",""
"VALIANT GROUP LLC","23698274","9","Department of Veterans Affairs","NC,NJ,PA,TX","[object Object],[object Object],[object Object],[object Object],[object Object],[object Object],[object Object],[object Object],[object Object]","2025-05-13","419","2026-08-31","36C25722C0093",""
"THE CLEMENT GROUP LLC","23534164","3","Department of Defense","FL","[object Object],[object Object],[object Object]","2021-08-20","1781","2025-02-25","N6945020F0894",""
"MA-CHIS C & C CONTRACTORS LLC","23521199","9","Department of Defense","GA","[object Object],[object Object],[object Object],[object Object],[object Object],[object Object],[object Object],[object Object],[object Object]","2025-10-10","269","2027-04-26","W912HN23F3015",""
"COACTINT LLC","23502642","4","Department of Veterans Affairs","LA,MS","[object Object],[object Object],[object Object],[object Object]","2025-02-17","504","2026-08-16","36C25625C0005",""
"MIG WMJ JV1 LLC","23308682","1","Department of Defense","VA","[object Object]","2023-08-21","1050","2026-06-01","N4008523C0040",""
"SAW-GREENLAND JV II LLC","23297410","1","Department of Veterans Affairs","GA","[object Object]","2023-08-28","1043","2026-08-09","36C24723N0580",""
"VETERANS CONSTRUCTION COALITION LLC","23270118","8","Department of Defense","VA,WA","[object Object],[object Object],[object Object],[object Object],[object Object],[object Object],[object Object],[object Object]","2024-10-17","627","2026-04-20","N4008024F4415",""
"FSA CONSTRUCTION, LLC","23259532","3","Department of Defense","NE,OK","[object Object],[object Object],[object Object]","2022-09-09","1396","2026-01-09","W9128F22C0006",""
"PACIFIC CONSTRUCTION SERVICES LLC","23244402","1","Department of Defense","CO","[object Object]","2023-12-06","943","2026-04-21","W912LC24C0001",""
"CAPEX & D SQUARE, A JOINT VENTURE LLC","23229247","1","Department of Veterans Affairs","AZ","[object Object]","2024-09-17","657","2028-01-10","36C77624C0145",""
"CORE ENGINEERING & CONSTRUCTION, INC.","23159651","6","Department of Defense","FL,TN","[object Object],[object Object],[object Object],[object Object],[object Object],[object Object]","2025-09-25","284","2026-10-30","FA252122F0068",""
"JABEZ-ABSHER 1 JOINT VENTURE","23139220","1","Department of Defense","WA","[object Object]","2021-09-28","1742","2024-05-13","N4425521F4381",""
"VCIDJ LLC","22961777","1","Department of Veterans Affairs","PA","[object Object]","2025-09-26","283","2027-07-21","36C77625C0061",""
"INNOX LLC","22889119","5","Department of Defense","","[object Object],[object Object],[object Object],[object Object],[object Object]","2025-08-14","326","2027-01-13","N3319124F4174",""
"ISUSA/CONCENTRIC JV LLC","22807037","5","Department of Veterans Affairs","NY","[object Object],[object Object],[object Object],[object Object],[object Object]","2025-09-26","283","2026-12-30","36C24222C0068",""
"COAKLEY & WILLIAMS CONSTRUCTION, INC.","22726680","1","Department of Defense","MD","[object Object]","2022-02-04","1613","2024-07-31","W912DR22C0009",""
"CIVIL WORKS CONTRACTING LLC","22633586","4","Department of Defense","NC","[object Object],[object Object],[object Object],[object Object]","2024-02-13","874","2026-04-06","N4008523F4748",""
"DAX/GBAB JV LLC","22629033","3","Department of Veterans Affairs","IA,NE","[object Object],[object Object],[object Object]","2023-09-30","1010","2026-07-20","36C26323N1076",""
"CHUGACH PACIFIC SOLUTIONS LLC","22600664","1","Department of Defense","ID","[object Object]","2023-09-15","1025","2026-01-31","W50S7323C0003",""
"PACIFIC FEDERAL CONTRACTORS LLC","22597772","1","Department of Defense","HI","[object Object]","2020-04-22","2266","2026-04-30","W912J620C0001",""
"BARNHART-REESE CONSTRUCTION, INC.","22590289","1","Department of Defense","CA","[object Object]","2021-01-22","1991","2023-12-13","N6247321F4264",""
"JOHN BOWMAN, INC.","22443958","6","Department of Defense","CO","[object Object],[object Object],[object Object],[object Object],[object Object],[object Object]","2026-03-13","115","2027-06-06","W9128F26FA047",""
"ANDERSON BURTON CONSTRUCTION, INC.","22379023","2","Department of Defense","CA,HI","[object Object],[object Object]","2023-04-24","1169","2024-09-14","W9123823C0013",""
"MSK CONSTRUCTION INC","22375502","2","Department of Veterans Affairs","NC","[object Object],[object Object]","2018-09-27","2839","2025-12-15","36C24618C0120",""
"F & R CONSTRUCTION GROUP INC","22274324","1","Department of Defense","PR","[object Object]","2025-09-11","298","2028-07-01","W912QR25CA024",""
"OKLAND CONSTRUCTION COMPANY, INC.","22200542","1","Department of Defense","AZ","[object Object]","2011-07-28","5457","2014-08-02","W912PL11C0007",""
"KGN SUPPORT SERVICES LLC","22189297","1","Department of Defense","","[object Object]","2025-06-17","384","2025-06-17","W9127825C0021",""
"PRAIRIE BAND-COMPASS JV LLC","22184863","3","Department of Defense","ND","[object Object],[object Object],[object Object]","2025-09-08","301","2026-10-30","W9128F25CA040",""
"WINDAMIR DEVELOPMENT INC","22118180","3","Department of Defense","GA,NC","[object Object],[object Object],[object Object]","2020-09-27","2108","2025-09-13","W912PM19C0020",""
"KUMSUNG CONSTRUCTION CO., LTD.","22043714","7","Department of Defense","","[object Object],[object Object],[object Object],[object Object],[object Object],[object Object],[object Object]","2025-09-19","290","2027-10-17","W912UM25C0001",""
"YERKES SOUTH INC.","22012700","7","Department of Veterans Affairs | Department of Defense","FL,OK,TN","[object Object],[object Object],[object Object],[object Object],[object Object],[object Object],[object Object]","2025-09-19","290","2026-10-06","36C24825C0035",""
"GROUP III MANAGEMENT INC","21961369","1","Department of Veterans Affairs","NC","[object Object]","2025-09-24","285","2027-01-19","36C77625C0123",""
"TYBE-GARNEY FEDERAL JV LLC","21789468","3","Department of Defense","FL,LA,MS","[object Object],[object Object],[object Object]","2025-12-15","203","2027-01-09","N6945023F0725",""
"DUNBAR MECHANICAL CONTRACTORS, LLC","21780832","6","Department of Veterans Affairs","TN","[object Object],[object Object],[object Object],[object Object],[object Object],[object Object]","2026-03-30","98","2026-07-31","36C77623C0134",""
"FRAZIER ENGINEERING, INC.","21771883","7","Department of Defense","FL","[object Object],[object Object],[object Object],[object Object],[object Object],[object Object],[object Object]","2025-04-03","459","2026-09-02","FA481424F0119",""
"DOMINGUEZ & PERSONS, LLC","21750500","3","Department of Veterans Affairs | Department of Defense","LA,MS","[object Object],[object Object],[object Object]","2026-05-28","39","2027-11-21","36C25626C0033",""
"JSR, INC.","21687284","2","Department of Defense","TX","[object Object],[object Object]","2021-10-07","1733","2025-02-15","W912QR20C0004",""
"GSI CONSTRUCTION CORPORATION, INC.","21624112","4","Department of Defense","AL,FL,MS","[object Object],[object Object],[object Object],[object Object]","2025-09-26","283","2026-08-31","FA301024C0001",""
"ASHFORD LEEBCOR ENTERPRISES IV LLC","21588749","2","Department of Defense","SC","[object Object],[object Object]","2022-09-21","1384","2024-11-15","FA441822C0008",""
"SEB.CO COSTRUZIONI DI SEBASTIANELLI ANTONIO E C. S.A.S.","21575865","4","Department of Defense","","[object Object],[object Object],[object Object],[object Object]","2025-09-18","291","2027-10-18","N3319125F6191",""
"IMPROVE GROUP, INC.","21508639","5","Department of Defense","CO,TX","[object Object],[object Object],[object Object],[object Object],[object Object]","2025-09-16","293","2026-10-22","FA301625C0009",""
"AYTEKIN SEROL INSAAT TAAHHUT MUHENDISLIK ANONIM SIRKETI","21456266","2","Department of Defense","","[object Object],[object Object]","2018-08-15","2882","2025-01-13","W912GB18C0013",""
"LITTEKEN CONSTRUCTION COMPANY, LLC","21422899","3","Department of Defense","IL","[object Object],[object Object],[object Object]","2025-07-09","362","2026-03-30","W50S7U23C0001",""
"ALLIANCE ONE GROUP LLC","21251080","10","Department of Defense","GU,HI","[object Object],[object Object],[object Object],[object Object],[object Object],[object Object],[object Object],[object Object],[object Object],[object Object]","2025-09-23","286","2026-09-25","N6274224F4030",""
"LIBERAL CONSTRUCTION, LLC","21241962","3","Department of Defense","","[object Object],[object Object],[object Object]","2025-07-29","342","2027-08-09","N3319125F0016",""
"MITOMO CO., LTD.","21119407","2","Department of Defense","","[object Object],[object Object]","2025-06-16","385","2028-04-06","N4008425C0004",""
"SEMPER TEK CMS JV LLC","21079405","1","Department of Veterans Affairs","KY","[object Object]","2025-10-30","249","2027-10-01","36C77626C0001",""
"GLOBAL ENGINEERING SERVICES INC","21044115","7","Department of Veterans Affairs","ID,NV,OR","[object Object],[object Object],[object Object],[object Object],[object Object],[object Object],[object Object]","2024-08-02","703","2027-03-11","36C26021N0687",""
"RIO VISTA MANAGEMENT LLC","20894494","4","Department of Defense","PA,UT","[object Object],[object Object],[object Object],[object Object]","2024-07-16","720","2026-01-31","FA820122F0003",""
"CORBARA-MGS JV","20850565","5","Department of Defense","CA","[object Object],[object Object],[object Object],[object Object],[object Object]","2025-09-05","304","2027-03-08","N6247325F0556",""
"DONGKUK STRUCTURES & CONSTRUCTION COMPANY LIMITED","20810476","6","Department of Defense","","[object Object],[object Object],[object Object],[object Object],[object Object],[object Object]","2024-08-23","682","2026-11-10","W912UM22F0085",""
"THE MATTHEWS GROUP INC","20768642","1","Department of Defense","DC","[object Object]","2024-09-30","644","2027-01-21","W912DR24C0034",""
"ANGEL DESIGN BUILD CONSTRUCTION LLC","20741519","2","Department of Veterans Affairs","TX,WA","[object Object],[object Object]","2026-05-18","49","2028-02-27","36C77626C0046",""
"AMERICAN VETERAN CONSTRUCTION CORP.","20616814","5","Department of Veterans Affairs","FL,NJ,NY","[object Object],[object Object],[object Object],[object Object],[object Object]","2025-05-27","405","2026-03-30","36C77623C0072",""
"TERRA CONSTRUCTION, LLC","20460856","4","Department of Defense","OK","[object Object],[object Object],[object Object],[object Object]","2025-10-01","278","2026-09-16","0003",""
"MIDNIGHT SUN-CENTENNIAL KIRRATCHIAQ JV, LLC","20335556","10","Department of Defense","VA,WA","[object Object],[object Object],[object Object],[object Object],[object Object],[object Object],[object Object],[object Object],[object Object],[object Object]","2025-08-29","311","2026-12-22","W911S825FA332",""
"EDMAN BRYAN LLC","20278766","1","Department of Defense","SD","[object Object]","2024-12-30","553","2026-11-08","W9128F25C0008",""
"SOUTHEASTERN INDUSTRIAL CONSTRUCTION, LLC","20143790","7","Department of Defense","FL,LA,MS,SC,TX","[object Object],[object Object],[object Object],[object Object],[object Object],[object Object],[object Object]","2025-09-24","285","2026-06-25","W9127825C0008",""
"OAC ACTION CONSTRUCTION CORP.","20131616","8","Department of Defense","FL,PR","[object Object],[object Object],[object Object],[object Object],[object Object],[object Object],[object Object],[object Object]","2025-10-21","258","2026-08-01","FA481425F0189",""
"ENERGY EPC SOLUTIONS, LLC","20072087","3","Department of Veterans Affairs","TX","[object Object],[object Object],[object Object]","2024-03-27","831","2026-06-19","36C25723C0077",""
"WAYPOINT CONTRACTING INC","20047405","1","Department of Defense","FL","[object Object]","2023-09-28","1012","2025-10-20","W912QR23C0031",""
"DUCAS CONSTRUCTION INC","20009980","2","Department of Veterans Affairs","MA,ME","[object Object],[object Object]","2025-10-17","262","2026-04-15","36C77624C0036",""
"KASER MECHANICAL LLC","19964887","8","Department of Defense","NJ","[object Object],[object Object],[object Object],[object Object],[object Object],[object Object],[object Object],[object Object]","2024-09-17","657","2026-10-05","FA448424F0263",""
"CARIBE GENERAL CONSTRUCTORS, INC","19871186","1","Department of Defense","PR","[object Object]","2019-06-05","2588","2022-06-17","W912QR19C0018",""
"YIBON CONSTRUCTION CO., LTD.","19858954","7","Department of Defense","AP","[object Object],[object Object],[object Object],[object Object],[object Object],[object Object],[object Object]","2025-10-06","273","2028-04-25","W90VN924F0166",""
"CCS KING GEORGE LLC","19792260","1","Department of Defense","MH","[object Object]","2024-10-14","630","2027-04-13","W9128A24F0054",""
"NORA CONTRACTING & HAGERMAN LLC","19767858","1","Department of Veterans Affairs","IN","[object Object]","2024-07-01","735","2026-07-26","36C77624C0107",""
"J & J MECHANICAL AND CONSTRUCTION GROUP LLC","19723641","8","Department of Veterans Affairs","NY","[object Object],[object Object],[object Object],[object Object],[object Object],[object Object],[object Object],[object Object]","2026-04-30","67","2028-12-30","36C24226C0058",""
"ELECNOR SERVICIOS Y PROYECTOS SAU","19688230","5","Department of Defense","","[object Object],[object Object],[object Object],[object Object],[object Object]","2024-08-15","690","2026-05-11","N3319124F4012",""
"IMPRESA PIZZAROTTI & C. S.P.A.","19678301","2","Department of Defense","","[object Object],[object Object]","2024-07-25","711","2027-11-04","N3319124F4090",""
"THE GREEN-SIMMONS COMPANY, INC.","19652214","3","Department of Defense","FL","[object Object],[object Object],[object Object]","2020-10-21","2084","2025-07-24","W9127819F0486",""
"CITY CONSTRUCTION, LLC","19589871","1","Department of Defense","MD","[object Object]","2022-09-16","1389","2024-09-30","N4008022C0013",""
"GAST CONSTRUCTION COMPANY INC","19546262","2","Department of Defense","ND","[object Object],[object Object]","2022-09-15","1390","2025-10-31","W901UZ21C0001",""
"SUH'DUTSING-PILKINGTON CONSTRUCTION JV II, LLC","19502714","1","Department of Defense","AZ","[object Object]","2024-09-20","654","2026-05-28","W912PL24C0024",""
"SEIKITOKYU KOGYO-YABU DOKEN JV","19436971","5","Department of Defense","","[object Object],[object Object],[object Object],[object Object],[object Object]","2024-09-25","649","2026-10-31","W912HV22F0066",""
"FOS DEVELOPMENT CORP","19400351","2","Department of Defense","NY","[object Object],[object Object]","2023-10-15","995","2025-08-08","W912DS23C0024",""
"PACE-AMTEX JV, LLC","19398546","4","Department of Defense","TX","[object Object],[object Object],[object Object],[object Object]","2024-04-01","826","2025-10-07","FA466122F0001",""
"MARC III GENERAL CONTRACTORS LLC","19327937","3","Department of Defense","TX","[object Object],[object Object],[object Object]","2023-01-06","1277","2024-11-14","W9126G20C0056",""
"HERITAGE-M2C1 JOINT VENTURE","19287331","8","Department of Defense","AK","[object Object],[object Object],[object Object],[object Object],[object Object],[object Object],[object Object],[object Object]","2025-12-16","202","2027-12-31","FA500426C0002",""
"ERS-CYE JV II, LLC","19237033","5","Department of Defense","LA,VA","[object Object],[object Object],[object Object],[object Object],[object Object]","2025-08-25","315","2026-11-27","FA460823F0122",""
"CONCENTRIC GROUP, LLC","19201229","5","Department of Veterans Affairs","NY","[object Object],[object Object],[object Object],[object Object],[object Object]","2025-09-30","279","2026-02-18","36C24220C0044",""
"EGI HSU JV LLC","19196238","3","Department of Defense","VA","[object Object],[object Object],[object Object]","2022-06-24","1473","2026-10-05","N4008022F4073",""
"R. A. GLANCY & SONS, INC.","19187444","3","Department of Veterans Affairs","PA","[object Object],[object Object],[object Object]","2025-01-06","546","2027-03-31","36C24425C0007",""
"FRAZIER INVESTMENTS, INC.","19071958","4","Department of Defense","FL,LA","[object Object],[object Object],[object Object],[object Object]","2024-09-30","644","2026-11-25","FA460824F0076",""
"WHH NISQUALLY - GARCO JV","19064828","1","Department of Defense","MT","[object Object]","2019-06-05","2588","2022-01-26","W912DW19C0008",""
"AE WEST LLC","19061770","2","Department of Defense","CA","[object Object],[object Object]","2025-01-16","536","2026-07-09","W912LA24C0002",""
"IAW CONSTRUCTION, INC.","19047088","44","Department of Veterans Affairs","CA","[object Object],[object Object],[object Object],[object Object],[object Object],[object Object],[object Object],[object Object],[object Object],[object Object],[object Object],[object Object],[object Object],[object Object],[object Object],[object Object],[object Object],[object Object],[object Object],[object Object],[object Object],[object Object],[object Object],[object Object],[object Object],[object Object],[object Object],[object Object],[object Object],[object Object],[object Object],[object Object],[object Object],[object Object],[object Object],[object Object],[object Object],[object Object],[object Object],[object Object],[object Object],[object Object],[object Object],[object Object]","2026-06-01","35","2027-03-20","36C26225C0081",""
"KLK ELECTRIC, INC","19018538","2","Department of Veterans Affairs | Department of Defense","NJ","[object Object],[object Object]","2024-05-23","774","2027-06-25","36C24224C0051",""
"ACCEL 7 JV LLC","19005214","1","Department of Defense","GA","[object Object]","2026-02-11","145","2028-03-06","W912QR26CA016",""
"PREFERRED ELECTRIC, LLC","18976531","3","Department of Veterans Affairs","MN","[object Object],[object Object],[object Object]","2023-09-06","1034","2025-01-31","36C26321N1002",""
"WB BRAWLEY CO","18887624","4","Department of Defense","NC","[object Object],[object Object],[object Object],[object Object]","2024-02-01","886","2026-08-23","N6247023F4235",""
"MANTLE-PLOCHER JV","18852810","1","Department of Defense","IL","[object Object]","2020-05-14","2244","2027-08-24","W912QR20C0021",""
"JAMES TALCOTT CONSTRUCTION, INC.","18778633","2","Department of Defense","MT","[object Object],[object Object]","2024-10-01","643","2026-02-28","FA462621F0003",""
"DOMINGUEZ DESIGN-BUILD, INC","18698838","3","Department of Veterans Affairs | Department of Defense","AL,GA,MS","[object Object],[object Object],[object Object]","2025-11-06","242","2026-06-17","36C77625C0124",""
"INNOVATIVE SUPPORT SOLUTIONS, INC.","18671494","2","Department of Veterans Affairs","LA,OR","[object Object],[object Object]","2021-07-06","1826","2025-02-28","36C77621C0024",""
"S & E SERVICES INC","18654114","1","Department of Defense","NY","[object Object]","2024-09-01","673","2025-06-08","W912DS24C0026",""
"NIKING CORP","18641360","1","Department of Defense","HI","[object Object]","2020-10-14","2091","2022-08-15","N6274220C1304",""
"GUSTAV KEONI","18462527","3","Department of Defense","CA","[object Object],[object Object],[object Object]","2024-06-28","738","2026-03-29","W912PL23C0018",""
"CAPE-FORGEN JV","18421615","1","Department of Defense","CA","[object Object]","2024-09-09","665","2025-12-31","W9128F24F0195",""
"A VET COMMUNICATIONS, INC.","18388453","1","Department of Veterans Affairs","VA","[object Object]","2015-09-11","3951","2025-11-07","VA24615C0069",""
"GULF BUILDING, HERNANDEZ CONSULTING A JOINT VENTURE LLC","18338976","1","Department of Defense","GA","[object Object]","2017-12-20","3120","2020-03-19","N6945018F0703",""
"SEIKITOKYU KOGYO CO., LTD.","18275390","6","Department of Defense","","[object Object],[object Object],[object Object],[object Object],[object Object],[object Object]","2025-09-27","282","2027-11-19","N4008425F0126",""
"UD CONTRACTING INC","18266652","7","Department of Defense","GA,KY","[object Object],[object Object],[object Object],[object Object],[object Object],[object Object],[object Object]","2024-09-27","647","2026-06-26","W9124922F0334",""
"ENGELBERTH CONSTRUCTION, INC.","18200938","1","Department of Veterans Affairs","VT","[object Object]","2023-08-23","1048","2026-04-30","36C24123C0087",""
"WESCO CONSTRUCTION","18139484","4","Department of Defense","CA","[object Object],[object Object],[object Object],[object Object]","2025-09-23","286","2026-08-19","N6247322C0416",""
"BEXAR-ADVANCED SOLUTIONS GROUP, LLC","18118007","12","Department of Veterans Affairs","CA,HI,NV,UT","[object Object],[object Object],[object Object],[object Object],[object Object],[object Object],[object Object],[object Object],[object Object],[object Object],[object Object],[object Object]","2025-09-29","280","2026-08-01","36C26123N0814",""
"THE BLACKLEDGE GROUP, INC.","18081469","6","Department of Defense","FL","[object Object],[object Object],[object Object],[object Object],[object Object],[object Object]","2026-01-30","157","2027-01-30","N6945025C1047",""
"J & B BUILDERS INC","18042399","3","Department of Defense","WI","[object Object],[object Object],[object Object]","2025-02-01","520","2026-04-30","W50S9G21C0001",""
"SANKYO REINETSU CO.,LTD.","18039026","3","Department of Defense","","[object Object],[object Object],[object Object]","2025-07-28","343","2028-09-22","N4008425F0214",""
"MEDVOLT-KOMADA JV","17981644","1","Department of Defense","NE","[object Object]","2021-10-18","1722","2025-07-25","W9128F21C0066",""
"JV SKE-ICM","17884376","3","Department of Defense","","[object Object],[object Object],[object Object]","2025-08-27","313","2027-03-20","N3319121F4284",""
"HAYDON COMPANIES LLC","17875967","1","Department of Defense","AZ","[object Object]","2025-04-12","450","2027-05-27","W912QR25C0011",""
"ROCK CONSTRUCTION MANAGEMENT LLC","17865274","4","Department of Veterans Affairs","NV,TX","[object Object],[object Object],[object Object],[object Object]","2026-07-06","0","2027-11-19","36C26126C0037",""
"PACIFIC FEDERAL SOLUTIONS, LLC","17807769","1","Department of Defense","HI","[object Object]","2024-10-01","643","2026-06-13","W50SLF24C0002",""
"QAYAQ GOVERNMENT SOLUTIONS LLC","17659878","2","Department of Defense","CO,VA","[object Object],[object Object]","2024-01-02","916","2026-06-30","N0017824C2201",""
"MX CONSTRUCTION, INC.","17625313","5","Department of Defense","CA","[object Object],[object Object],[object Object],[object Object],[object Object]","2025-10-01","278","2029-01-25","W912PL24C0021",""
"CENTENNIAL CONTRACTORS ENTERPRISES, INC.","17569171","2","Department of Defense","GA,VA","[object Object],[object Object]","2026-03-11","117","2028-03-29","W912DY25FA294",""
"NACCI CONSTRUCTION SERVICES, INC","17551674","5","Department of Veterans Affairs","GA","[object Object],[object Object],[object Object],[object Object],[object Object]","2025-07-21","350","2026-11-24","36C24724N0535",""
"KALLIDUS TECHNOLOGIES, INC","17519172","2","Department of Defense","MA,PA","[object Object],[object Object]","2024-07-23","713","2026-02-14","W912QR24C0021",""
"PERFORMANCEEPC-GREENLAND JV LLC","17511975","1","Department of Veterans Affairs","PA","[object Object]","2023-11-15","964","2027-05-13","36C24424C0003",""
"MCGOLDRICK CONSTRUCTION SERVICES CORPORATION","17502468","3","Department of Veterans Affairs","TX","[object Object],[object Object],[object Object]","2024-05-13","784","2025-05-21","36C25719N0665",""
"MCL-MRK VII LLC","17493667","2","Department of Veterans Affairs | Department of Defense","NE","[object Object],[object Object]","2026-01-08","179","2027-09-08","36C77626C0021",""
"ILKWANG E&C CO., LTD.","17433456","2","Department of Defense","","[object Object],[object Object]","2025-08-14","326","2027-08-26","W912UM23C0011",""
"LEONARD S FIORE INC","17397747","1","Department of Defense","PA","[object Object]","2023-03-17","1207","2026-05-01","W912DR23C0009",""
"G2 CONSTRUCTION INC","17346584","3","Department of Veterans Affairs","AK,WA","[object Object],[object Object],[object Object]","2023-09-11","1029","2026-05-04","36C77623C0003",""
"RECCO INC","17336000","1","Department of Defense","WY","[object Object]","2025-06-12","389","2027-04-24","W50S8W25CA004",""
"MAGUIRE-OHARA CONSTRUCTION INC","17300820","5","Department of Defense","OK","[object Object],[object Object],[object Object],[object Object],[object Object]","2025-09-12","297","2026-07-14","FA813725F0014",""
"COLLINS CONSTRUCTION SERVICES, INC","17187576","5","General Services Administration | Department of Defense","GA,SC,TX","[object Object],[object Object],[object Object],[object Object],[object Object]","2026-01-24","163","2026-12-21","47PC5226C0003",""
"ECC DIEGO GARCIA LLC","17184445","3","Department of Defense","","[object Object],[object Object],[object Object]","2025-09-12","297","2028-08-14","N4008425F0300",""
"DELCO LLC","17181947","2","Department of Veterans Affairs","AR","[object Object],[object Object]","2024-07-19","717","2026-09-23","36C25624C0035",""
"PLACE SERVICES INCORPORATED","17179200","1","Department of Defense","IN","[object Object]","2025-06-10","391","2027-08-31","W912QR25C0012",""
"WADSWORTH BUILDERS CO INC","17156668","4","Department of Defense","MT","[object Object],[object Object],[object Object],[object Object]","2024-06-01","765","2025-12-20","FA462624F0043",""
"ATLANTIC REFINISHING & RESTORATION, INC.","17112950","1","Department of Defense","DC","[object Object]","2020-09-30","2105","2026-02-03","W912DR20C0047",""
"TSONTOS, MICHAEL M., S.A.","17062788","5","Department of Defense","","[object Object],[object Object],[object Object],[object Object],[object Object]","2026-03-31","97","2028-07-31","N3319124F4213",""
"MIRADOR ENTERPRISES, INC.","17001067","6","Department of Defense","NM","[object Object],[object Object],[object Object],[object Object],[object Object],[object Object]","2025-03-13","480","2026-08-11","FA480125F0030",""
"WHITE MOUNTAIN CONSTRUCTION LLC","16980925","1","Department of Defense","AK","[object Object]","2018-09-07","2859","2024-10-30","W911KB18C0038",""
"SUMMIT CONSTRUCTION, INC.","16903245","2","Department of Defense","PR,TX","[object Object],[object Object]","2024-08-23","682","2026-10-05","HQC00324C0002",""
"OXFORD FEDERAL LLC","16848518","1","Department of Defense","","[object Object]","2021-01-14","1999","2025-02-22","W912GB21F0023",""
"MGI, INC.","16820881","6","Department of Veterans Affairs","AL,AR,IL,MI,OH,PA","[object Object],[object Object],[object Object],[object Object],[object Object],[object Object]","2026-04-20","77","2027-01-27","36C25025C0168",""
"MORGANTI GROUP, INC. THE","16760166","2","Department of Defense","","[object Object],[object Object]","2023-09-26","1014","2025-04-29","W912ER22C0016",""
"J G CONTRACTING","16754801","7","Department of Defense","CA","[object Object],[object Object],[object Object],[object Object],[object Object],[object Object],[object Object]","2025-10-01","278","2027-11-22","FA461024C0015",""
"NISOU LGC JV, LLC","16729657","2","Department of Defense","OH","[object Object],[object Object]","2025-03-10","483","2026-08-05","FA860122F0106",""
"GIDEON CONTRACTING LLC","16717013","4","Department of Defense","CA","[object Object],[object Object],[object Object],[object Object]","2023-09-27","1013","2026-02-23","N6247321F5390",""
"TOMPCO, INC.","16696076","2","Department of Defense","WA","[object Object],[object Object]","2019-07-02","2561","2025-09-10","N4425519F4283",""
"SEALASKA SECURE CONSTRUCTION SOLUTIONS, LLC","16680506","1","Department of Defense","NY","[object Object]","2024-02-28","859","2025-06-20","W912DS24C0009",""
"ISCANI INDUSTRIES LLC","16662630","2","Department of Defense","OK","[object Object],[object Object]","2023-01-27","1256","2025-08-15","FA813723C0008",""
"ENVIRONMENTAL CHEMICAL CORPORATION ITALY S.R.L.","16539475","2","Department of Defense","","[object Object],[object Object]","2025-07-31","340","2028-11-13","N3319125F6079",""
"DAP CONSTRUCTION MANAGEMENT LLC","16455347","5","Department of Veterans Affairs | Department of Defense","AZ,TX","[object Object],[object Object],[object Object],[object Object],[object Object]","2026-03-04","124","2028-01-30","36C25726N0240",""
"FUJIMOTO KENSETSU, KK","16418204","4","Department of Defense","","[object Object],[object Object],[object Object],[object Object]","2025-08-30","310","2027-06-16","FA520521F0124",""
"L. WALLACE CONSTRUCTION COMPANY INC.","16317648","3","Department of Defense","OK","[object Object],[object Object],[object Object]","2025-08-07","333","2027-06-24","W912BV25FA021",""
"SPECPRO ENVIRONMENTAL SERVICES LLC","16308459","1","Department of Defense","SC","[object Object]","2021-09-29","1741","2025-08-13","W9127S21F6024",""
"MB DESIGN CONSULTANTS, LLC","16253283","1","Department of Defense","SC","[object Object]","2024-04-22","805","2025-11-10","FA441824C0004",""
"MIKOCORP LLC","16252156","5","Department of Defense","OK","[object Object],[object Object],[object Object],[object Object],[object Object]","2025-09-22","287","2026-09-07","W9124L24F0018",""
"SAPPER WEST, INC.","16231368","6","Department of Veterans Affairs","CA","[object Object],[object Object],[object Object],[object Object],[object Object],[object Object]","2026-08-17","-42","2027-02-12","36C26222C0192",""
"SHOFAR COMMUNICATIONS LLC","16187559","6","Department of Defense","UT","[object Object],[object Object],[object Object],[object Object],[object Object],[object Object]","2025-09-16","293","2026-09-15","FA820125F0039",""
"CO.PEL. SOCIETA' A RESPONSABILITA' LIMITATA","16186467","2","Department of Defense","","[object Object],[object Object]","2024-08-23","682","2026-03-20","N3319123F4001",""
"TEJAS PREMIER BUILDING CONTRACTOR, INC","16158174","1","Department of Defense","TX","[object Object]","2024-10-30","614","2026-07-31","W50S7825C0001",""
"SHEFFIELD CONSTRUCTION, L.L.C.","16083242","2","Department of Defense","OK","[object Object],[object Object]","2025-09-25","284","2028-10-21","W912BV25FA070",""
"AAECON GENERAL CONTRACTING LLC","16080413","7","Department of Veterans Affairs | Department of Defense","FL,KY,MO,WV","[object Object],[object Object],[object Object],[object Object],[object Object],[object Object],[object Object]","2026-06-30","6","2027-11-03","36C24825C0043",""
"MAEDA-ONAKA JOINT VENTURE","15989480","1","Department of Defense","","[object Object]","2022-10-21","1354","2025-12-30","W912HV22C0015",""
"BLUE TRIDENT - NEWTON JV2","15969538","4","Department of Defense","WA","[object Object],[object Object],[object Object],[object Object]","2026-01-28","159","2027-09-20","N4425526F0061",""
"ROCK JV, LLC","15944631","6","Department of Veterans Affairs","KS,MO,TX","[object Object],[object Object],[object Object],[object Object],[object Object],[object Object]","2026-06-12","24","2027-10-05","36C25523C0119",""
"T & T CONSTRUCTION ENTERPRISES, LLC","15929588","6","Department of Defense","IN,KY","[object Object],[object Object],[object Object],[object Object],[object Object],[object Object]","2025-08-28","312","2026-04-30","W912QR23C0022",""
"TAZEWELL-BGI JV, LLC","15926896","4","Department of Defense","VA","[object Object],[object Object],[object Object],[object Object]","2023-03-01","1223","2026-03-20","N4008521F4343",""
"ICENOGLE CONSTRUCTION MANAGEMENT, INC.","15864745","1","Department of Veterans Affairs","CA","[object Object]","2022-09-20","1385","2026-11-26","36C77622C0103",""
"ITOGUMI CONSTRUCTION CO.,LTD.","15830893","1","Department of Defense","","[object Object]","2022-06-30","1467","2025-03-05","W912HV22C0007",""
"ADVANCED BUILDING CORPORATION","15830734","2","Department of Defense","WI","[object Object],[object Object]","2022-08-29","1407","2025-02-14","W9128F22C0028",""
"CHEMTRACK/CORNERSTONE JV III, LLC","15752772","1","Department of Defense","AK","[object Object]","2025-06-06","395","2027-02-05","W911KB25C0007",""
"A-PLUS K&K JV INC","15708585","5","Department of Defense","SC","[object Object],[object Object],[object Object],[object Object],[object Object]","2025-12-08","210","2027-11-30","FA441825F0104",""
"KHOTOL SERVICES CORPORATION","15675911","7","General Services Administration | Department of Defense","KS,KY,MO","[object Object],[object Object],[object Object],[object Object],[object Object],[object Object],[object Object]","2026-06-01","35","2027-03-23","47PG0525F0050",""
"B2 CONSTRUCTORS, LLC","15673661","5","Department of Veterans Affairs","IN,NC,TX","[object Object],[object Object],[object Object],[object Object],[object Object]","2026-01-13","174","2026-11-29","36C24622C0090",""
"SERGEANT CONSTRUCTION INC","15594523","4","Department of Veterans Affairs","IL","[object Object],[object Object],[object Object],[object Object]","2023-11-01","978","2026-03-08","36C25220C0217",""
"M. C. DEAN, INC.","15566212","1","Department of Defense","","[object Object]","2025-08-08","332","2027-10-18","N3319125C6008",""
"2A LLC","15550337","5","Department of Defense","HI,IL","[object Object],[object Object],[object Object],[object Object],[object Object]","2025-09-29","280","2027-09-23","W912EK25C0002",""
"ACCIONA CMS AUSTRALIA LLC","15482554","1","Department of Defense","","[object Object]","2025-06-12","389","2027-02-23","N6274225C1311",""
"PARADIGM CCW JV LLC","15479625","3","Department of Defense","AZ","[object Object],[object Object],[object Object]","2025-10-10","269","2026-09-17","FA487725F0201",""
"KAMIKITA KENSETSU CO.,LTD.","15470036","3","Department of Defense","","[object Object],[object Object],[object Object]","2025-11-20","228","2027-05-31","FA520522F0112",""
"UNAMI LLC","15443951","3","Department of Defense","AZ,NC","[object Object],[object Object],[object Object]","2024-09-01","673","2026-05-13","FA445224C0008",""
"DURABLE GOOD-MEN JV, LLC","15428006","5","Department of Defense","CA","[object Object],[object Object],[object Object],[object Object],[object Object]","2023-10-10","1000","2026-12-04","N6247322F4352",""
"MIA GENERAL CONTRACTING LLC","15377820","4","Department of Defense","FL,OK","[object Object],[object Object],[object Object],[object Object]","2025-07-21","350","2027-03-29","FA813724F0004",""
"AMENTUM SERVICES, INC.","15366499","1","Department of Defense","","[object Object]","2023-09-21","1019","2025-12-14","W912UM23C0004",""
"REAMIAN CONSTRUCTION CO.,LTD","15313740","2","Department of Defense","","[object Object],[object Object]","2023-01-23","1260","2025-06-10","W90VN923F0026",""
"WEBB ELECTRIC COMPANY OF FLORIDA, INC.","15267568","1","Department of Defense","TX","[object Object]","2022-04-01","1557","2024-10-05","W912BV22C0008",""
"BRISTOL SITE CONTRACTORS, LLC","15164336","1","Department of Defense","AK","[object Object]","2021-08-30","1771","2024-04-19","W911KB21C0020",""
"2H&V CONSTRUCTION SERVICES, LLC","15158000","7","Department of Veterans Affairs","FL,MS,TN","[object Object],[object Object],[object Object],[object Object],[object Object],[object Object],[object Object]","2026-06-01","35","2027-12-22","36C25626N0344",""
"CAVU-RONCELLI CONSTRUCTION JV-10 LLC","15104483","2","Department of Veterans Affairs","MI","[object Object],[object Object]","2023-12-04","945","2026-06-10","36C25023C0158",""
"MRP STEFANIK JV, LLC","15026897","4","Department of Veterans Affairs","PA,WV","[object Object],[object Object],[object Object],[object Object]","2026-04-22","75","2027-03-12","36C77625C0084",""
"PATRICK CONSTRUCTORS, LLC","15023992","1","Department of Defense","AK","[object Object]","2023-09-25","1015","2026-05-01","W911KB23C0030",""
"TDX QUALITY LLC","15019085","2","Department of Defense","AK,NJ","[object Object],[object Object]","2023-09-27","1013","2026-02-22","W912DS19C0022",""
"R2BUILD","14935595","2","Department of Defense","CA","[object Object],[object Object]","2025-10-20","259","2027-10-20","W912PL25CA012",""
"GSINA-PACIFIC JV II LLC","14926107","2","Department of Defense","WA","[object Object],[object Object]","2025-12-23","195","2027-09-13","N4425524F4348",""
"BERING P&L JV","14902217","4","Department of Defense","WA","[object Object],[object Object],[object Object],[object Object]","2023-05-02","1161","2024-03-14","N4425520F4269",""
"YABUDOKEN CO.","14900849","2","Department of Defense","","[object Object],[object Object]","2026-10-24","-110","2027-09-15","FA527025CC003",""
"BLUE PACIFIC II JV LLC","14887811","1","Department of Veterans Affairs","IL","[object Object]","2025-10-27","252","2027-10-05","36C77625C0094",""
"L.R. COSTANZO COMPANY, INCORPORATED","14781147","1","Department of Defense","PA","[object Object]","2025-06-13","388","2027-09-05","W912QR25C0016",""
"EIFFAGE INFRAESTRUCTURAS SAU Y EIFFAGE ENERGIA SLU, UTE, LEY 18/1982 DE 28 DE MAYO, EIFFAGE UTE","14725852","3","Department of Defense","","[object Object],[object Object],[object Object]","2025-07-11","360","2027-11-10","N3319124F4124",""
"IG OPERATION AND MAINTENANCE S.P.A.","14665295","4","Department of Defense","","[object Object],[object Object],[object Object],[object Object]","2021-09-30","1740","2025-09-15","W912GB21F0218",""
"FAYZA-LEAD CONSTRUCTION INC","14657939","3","Department of Veterans Affairs | Department of Defense","CA","[object Object],[object Object],[object Object]","2025-01-13","539","2026-10-05","36C26223C0201",""
"ROCKFORD CORPORATION","14627855","1","Department of Defense","RI","[object Object]","2021-04-15","1908","2025-09-30","W912WJ21C0009",""
"VALOR CONSTRUCTION MANAGEMENT, LLC","14600642","13","Department of Veterans Affairs","FL,PR","[object Object],[object Object],[object Object],[object Object],[object Object],[object Object],[object Object],[object Object],[object Object],[object Object],[object Object],[object Object],[object Object]","2026-05-04","63","2026-09-19","36C24819N0981",""
"K & K INDUSTRIES INC","14516557","4","Department of Defense","MO,SC","[object Object],[object Object],[object Object],[object Object]","2025-09-01","308","2026-10-03","FA441825C0003",""
"IAP-DESIGN BUILD, LLC","14497776","1","Department of Defense","OH","[object Object]","2023-03-01","1223","2025-03-27","W912QR23C0007",""
"EDIFICE SERVICES JV, LLC","14465589","1","Department of Defense","MD","[object Object]","2026-02-19","137","2029-02-26","N4008026F0060",""
"KASHIWABARA CORPORATION","14387595","3","Department of Defense","","[object Object],[object Object],[object Object]","2025-09-12","297","2026-12-06","FA520923F0128",""
"LIRA EC JV LLC","14335886","5","Department of Defense","AZ","[object Object],[object Object],[object Object],[object Object],[object Object]","2025-08-18","322","2027-02-04","FA487723C0010",""
"CORENIC CONSTRUCTION GROUP LLC","14277129","1","Department of Defense","MD","[object Object]","2022-07-01","1466","2025-03-31","W912DR22C0015",""
"RIZZANI DE ECCHER (USA) INC.","14248337","1","Department of Defense","","[object Object]","2018-12-20","2755","2022-02-18","N6247019C5009",""
"WALSH FEDERAL JOINT VENTURE","14149491","1","Department of Defense","OK","[object Object]","2017-03-13","3402","2021-04-12","W912BV17C0005",""
"EVERGREEN CONTRACTORS LLC","14145128","2","Department of Defense","NM","[object Object],[object Object]","2024-12-09","574","2026-05-06","W912PP25C0001",""
"OK2 CONSTRUCTION, LLC","14103068","4","Department of Defense","GA","[object Object],[object Object],[object Object],[object Object]","2025-06-16","385","2026-12-30","FA850123F0230",""
"SENECA FEDERAL SOLUTIONS, LLC","14081097","3","Department of Defense","CA,VA","[object Object],[object Object],[object Object]","2026-09-18","-74","2027-03-30","W912DY25CA037",""
"CONSORZIO CONTINENTAL SOCIETA' CONSORTILE A RESPONSABILITA' LIMITATA","14067136","4","Department of Defense","","[object Object],[object Object],[object Object],[object Object]","2024-08-28","677","2026-06-21","N3319124F4190",""
"SHORE HERMAN JV","14046342","2","Department of Veterans Affairs","CA,FL","[object Object],[object Object]","2022-10-03","1372","2025-12-31","36C26222C0174",""
"VMJR COMPANIES LLC","14026010","1","Department of Defense","NY","[object Object]","2023-04-19","1174","2026-04-30","W912DS23C0007",""
"KONDRA & JAQUIN ENTERPRISES INC - SAI JOINT VENTURE","14023991","2","Department of Defense","NY","[object Object],[object Object]","2022-09-30","1375","2025-04-30","W911S222F8511",""
"SGTR RJO JV, LLC","13995776","5","Department of Defense","ME,NY","[object Object],[object Object],[object Object],[object Object],[object Object]","2025-06-06","395","2026-07-01","W911S225FA155",""
"ARLOS GROUP, LLC","13843107","5","Department of Veterans Affairs","MT,OK,TX","[object Object],[object Object],[object Object],[object Object],[object Object]","2026-05-15","52","2027-11-28","36C25726C0056",""
"GANA-A'YOO CONSTRUCTION SERVICES JV, LLC","13684912","6","Department of Defense","MN,OH","[object Object],[object Object],[object Object],[object Object],[object Object],[object Object]","2025-09-26","283","2026-11-18","FA860125F0257",""
"GENERAL MECHANICAL CORPORATION","13647917","2","Department of Defense","FL","[object Object],[object Object]","2024-08-01","704","2026-03-31","N6945023C0073",""
"ARTEC GROUP INC, THE","13638942","1","Department of Defense","FL","[object Object]","2016-07-14","3644","2024-04-30","0001",""
"MGS CONSTRUCTION SERVICES INC.","13586179","3","Department of Defense","AR,CA","[object Object],[object Object],[object Object]","2025-09-30","279","2027-09-30","W50S6Q24C0002",""
"LK CONSTRUCTION CO., LTD.","13537936","6","Department of Defense","","[object Object],[object Object],[object Object],[object Object],[object Object],[object Object]","2025-09-26","283","2026-09-27","W90VN825FA061",""
"REAMS ENTERPRISES INC.","13521852","5","Department of Defense","GA,SC","[object Object],[object Object],[object Object],[object Object],[object Object]","2025-09-29","280","2026-07-21","W9124923F0267",""
"PACIFIC FEDERAL BUILDERS LLC","13467197","2","Department of Defense","HI","[object Object],[object Object]","2025-10-10","269","2028-09-25","W9128A25FA029",""
"VAZQUEZ REASBECK CONSTRUCTION LLC","13450169","1","Department of Defense","MO","[object Object]","2025-11-21","227","2027-10-22","FA462526F0005",""
"ECC MEZZ LLC","13436279","1","Department of Defense","","[object Object]","2018-10-26","2810","2022-12-31","N6247019F9001",""
"TURNER, RAMIREZ AND ASSOCIATES, INC.","13383890","5","Department of Defense","TX","[object Object],[object Object],[object Object],[object Object],[object Object]","2025-04-17","445","2025-09-03","N6945024C0046",""
"HONU'APO I, LLC","13366285","4","Department of Defense","DC,MD","[object Object],[object Object],[object Object],[object Object]","2022-06-07","1490","2026-01-09","FA706022F0050",""
"E2 CONTRACTING, INC.","13336878","5","Department of Veterans Affairs","CA","[object Object],[object Object],[object Object],[object Object],[object Object]","2024-04-15","812","2026-12-31","36C26222C0208",""
"EPERNAY DESIGN & CONSTRUCTION LLC","13321331","2","Department of Veterans Affairs | Department of Defense","MA","[object Object],[object Object]","2026-01-30","157","2027-03-26","36C24126C0003",""
"OLYMPIC ENTERPRISES INC","13310875","1","Department of Defense","NC","[object Object]","2022-11-03","1341","2026-05-11","FA480923F0003",""
"WAINSCHAF ASSOCIATES, INC.","13299000","1","Department of Veterans Affairs","NY","[object Object]","2026-06-22","14","2028-08-13","36C24226C0089",""
"W-T JOINT VENTURE","13257749","4","Department of Defense","NC","[object Object],[object Object],[object Object],[object Object]","2025-10-24","255","2026-09-09","W912PM24F0041",""
"REESE EQUIPMENT COMPANY LLC","13181313","4","Department of Defense","MO","[object Object],[object Object],[object Object],[object Object]","2025-10-20","259","2027-04-05","W911S725FA313",""
"NEESER PAUG VIK JV LLC","13154052","2","Department of Defense","AK","[object Object],[object Object]","2023-09-25","1015","2026-04-06","W911KB23F0155",""
"YUKSEL INSAAT SAUDIA CO. LTD","13148234","1","Department of Defense","","[object Object]","2022-07-29","1438","2024-07-28","W912ER22C0019",""
"GAM3 CONSTRUCTION LLC","13084888","3","Department of Defense","AZ","[object Object],[object Object],[object Object]","2025-08-19","321","2026-10-20","FA487725F0273",""
"HAWK-NIKING, LLC","13077722","5","Department of Defense","HI","[object Object],[object Object],[object Object],[object Object],[object Object]","2025-02-27","494","2027-05-18","N6247825F4012",""
"ATC-ABSHER 1 JOINT VENTURE","13025992","1","Department of Veterans Affairs","WA","[object Object]","2024-09-26","648","2026-10-18","36C26024C0031",""
"WITCO INDUSTRIES LTD.","13010141","5","Department of Defense","","[object Object],[object Object],[object Object],[object Object],[object Object]","2025-11-26","222","2029-04-18","W912HV25F0007",""
"KYUNAN CO., LTD.","12877628","6","Department of Defense","","[object Object],[object Object],[object Object],[object Object],[object Object],[object Object]","2025-12-15","203","2027-03-30","N4008423F4251",""
"HZ CONSTRUCTION INC","12822216","5","Department of Defense","FL","[object Object],[object Object],[object Object],[object Object],[object Object]","2025-08-27","313","2026-08-24","N6945025C1014",""
"TSC-EDIFICE JV1, LLC","12811563","2","Department of Defense","MD","[object Object],[object Object]","2025-10-06","273","2026-06-03","FA286024F0005",""
"COVENANT RUSSELL LLC","12805192","1","Department of Defense","NE","[object Object]","2021-09-16","1754","2025-05-10","W9128F21C0051",""
"BATTISTELLA S.P.A.","12764523","3","Department of Defense","","[object Object],[object Object],[object Object]","2024-10-21","623","2027-06-01","FA568224F0070",""
"PER-GEESH TLI JV, LLC","12742565","1","Department of Defense","CA","[object Object]","2025-07-01","370","2025-09-12","W912PL25C0016",""
"ETOLIN STRAIT PARTNERS, LLC","12730761","7","Department of Defense","MD,VA","[object Object],[object Object],[object Object],[object Object],[object Object],[object Object],[object Object]","2024-07-25","711","2027-01-18","N4008023F4272",""
"CAROLINA GROUP PROPERTIES LLC","12663342","4","Department of Veterans Affairs | Department of Defense","GA,NC","[object Object],[object Object],[object Object],[object Object]","2025-12-09","209","2026-11-24","36C24626C0009",""
"CCI MECHANICAL, LLC","12547562","2","Department of Defense","LA,TX","[object Object],[object Object]","2023-12-18","931","2026-04-17","W9126G23F0358",""
"EASTHILL KUNJ JV, LLC","12525014","2","Department of Defense","NY,PA","[object Object],[object Object]","2025-09-29","280","2026-09-28","W911SD25FA108",""
"AMERICAN VET INDUSTRIES, LLC","12504264","9","Department of Veterans Affairs | Department of Defense","DC,MD,VA,WV","[object Object],[object Object],[object Object],[object Object],[object Object],[object Object],[object Object],[object Object],[object Object]","2026-02-27","129","2026-12-08","36C24525N0922",""
"PAUG VIK & GHEMM COMPANY JOINT VENTURE II, LLC","12486153","1","Department of Defense","AK","[object Object]","2024-03-22","836","2025-11-22","W911KB24C0010",""
"FSI CONSTRUCTION, LLC","12483054","2","Department of Defense","TN","[object Object],[object Object]","2022-09-30","1375","2025-12-03","W912DY22F0661",""
"MIDNIGHT SUN - CENTENNIAL JV LLC","12463950","4","Department of Defense","LA,NC,TX","[object Object],[object Object],[object Object],[object Object]","2024-09-30","644","2025-11-20","W912HP24F3054",""
"WESTERLY HSU JV, LLC","12379036","1","Department of Defense","MD","[object Object]","2023-11-15","964","2026-01-14","FA286024F0002",""
"NATIONAL SERVICES PLUS, INC.","12345472","2","Department of Defense","MO","[object Object],[object Object]","2025-03-17","476","2026-05-26","W912DQ25FA003",""
"FULWOOD CONSTRUCTION COMPANY, LLC","12320510","1","Department of Veterans Affairs","MS","[object Object]","2026-06-30","6","2027-12-22","36C25626C0042",""
"ARROWHEAD CONTRACTING, INC.","12297174","5","Department of Defense","AL,GA,MS","[object Object],[object Object],[object Object],[object Object],[object Object]","2025-09-08","301","2026-07-16","W9124922C0017",""
"MENESES & MCFADDEN, CARTOR, VITOR HUGO CARVALHO, LDA","12295247","6","Department of Defense","","[object Object],[object Object],[object Object],[object Object],[object Object],[object Object]","2026-02-10","146","2028-10-27","FA448624F0026",""
"VETCON, LLC","12271735","3","Department of Veterans Affairs","AZ","[object Object],[object Object],[object Object]","2023-06-20","1112","2026-03-24","36C26222C0219",""
"OSPREY MANAGEMENT LLC","12259267","4","Department of Veterans Affairs | Department of Defense","GA,KY","[object Object],[object Object],[object Object],[object Object]","2025-10-06","273","2026-10-06","36C24724C0069",""
"MAGNA JV","12243629","3","Department of Defense","DE,MD,NM","[object Object],[object Object],[object Object]","2022-09-30","1375","2026-05-29","FA286021C0037",""
"K & S LLC","12171053","1","Department of Defense","IA","[object Object]","2021-09-24","1746","2024-12-13","W912LP21C0001",""
"WALGA ROSS GROUP JV","12163070","1","Department of Defense","TX","[object Object]","2021-09-14","1756","2024-01-31","N6945021F0639",""
"ECC ENVIRONMENTAL LLC","12108874","1","Department of Defense","CA","[object Object]","2021-06-22","1840","2021-06-22","W9128F21F0054",""
"M.E.R.I.T., INC.","12090479","5","Department of Defense","NJ","[object Object],[object Object],[object Object],[object Object],[object Object]","2024-10-18","626","2026-12-02","FA448421F0107",""
"BFL CONSTRUCTION CO INC","12084846","1","Department of Defense","AZ","[object Object]","2019-09-28","2473","2022-06-23","W912PL19C0035",""
"CONTEGO ENVIRONMENTAL LLC","12078410","4","Department of Veterans Affairs","TN","[object Object],[object Object],[object Object],[object Object]","2024-11-04","609","2025-08-13","36C24922C0046",""
"ECKO JV, LLC","11999037","1","Department of Veterans Affairs","IN","[object Object]","2026-06-05","31","2028-01-13","36C25026C0087",""
"DIVERSIFIED SITE SERVICES LLC","11983136","13","Department of Veterans Affairs","CT,FL,MA,ME,NC,NH,RI","[object Object],[object Object],[object Object],[object Object],[object Object],[object Object],[object Object],[object Object],[object Object],[object Object],[object Object],[object Object],[object Object]","2026-05-25","42","2027-06-23","36C24126N0553",""
"MNS KJE JV INC.","11958470","3","Department of Defense","NY","[object Object],[object Object],[object Object]","2025-06-03","398","2026-02-11","W911S225FA142",""
"EARTHTEK BUILDERS","11900476","2","Department of Veterans Affairs","CA","[object Object],[object Object]","2025-08-18","322","2026-10-26","36C26222C0217",""
"CPM - AWA LLC","11891165","4","Department of Defense","OH","[object Object],[object Object],[object Object],[object Object]","2025-09-30","279","2027-02-18","FA860125F0251",""
"SDJV","11844813","5","Department of Defense","MO,OK","[object Object],[object Object],[object Object],[object Object],[object Object]","2025-11-13","235","2026-12-18","W9124L24F0024",""
"VETERANS HOPE ASSOCIATES INC","11809120","3","Department of Veterans Affairs","NY","[object Object],[object Object],[object Object]","2026-02-03","153","2026-06-30","36C24223C0053",""
"PACIFIC COAST CONTRACTING GROUP","11768563","21","Department of Veterans Affairs","CA","[object Object],[object Object],[object Object],[object Object],[object Object],[object Object],[object Object],[object Object],[object Object],[object Object],[object Object],[object Object],[object Object],[object Object],[object Object],[object Object],[object Object],[object Object],[object Object],[object Object],[object Object]","2026-06-09","27","2026-10-09","36C26225C0196",""
"EAGLE CONTRACTORS, INC.","11747489","3","Department of Veterans Affairs","IN","[object Object],[object Object],[object Object]","2022-04-28","1530","2026-12-30","36C25022C0043",""
"ADIRONDACK CONSTRUCTION CORPORATION","11693442","2","Department of Defense","NY","[object Object],[object Object]","2024-09-16","658","2026-08-31","W912DS21C0023",""
"PEDERSEN & RANGEL","11662000","1","Department of Veterans Affairs","SD","[object Object]","2025-10-09","270","2027-06-12","36C26326C0008",""
"RAND ENTERPRISES, INC","11649663","4","Department of Defense","GA,NC,VA","[object Object],[object Object],[object Object],[object Object]","2023-08-29","1042","2026-05-22","N4008521F6009",""
"PANACEA CONSTRUCTION GROUP LLC","11642866","5","Department of Veterans Affairs","AZ,CA,KS,NC,WV","[object Object],[object Object],[object Object],[object Object],[object Object]","2026-08-05","-30","2027-01-04","36C77624C0136",""
"MIKE COATES CONSTRUCTION COMPANY, INC.","11623373","1","Department of Defense","OH","[object Object]","2023-09-28","1012","2026-05-18","W912QR23C0032",""
"CMC BUILDING INC","11591422","3","Department of Defense","SC","[object Object],[object Object],[object Object]","2023-07-08","1094","2026-03-21","N4008523F5798",""
"KINSLEY CONSTRUCTION, LLC","11579996","1","Department of Defense","MD","[object Object]","2020-09-22","2113","2022-10-30","W912QR20C0049",""
"CONSTRUCTION DEVELOPMENT SERVICES INC.","11504070","1","Department of Defense","VA","[object Object]","2012-02-08","5262","2015-03-26","0002",""
"CALLAHAN CONSTRUCTION COMPANY","11499341","1","Department of Defense","AK","[object Object]","2024-09-25","649","2026-04-24","W50S6K24C0002",""
"RANGE AND CIVIL CONSTRUCTION, LLC","11480487","1","Department of Defense","FL","[object Object]","2021-09-28","1742","2025-04-12","W912QR21C0046",""
"TACTICAL CONSTRUCTION, INC","11450461","6","Department of Veterans Affairs | General Services Administration","NY","[object Object],[object Object],[object Object],[object Object],[object Object],[object Object]","2026-05-22","45","2026-12-04","36C24226C0090",""
"E CORP","11395082","1","Department of Defense","AZ","[object Object]","2024-10-24","620","2026-11-13","W912PL24C0020",""
"PC&C-OCEAN JV, LLC","11314779","1","Department of Veterans Affairs","VA","[object Object]","2020-04-28","2260","2025-11-15","36C24620C0021",""
"T.C.I. CONSTRUCTION & MANAGEMENT CO., INC.","11296150","4","Department of Veterans Affairs","MD,NJ","[object Object],[object Object],[object Object],[object Object]","2025-02-28","493","2025-07-28","36C24221C0078",""
"BLUE NOSE IT SOLUTIONS, INC","11266097","13","Department of Veterans Affairs","CA","[object Object],[object Object],[object Object],[object Object],[object Object],[object Object],[object Object],[object Object],[object Object],[object Object],[object Object],[object Object],[object Object]","2026-06-15","21","2027-06-30","36C26223C0092",""
"TEXAS VELOCITY ENTERPRISES, LLC","11265996","5","Department of Veterans Affairs","TX","[object Object],[object Object],[object Object],[object Object],[object Object]","2026-05-22","45","2026-06-10","36C25724C0068",""
"MECCS MITOMO JV","11261303","4","Department of Defense","","[object Object],[object Object],[object Object],[object Object]","2025-09-23","286","2027-02-19","FA502525FB033",""
"DONLEY CONSTRUCTION LLC","11223666","2","Department of Defense","MD","[object Object],[object Object]","2024-01-31","887","2026-05-29","N4008024F4171",""
"YAMAUCHI GUMI LTD","11200954","3","Department of Defense","","[object Object],[object Object],[object Object]","2024-09-24","650","2026-05-08","W912HV24C0010",""
"JOHNSON CONTROLS, K.K.","11163139","1","Department of Defense","","[object Object]","2021-06-07","1855","2026-06-26","N4008421F4415",""
"F & C GROUP JV LLC","11089909","4","Department of Veterans Affairs","NY","[object Object],[object Object],[object Object],[object Object]","2026-05-20","47","2031-04-08","36C24226C0056",""
"BONATTI INGENIEROS Y ARQUITECTOS SOCIEDAD ANONIMA","11076492","3","Department of Defense","","[object Object],[object Object],[object Object]","2025-09-22","287","2027-12-07","W9127822F0257",""
"GULF TECH CONSTRUCTION LLC","11063473","1","Department of Veterans Affairs","NC","[object Object]","2019-10-04","2467","2021-12-14","36C24620C0009",""
"OHNO JYUDEN DOBOKU CO., LTD.","11022645","3","Department of Defense","","[object Object],[object Object],[object Object]","2026-02-26","130","2029-02-06","FA520925F0223",""
"NORDSTROM CONTRACTING & CONSULTING CORP","11013710","3","Department of Veterans Affairs","NJ,NY","[object Object],[object Object],[object Object]","2026-05-28","39","2026-09-30","36C24224C0045",""
"LUCIANOS EXCAVATION INC","11012195","1","Department of Defense","ME","[object Object]","2025-07-10","361","2027-01-16","N4008525C2513",""
"AL HAMRA KUWAIT COMPANY WLL","10978180","1","Department of Defense","","[object Object]","2023-08-07","1064","2025-02-27","W912ER23F0073",""
"RIVERVIEW CONSTRUCTION ASSOCIATES INC","10962006","1","Department of Defense","NY","[object Object]","2022-12-23","1291","2026-02-01","W50S8J23C0001",""
"DAX/GBAB JV 4, LLC","10954846","1","Department of Veterans Affairs","MN","[object Object]","2023-09-22","1018","2025-10-17","36C26323C0089",""
"MOWA BARLOVENTO LLC, JV","10940774","1","Department of Defense","FL","[object Object]","2021-09-15","1755","2024-12-05","N6945021F0716",""
"INDUSTRIA PACIFIC JV LLC","10938148","1","Department of Veterans Affairs","IL","[object Object]","2021-01-18","1995","2026-02-15","36C25521C0005",""
"HUANG-GAGHAN JV TWO","10929456","2","Department of Defense","DC,VA","[object Object],[object Object]","2023-07-19","1083","2025-08-20","N4008023F4592",""
"D. WILSON CONSTRUCTION COMPANY","10892763","1","Department of Defense","TX","[object Object]","2015-06-01","4053","2020-06-03","0002",""
"RBV CONTRACTING INC","10867164","2","Department of Defense","MI","[object Object],[object Object]","2022-07-18","1449","2025-09-28","W912EK21C0028",""
"HOME MAINTENANCE GROUP LLC","10866422","4","Department of Veterans Affairs","DE,PA","[object Object],[object Object],[object Object],[object Object]","2024-04-15","812","2025-12-31","36C24424C0007",""
"MARTINEZ SERVICES, INC.","10755028","5","General Services Administration | Department of Defense","CA,FL","[object Object],[object Object],[object Object],[object Object],[object Object]","2025-05-08","424","2026-08-04","47PK0525F0092",""
"R.V. DAGALEA CONSTRUCTION","10717922","4","Department of Defense","","[object Object],[object Object],[object Object],[object Object]","2024-09-19","655","2026-06-06","N6274223C6606",""
"BLUE YONDER INC","10710324","8","Department of Veterans Affairs","IL","[object Object],[object Object],[object Object],[object Object],[object Object],[object Object],[object Object],[object Object]","2024-09-11","663","2026-07-25","36C25223C0083",""
"CWJV","10658319","1","Department of Defense","AK","[object Object]","2021-09-01","1769","2023-01-11","W911KB21C0031",""
"EXPERT MAINTENANCE & CONSTRUCTION SERVICES LLC","10644460","2","Department of Defense","MO,SC","[object Object],[object Object]","2023-04-06","1187","2025-10-13","W912QG19C0006",""
"TRANS 4 FED LLC","10608570","1","Department of Defense","MS","[object Object]","2019-09-29","2472","2022-12-10","W912QR19C0045",""
"APC DB JV LLC","10582406","4","Department of Defense","FL,VA","[object Object],[object Object],[object Object],[object Object]","2025-10-20","259","2027-06-11","N6945024F0968",""
"CMP COMMERCIAL CONSTRUCTION INC","10567998","2","Department of Veterans Affairs","LA,TX","[object Object],[object Object]","2022-01-13","1635","2025-09-12","36C77622C0011",""
"FLUHARTY ERIE, LLC","10544052","5","Department of Veterans Affairs","OH,PA","[object Object],[object Object],[object Object],[object Object],[object Object]","2026-06-20","16","2027-08-16","36C25022C0054",""
"ANCHOR CONTRACTING, LLC","10511523","6","Department of Veterans Affairs","PA","[object Object],[object Object],[object Object],[object Object],[object Object],[object Object]","2026-03-18","110","2027-09-07","36C24425N1254",""
"COLT BUILDERS AND WEIL CONSTRUCTION JOINT VENTURE L.L.C.","10472523","3","Department of Defense","NM","[object Object],[object Object],[object Object]","2024-08-30","675","2026-06-18","FA485524F0071",""
"VETERANS LIGHTING, INC.","10466243","1","Department of Veterans Affairs","FL","[object Object]","2022-07-15","1452","2026-03-31","36C24822C0067",""
"CONTRACT AND PURCHASING SOLUTIONS, INC.","10460288","9","Department of Veterans Affairs","FL","[object Object],[object Object],[object Object],[object Object],[object Object],[object Object],[object Object],[object Object],[object Object]","2026-06-22","14","2027-03-07","36C24826C0030",""
"ARGO SYSTEMS, LLC","10444444","2","Department of Defense","MD,NC","[object Object],[object Object]","2017-09-26","3205","2024-04-05","W912DR16C0016",""
"GEIGER BROTHERS, INC.","10372124","1","Department of Defense","TN","[object Object]","2023-05-01","1162","2025-06-19","W912P523C0003",""
"SES TECHNOLOGIES LLC","10367242","3","Department of Defense","KS,MS,TX","[object Object],[object Object],[object Object]","2025-09-30","279","2026-05-28","W912DY24C0076",""
"KROESCHELL - EAGLE EYE JOINT VENTURE, LLC","10358481","2","Department of Defense","MS,VA","[object Object],[object Object]","2024-09-23","651","2026-06-09","W9127S23F6056",""
"T E DAVIS CONSTRUCTION CO","10335224","1","Department of Defense","NC","[object Object]","2020-03-12","2307","2024-12-13","N4008520F4764",""
"CODY M STEVENS CONSTRUCTION INC","10331906","5","Department of Defense","CA","[object Object],[object Object],[object Object],[object Object],[object Object]","2025-09-30","279","2027-01-12","N6893624C0050",""
"TRIBAL ONE TECHNOLOGY, LLC","10309923","3","Department of Defense","CO,IL","[object Object],[object Object],[object Object]","2026-01-01","186","2026-10-28","FA255025C0008",""
"HARCO NATIONAL INSURANCE COMPANY","10282501","1","Department of Defense","TX","[object Object]","2019-09-26","2475","2025-08-19","W912HY19C0024",""
"TOA CORPORATION","10266916","2","Department of Defense","","[object Object],[object Object]","2025-02-20","501","2026-05-18","N4008423F4769",""
"CHEMTRACK ALASKA, INC.","10264672","1","Department of Defense","AK","[object Object]","2022-10-28","1347","2025-05-30","FA500423C0002",""
"MIDONG ENGINEERING & CONSTRUCTION CO., LTD","10130581","1","Department of Defense","","[object Object]","2022-04-12","1546","2024-09-30","W90VN922F0067",""
"INTERDYNE CORP","10091942","3","Department of Defense","","[object Object],[object Object],[object Object]","2025-05-20","412","2026-03-07","W912ER24F0053",""
"W-T FEDERAL JOINT VENTURE","10067388","4","Department of Defense","NC","[object Object],[object Object],[object Object],[object Object]","2025-08-08","332","2026-08-21","W912PM24F0017",""
"MONUMENT CONSTRUCTION LLC","10064947","5","Department of Veterans Affairs | General Services Administration","MA,NC","[object Object],[object Object],[object Object],[object Object],[object Object]","2025-07-31","340","2026-07-27","36C24121N0514",""
"INTERNATIONAL CONSTRUCTION INC","10061880","4","Department of Defense","HI","[object Object],[object Object],[object Object],[object Object]","2022-06-01","1496","2025-05-21","N6247821F4068",""
"RATCLIFF CONSTRUCTION INC","10009297","4","Department of Defense","","[object Object],[object Object],[object Object],[object Object]","2024-07-30","706","2026-06-18","N6945023F0256",""
"ADVANCED MANAGEMENT GROUP, L.L.C.","10005099","3","Department of Defense","FL,TX","[object Object],[object Object],[object Object]","2025-09-04","305","2026-06-02","FA252125C0020",""
"GRENLAR-VNW JV1, LLC","10000000","1","Department of Defense","WA","[object Object]","2025-09-30","279","2027-04-04","W912DW25CA005",""
"BLUE PACIFIC JV LLC","9974435","1","Department of Veterans Affairs","WI","[object Object]","2022-08-16","1420","2026-07-23","36C77622C0068",""
"JV6 CONTRACTING LLC","9969539","1","Department of Veterans Affairs","IL","[object Object]","2024-07-18","718","2027-03-31","36C77624C0113",""
"SILVER LAKE - TMG JV2, LLC","9930115","2","Department of Defense","DC","[object Object],[object Object]","2026-03-12","116","2027-07-15","HQ003424F0723",""
"DMYLES INC.","9909738","3","Department of Veterans Affairs","NY","[object Object],[object Object],[object Object]","2025-02-19","502","2027-01-31","36C24225C0027",""
"RED BISON SERVICES, LLC","9908496","3","Department of Defense","LA,MS","[object Object],[object Object],[object Object]","2025-04-07","455","2026-08-21","W912P823C0042",""
"OLGOONIK SPECIALTY CONTRACTORS, LLC","9898410","4","General Services Administration | Department of Defense","CO,MO","[object Object],[object Object],[object Object],[object Object]","2026-04-28","69","2026-10-21","47PD5126F0111",""
"FOUR THIRTEEN INC","9892563","3","Department of Defense","TX","[object Object],[object Object],[object Object]","2025-08-28","312","2026-05-21","W911RQ23F0068",""
"ABHZEEN DESIGN INC","9882605","2","Department of Defense","MD,NJ","[object Object],[object Object]","2022-09-29","1376","2026-04-17","W912DR22C0019",""
"ALARES CONSTRUCTION INC.","9873527","2","Department of Veterans Affairs","CA,RI","[object Object],[object Object]","2022-10-01","1374","2026-09-30","VA24116C0037",""
"FACILITY DEFENSE CONSULTANTS INC","9869167","1","Department of Veterans Affairs","WA","[object Object]","2011-09-30","5393","2023-11-11","VA260C0909",""
"AUTUMN GENERAL CONTRACTING, LLC","9839595","1","Department of Defense","DC","[object Object]","2021-09-30","1740","2026-01-09","W912DR21C0055",""
"TEYA FRAWNER JV LLC","9811880","4","Department of Defense","AK","[object Object],[object Object],[object Object],[object Object]","2025-04-25","437","2026-06-08","FA500023F0108",""
"PATRIOT CONTRACTING GROUP, LLC","9796000","1","Department of Veterans Affairs","TN","[object Object]","2025-09-11","298","2027-05-14","36C77625C0095",""
"AMES 1, LLC","9735839","2","Department of Defense","AK,TX","[object Object],[object Object]","2023-10-08","1002","2025-10-24","FA500423C0017",""
"PRO-MARK SERVICES INC","9670365","2","Department of Defense","ND,NE","[object Object],[object Object]","2022-09-14","1391","2024-05-31","FA460020F0192",""
"PANHANDLE POWER SOLUTIONS LLC","9669240","1","Department of Defense","CO","[object Object]","2025-07-03","368","2027-07-03","W9128F25CA037",""
"4K GLOBAL-ACC MP, LLC","9653535","1","Department of Defense","NC","[object Object]","2025-09-29","280","2027-12-11","W912PM25C0036",""
"GREENWORX INC","9597094","5","General Services Administration | Department of Defense","NJ,NY","[object Object],[object Object],[object Object],[object Object],[object Object]","2024-09-20","654","2025-09-19","47PC0524P0008",""
"COMPASS ROOFING LLC","9577562","1","Department of Defense","ND","[object Object]","2023-02-10","1242","2025-02-28","W9128F23C0010",""
"PRECISION CONSTRUCTION GROUP, LLC","9559359","2","Department of Veterans Affairs","AZ","[object Object],[object Object]","2023-08-31","1040","2026-04-30","36C77621C0037",""
"CARMEN ROOFING SERVICES LLC","9552054","3","Department of Defense","OK","[object Object],[object Object],[object Object]","2025-11-17","231","2026-11-17","FA813723C0014",""
"T1 CONSTRUCTION LLC","9526756","2","Department of Defense","CO","[object Object],[object Object]","2026-03-30","98","2027-03-30","W912DR22C0071",""
"LFG SERVICES, LLC","9502510","2","Department of Defense","HI","[object Object],[object Object]","2023-02-23","1229","2027-02-23","W9127823F0089",""
"F.L. PINTO COMPANIES, LLC","9447490","2","General Services Administration | Department of Defense","MD,WA","[object Object],[object Object]","2024-03-07","851","2026-05-10","47PL0124F0022",""
"PMP/GBAB JV, LLC","9405085","1","Department of Defense","SD","[object Object]","2023-11-16","963","2026-10-09","W9128F24C0003",""
"TANIK CONSTRUCTION COMPANY, INC.","9379512","1","Department of Defense","AK","[object Object]","2014-09-25","4302","2024-07-31","0001",""
"OHISHI CONSTRUCTION CO. LTD","9329915","3","Department of Defense","","[object Object],[object Object],[object Object]","2026-03-09","119","2027-02-24","N4008425F4098",""
"MIAMI TRIBAL SYSTEMS INTEGRATORS, LLC","9327104","3","Department of Defense","GA","[object Object],[object Object],[object Object]","2025-09-24","285","2027-01-18","N6945023C0071",""
"FBGC JV LLC","9325570","3","Department of Defense","DC,MD","[object Object],[object Object],[object Object]","2023-03-24","1200","2027-05-26","N4008022F5017",""
"SET DIS TICARET SANAYI PETROL TASIMACILIK ATIK TESISLERI BILISIM VE INSAAT LIMITED SIRKETI","9251924","3","Department of Defense","","[object Object],[object Object],[object Object]","2025-09-18","291","2027-04-28","FA568522F0069",""
"CALIFORNIA CONSTRUCTORS","9249154","2","Department of Defense","CA","[object Object],[object Object]","2022-09-12","1393","2025-09-15","N6247320C0007",""
"US DIVERSIFIED CONTRACTING SERVICES INC.","9244297","39","Department of Veterans Affairs","AL,AR,CA,CO,FL,IA,IL,KS,ME,MO,NY,OH,OK,PA,TN,TX,VA,WI","[object Object],[object Object],[object Object],[object Object],[object Object],[object Object],[object Object],[object Object],[object Object],[object Object],[object Object],[object Object],[object Object],[object Object],[object Object],[object Object],[object Object],[object Object],[object Object],[object Object],[object Object],[object Object],[object Object],[object Object],[object Object],[object Object],[object Object],[object Object],[object Object],[object Object],[object Object],[object Object],[object Object],[object Object],[object Object],[object Object],[object Object],[object Object],[object Object]","2026-06-30","6","2027-01-08","36C78626N0350",""
"DRILLCO INC","9243809","4","Department of Veterans Affairs","NJ","[object Object],[object Object],[object Object],[object Object]","2024-12-05","578","2026-06-02","36C24223C0020",""
"BELT BUILT CFM GOVERNMENT SERVICES JV LLC","9221388","3","Department of Defense","DC,MD","[object Object],[object Object],[object Object]","2024-10-24","620","2026-08-05","FA706023F0126",""
"NORTHWIND-CORNERSTONE JOINT VENTURE LLC","9205294","1","Department of Defense","KY","[object Object]","2023-08-18","1053","2026-04-17","W912QR23F0318",""
"TI-SDC, JV LLC","9170333","2","Department of Defense","MD,PA","[object Object],[object Object]","2025-08-14","326","2026-07-24","W912HP24F6000",""
"SNODGRASS JOINT VENTURE","9168062","1","Department of Defense","VA","[object Object]","2023-09-14","1026","2025-12-31","N4008023F4857",""
"REGIMENT CONSTRUCTION CORP","9149375","1","Department of Veterans Affairs","NJ","[object Object]","2012-06-05","5144","2023-03-29","VA24312C0001",""
"NEXT GENERATION LOGISTICS, LLC","9088261","2","Department of Defense","LA","[object Object],[object Object]","2024-07-31","705","2025-08-15","W50S7Z22C0016",""
"FED CON - VC JOINT VENTURE","9037523","3","Department of Defense","CA","[object Object],[object Object],[object Object]","2023-03-29","1195","2026-04-08","N6247322F4325",""
"GSI NORTH AMERICA INC","9021359","3","Department of Defense","HI","[object Object],[object Object],[object Object]","2022-06-28","1469","2024-06-25","N6247822F4340",""
"MAYRANT & ASSOCIATES, LLC","9019805","1","Department of Defense","MS","[object Object]","2024-11-12","601","2026-08-03","W50S7H25C0001",""
"WFV CONSTRUCTION, LLC","8952014","1","Department of Veterans Affairs","KS","[object Object]","2020-08-28","2138","2024-11-08","36C25520N0387",""
"KNIGHTO LLC","8930243","3","Department of Veterans Affairs","MD,VA","[object Object],[object Object],[object Object]","2021-02-08","1974","2026-03-26","36C24620C0059",""
"CHATMON CONSTRUCTION LLC","8874754","1","Department of Defense","MS","[object Object]","2024-09-27","647","2025-07-07","W912HP24C4000",""
"BALES CONSTRUCTION COMPANY, INC.","8863416","2","Department of Defense","MO","[object Object],[object Object]","2025-08-13","327","2027-04-12","W911S725FA276",""
"JV6 CONTRACTING V2 LLC","8803788","2","Department of Veterans Affairs","IL","[object Object],[object Object]","2025-10-15","264","2027-05-20","36C25225C0051",""
"PERIKIN ENTERPRISES LLC","8793982","1","Department of Defense","NM","[object Object]","2024-05-06","791","2025-10-12","W912PP24C0007",""
"ALDRIDGE ELECTRIC INC","8749915","1","Department of Defense","IL","[object Object]","2022-12-20","1294","2025-05-19","N4008523C0002",""
"SEOHAI CONSTRUCTION CO.,LTD.","8712002","3","Department of Defense","","[object Object],[object Object],[object Object]","2024-09-24","650","2028-05-19","W912UM23C0007",""
"ELRIM CONSTRUCTION CO., LTD.","8700028","4","Department of Defense","","[object Object],[object Object],[object Object],[object Object]","2025-10-15","264","2026-12-18","W90VN725FA058",""
"TANAKAGUMI CO.,LTD.","8655777","3","Department of Defense","","[object Object],[object Object],[object Object]","2026-02-26","130","2027-08-17","FA520526F0035",""
"ALEUT FIELD SERVICES LLC","8614600","3","Department of Defense","AK","[object Object],[object Object],[object Object]","2023-08-11","1060","2025-09-30","W912D021F0347",""
"ROBBERT CONSTRUCTION, INC","8568000","10","Department of Veterans Affairs","ME,MI","[object Object],[object Object],[object Object],[object Object],[object Object],[object Object],[object Object],[object Object],[object Object],[object Object]","2025-04-08","454","2027-04-28","36C25025C0063",""
"DRACE CONSTRUCTION CORP","8565188","2","Department of Defense","GA,MS","[object Object],[object Object]","2025-11-11","237","2026-02-11","W50S7J25F0001",""
"FOUR TRIBES CONSTRUCTION SERVICES, LLC","8518299","3","Department of Defense","CA","[object Object],[object Object],[object Object]","2025-07-22","349","2026-07-21","N6893625F0333",""
"CONSTRUCTION TECHNOLOGY GROUP, INC.","8500120","1","Department of Veterans Affairs","NY","[object Object]","2019-03-25","2660","2025-06-30","36C24219C0061",""
"BUILDING ASSOCIATES INC","8464667","4","Department of Defense","IN","[object Object],[object Object],[object Object],[object Object]","2024-06-28","738","2025-05-25","N4008522F5848",""
"CHENEGA ARCHITECTURE AND DESIGN SOLUTIONS, LLC","8431237","3","Department of Defense","","[object Object],[object Object],[object Object]","2024-11-01","612","2028-10-31","FA890325C0001",""
"PNH RESOURCES PTE LTD","8426139","2","Department of Defense","","[object Object],[object Object]","2022-05-26","1502","2026-04-21","N4008419F4485",""
"SNC TALLIMAT, LLC","8402934","1","Department of Defense","CA","[object Object]","2025-09-29","280","2026-04-30","W9127825CA015",""
"SMNC PROPERTIES LLC","8379883","1","Department of Defense","HI","[object Object]","2022-10-10","1365","2026-12-10","W9128A22C0022",""
"AIM ENGINEERING, K. K.","8374488","4","Department of Defense","","[object Object],[object Object],[object Object],[object Object]","2026-03-11","117","2026-12-16","N4008424F4776",""
"AC LOPEZ CONSTRUCTION INC","8334535","3","Department of Defense","CA","[object Object],[object Object],[object Object]","2025-10-01","278","2027-06-07","W911SA23F2070",""
"STRV JV II LLC","8289808","3","Department of Defense","NV","[object Object],[object Object],[object Object]","2021-09-27","1743","2026-04-09","FA486121F0409",""
"SILER SCF JV LLC","8268252","1","Department of Defense","SC","[object Object]","2023-05-10","1153","2025-04-10","FA441823F0053",""
"AN41-AAK JV LLC","8259525","3","Department of Defense","AZ,HI","[object Object],[object Object],[object Object]","2024-07-10","726","2025-11-03","N6247824F4044",""
"MIK CONSTRUCTION INC","8234713","3","Department of Defense","CA","[object Object],[object Object],[object Object]","2024-09-30","644","2026-09-30","W9123824F0099",""
"INDIAN TOWNSHIP SANCHEZ GROUP, LLC","8227598","2","Department of Defense","MD","[object Object],[object Object]","2025-09-30","279","2027-09-24","N0042125C0015",""
"SABREE, INC.","8173354","1","Department of Defense","DC","[object Object]","2014-03-12","4499","2026-01-19","N4008014C2003",""
"VAL-E-WEST CONSTRUCTION, INC","8155041","3","Department of Defense","NV","[object Object],[object Object],[object Object]","2022-09-14","1391","2026-06-01","FA486122F0255",""
"KOMAN ADVANTAGE, LLC","8150805","2","Department of Defense","KS,NM","[object Object],[object Object]","2025-07-15","356","2026-08-22","W912PP25C0004",""
"JAFFA CONSTRUCTION, INC.","8146793","1","Department of Defense","AK","[object Object]","2022-06-17","1480","2024-10-31","FA500422C0015",""
"CPS BUILDING SERVICES LIMITED","8132196","2","Department of Defense","","[object Object],[object Object]","2023-09-26","1014","2025-08-31","FA558723F0165",""
"COPPER CURRENT INC","8081614","1","Department of Defense","AK","[object Object]","2019-05-16","2608","2021-01-22","W911KB19C0019",""
"PORT MADISON ENTERPRISES CONSTRUCTION CORPORATION","8070894","3","Department of Defense","AK,WA","[object Object],[object Object],[object Object]","2024-07-16","720","2025-09-30","N4425524F4199",""
"WB CONSTRUCTION LLC","8037100","2","Department of Defense","FL","[object Object],[object Object]","2024-07-30","706","2025-12-12","N6945023F1007",""
"GFS CRCC JV LLC","8023029","1","Department of Veterans Affairs","AR","[object Object]","2021-03-30","1924","2024-12-31","36C25621C0062",""
"DIVERSIFIED CONTRACTORS, INC.","8018538","1","Department of Defense","OR","[object Object]","2025-05-07","425","2026-10-09","W50S8Z25CA011",""
"CAVU-RONCELLI A JOINT VENTURE LLC","7989026","1","Department of Veterans Affairs","MI","[object Object]","2022-10-25","1350","2026-07-31","36C25022C0217",""
"UNAMI HWH JOINT VENTURES, LLC","7975174","1","Department of Defense","TX","[object Object]","2023-10-20","990","2025-09-19","W9126G24C0005",""
"DAP-BRISTOL JV, LLC","7974478","1","Department of Defense","TX","[object Object]","2023-09-26","1014","2025-06-22","W9126G23F0365",""
"VET CON SOUZA A JOINT VENTURE","7965144","2","Department of Defense","GA","[object Object],[object Object]","2025-08-05","335","2027-02-06","FA850125F0112",""
"SAWYER SERVICES INC","7912903","2","Department of Defense | Department of Homeland Security","MI,VA","[object Object],[object Object]","2025-09-30","279","2026-07-02","W9123625C2008",""
"FALCON JV, LLC","7886047","3","Department of Veterans Affairs","MO","[object Object],[object Object],[object Object]","2023-10-13","997","2026-02-05","36C77623C0180",""
"A4 SERVICES LLC","7880895","1","Department of Veterans Affairs","KS","[object Object]","2023-10-23","987","2026-07-31","36C25523C0124",""
"LNA BRAWLEY, LLC.","7876832","2","Department of Defense","SC","[object Object],[object Object]","2023-09-25","1015","2025-07-31","FA480322F0044",""
"EAU GALLIE ELECTRIC, INC.","7865775","1","Department of Veterans Affairs","FL","[object Object]","2023-11-15","964","2026-10-15","36C24824C0014",""
"WEST COAST CONTRACTORS, INC.","7855129","2","Department of Defense","ND","[object Object],[object Object]","2024-10-23","621","2026-11-06","FA465924F0054",""
"RED POINT CONSTRUCTION, LLC","7808878","2","Department of Defense","AK","[object Object],[object Object]","2024-10-01","643","2025-08-26","FA500024C0017",""
"GM-BULLTRACK JOINT VENTURE LLC","7783478","3","Department of Defense","HI","[object Object],[object Object],[object Object]","2021-07-29","1803","2024-08-08","N6247821F4222",""
"BUNDESMINISTERIUM FÜR UMWELT, NATURSCHUTZ UND REAKTORSICHERHEIT","7770086","2","Department of Defense","","[object Object],[object Object]","2021-04-07","1916","2026-09-30","W564KV21C0019",""
"JOHNSONDANFORTH, INC","7729225","8","Department of Veterans Affairs","CA,LA,MI,OH","[object Object],[object Object],[object Object],[object Object],[object Object],[object Object],[object Object],[object Object]","2026-06-11","25","2026-09-11","36C25622C0086",""
"CODARAY CONSTRUCTION, LLC","7718938","1","Department of Defense","MS","[object Object]","2021-10-19","1721","2024-08-23","W9127Q21C0015",""
"SINEW MANAGEMENT GROUP LLC","7678225","2","Department of Defense","CA","[object Object],[object Object]","2025-04-13","449","2026-04-13","W912GY25F0008",""
"R2BUILD-PROCON JV LLC","7670232","1","Department of Defense","TX","[object Object]","2022-09-30","1375","2026-07-20","FA667522C0004",""
"PRIME PROJECTS INTERNATIONAL (CONSTRUCTION ) LIMITED","7666212","3","Department of Defense","","[object Object],[object Object],[object Object]","2025-09-17","292","2027-06-20","N3319125F6013",""
"KEKOLU-RIO VISTA JOINT VENTURE, LLC","7658772","3","Department of Defense","UT","[object Object],[object Object],[object Object]","2025-05-01","431","2026-03-22","FA820125F0117",""
"SK CONSTRUCTION AND MANAGEMENT INC.","7626708","3","Department of Defense","NY","[object Object],[object Object],[object Object]","2025-09-29","280","2026-09-28","W911SD25FA087",""
"BRYMAK FSI JV, LLC","7623654","1","Department of Veterans Affairs","VA","[object Object]","2025-09-19","290","2026-05-17","36C24625C0064",""
"SAFESPILL SYSTEMS LLC","7589328","2","Department of Defense","TX,VA","[object Object],[object Object]","2024-09-11","663","2025-10-19","N4008523C0060",""
"CLEAN WATER MECHANICAL & CONSTRUCTION - CALL ASSOCIATES JV, LLC","7487596","2","Department of Defense","NY","[object Object],[object Object]","2023-10-16","994","2024-09-27","W912DS23C0037",""
"CADENCE CONTRACT SERVICES, LLC","7471436","2","Department of Defense","NY","[object Object],[object Object]","2024-09-17","657","2025-12-11","W911S224F8727",""
"AGBAYANI CONSTRUCTION CORPORATION","7471162","2","Department of Defense","GU","[object Object],[object Object]","2022-12-22","1292","2025-01-17","N4019222F4332",""
"AHTNA-CDM JV","7469309","4","Department of Defense","CA","[object Object],[object Object],[object Object],[object Object]","2025-12-31","187","2028-06-15","N6247321F5293",""
"BRYMAK EAGLE PRO LLC","7436565","1","Department of Defense","TN","[object Object]","2019-09-22","2479","2025-01-21","W9123619F0112",""
"DRIEKAST PIPING CORP","7417830","1","Department of Veterans Affairs","OH","[object Object]","2021-08-31","1770","2026-09-01","36C25021C0250",""
"KOSAKA KOMUTEN CO.,LTD.","7382077","2","Department of Defense","","[object Object],[object Object]","2025-09-09","300","2027-03-08","FA520524F0005",""
"ZODIAC-POETTKER HBZ JOINT VENTURE, LLC","7380195","1","Department of Defense","AR","[object Object]","2020-09-17","2118","2022-08-15","W9127S20C6013",""
"KINGSBURY COMPANIES LLC","7357916","1","Department of Veterans Affairs","VT","[object Object]","2020-03-05","2314","2026-10-22","36E77620C0036",""
"KNUCKLES-WILLIAMS CONTRACTING, INC.","7312440","3","General Services Administration | Department of Defense","DC","[object Object],[object Object],[object Object]","2026-05-06","61","2026-11-25","47PE5226C0009",""
"TALON CONSTRUCTION JV, LLC","7298781","1","Department of Defense","AL","[object Object]","2022-09-20","1385","2024-12-08","W912HN22C4000",""
"GSI HAWAII INC","7275465","2","Department of Defense","HI","[object Object],[object Object]","2025-09-30","279","2026-04-28","W9128A23C0015",""
"ALAN SHINTANI INC","7238428","2","Department of Defense","HI","[object Object],[object Object]","2020-02-18","2330","2024-07-16","N6247819F4176",""
"GMH-C JV, LLC","7236636","4","Department of Defense","KY,TN","[object Object],[object Object],[object Object],[object Object]","2025-06-09","392","2025-12-06","W9124824F4003",""
"NORTHRIDGE CONSTRUCTION GROUP LLC","7102000","1","Department of Defense","TX","[object Object]","2024-10-01","643","2025-08-18","FA667524C0009",""
"MARSH DEVELOPMENT, INC.","7052659","2","Department of Defense","AZ","[object Object],[object Object]","2023-09-25","1015","2026-05-01","W9124A23C0009",""
"VANGUARD PACIFIC LLC","7039038","3","Department of Defense","CA,FL,NY","[object Object],[object Object],[object Object]","2025-12-28","190","2027-01-26","W912PL24C0034",""
"AAA GENERAL CONTRACTORS LLC","7017673","2","Department of Veterans Affairs","TX","[object Object],[object Object]","2026-07-09","-3","2027-05-05","36C25726C0067",""
"PRIME VERITAS GENERAL TRADING & CONTRACTING","7012323","3","Department of Defense","","[object Object],[object Object],[object Object]","2025-07-16","355","2026-06-09","W519TC25CA009",""
"GREEN LEAF BUILDERS CORBARA JV","7012016","1","Department of Defense","CA","[object Object]","2023-09-26","1014","2026-07-31","W912PL23C0022",""
"CONCIERGE BUSINESS SOLUTIONS INC","7000000","1","Department of Veterans Affairs","WV","[object Object]","2022-05-17","1511","2025-07-09","36C24522C0104",""
"THE OAK GROUP, INC.","6980938","1","Department of Defense","NJ","[object Object]","2022-09-14","1391","2024-10-31","FA448422C0012",""
"MARCIA K BECKWITH INC","6951881","3","Department of Defense","IL","[object Object],[object Object],[object Object]","2025-09-30","279","2026-10-28","FA440725F0157",""
"LACUSONG LEILANI","6929163","2","Department of Defense","CA","[object Object],[object Object]","2025-10-30","249","2027-10-22","W912PL25CA021",""
"MARRERO, COUVILLON & ASSOCIATES, L.L.C.","6914655","2","Department of Defense","NM","[object Object],[object Object]","2025-09-30","279","2026-08-06","FA485525F0045",""
"LOYALTY SUPPORT SERVICES","6865877","4","Department of Defense","","[object Object],[object Object],[object Object],[object Object]","2025-08-19","321","2026-06-30","FA580823F0041",""
"TAVARES LLC","6864273","2","Department of Defense","MA","[object Object],[object Object]","2025-01-16","536","2025-12-12","FA283524C0042",""
"V&C GENERAL CONTRACTOR LLC","6817101","2","Department of Veterans Affairs","PR","[object Object],[object Object]","2026-06-17","19","2028-06-16","36C24825C0015",""
"WARFEATHER, LLC","6806828","1","Department of Defense","OK","[object Object]","2022-05-05","1523","2025-02-28","FA813722F0047",""
"SAFECO-OCEAN JV, LLC","6749727","2","Department of Defense","VA","[object Object],[object Object]","2022-05-06","1522","2025-12-08","N4008522F5091",""
"USA ENVIRONMENTAL MANAGEMENT INC","6745814","1","Department of Defense","PA","[object Object]","2023-07-15","1087","2025-04-28","W912DS23C0008",""
"BWHIT INFRASTRUCTURE SOLUTIONS LLC","6713266","4","Department of Veterans Affairs","IL,TN","[object Object],[object Object],[object Object],[object Object]","2026-03-26","102","2027-07-16","36C25226C0013",""
"PED CONCEPTS INC.","6694275","3","Department of Defense","FL","[object Object],[object Object],[object Object]","2025-12-04","214","2026-12-04","N6945026F0008",""
"UP-SIDE MANAGEMENT CO","6683016","1","Department of Defense","AL","[object Object]","2020-09-29","2106","2025-02-03","W9127820F0572",""
"PRIME ONE GROUP GENERAL TRADING AND CONTRACTING COMPANY WLL","6655858","4","Department of Defense","","[object Object],[object Object],[object Object],[object Object]","2024-05-17","780","2026-03-16","FA580822F0078",""
"BRICE APTIM JV LLC","6620890","1","Department of Defense","FL","[object Object]","2023-04-21","1172","2023-09-15","W912EP23C0014",""
"ANCHOR-41 CONSTRUCTION LLC","6610577","3","Department of Veterans Affairs","CA,NV","[object Object],[object Object],[object Object]","2026-03-28","100","2027-02-12","36C26224C0333",""
"BENECORP INC","6578631","3","Department of Defense","FL,MS","[object Object],[object Object],[object Object]","2025-10-10","269","2026-06-01","N6945023C0068",""
"M.D. PAR, L.L.C.","6500918","2","Department of Veterans Affairs","OK","[object Object],[object Object]","2023-02-15","1237","2025-10-31","36C77623C0023",""
"PHILLIPS C&C LLC","6494276","4","Department of Veterans Affairs","NV,VA","[object Object],[object Object],[object Object],[object Object]","2026-06-22","14","2027-07-27","36C24626C0040",""
"ML BUILDERS, LLC","6385852","3","Department of Veterans Affairs | Department of Defense","SC","[object Object],[object Object],[object Object]","2022-09-26","1379","2026-12-31","36C24620C0048",""
"LEE GROVER CONSTRUCTION COMPANY","6380736","1","Department of Defense","MO","[object Object]","2020-09-15","2120","2024-09-30","W50S7G20C0001",""
"UHRIG CONSTRUCTION INC","6370148","1","Department of Defense","PA","[object Object]","2026-02-06","150","2027-02-21","W50S9226CA001",""
"POWER WASHING EXTREME, INC. (DBA) PWE, INC.","6344523","2","Department of Defense","OK","[object Object],[object Object]","2025-07-21","350","2027-09-08","W9124L24F0045",""
"TRI VET CONTRACTING CO, INC","6308247","3","Department of Veterans Affairs","PA","[object Object],[object Object],[object Object]","2025-07-01","370","2026-04-30","36C24421C0059",""
"SPAARK INC","6306919","1","Department of Defense","NJ","[object Object]","2025-02-17","504","2028-03-20","W15QKN25CA006",""
"GMA-AVM JOINT VENTURE","6299210","1","Department of Defense","NC","[object Object]","2019-07-25","2538","2024-09-12","W9124219C5007",""
"FOLSOM, LLC","6217858","3","Department of Defense","FL","[object Object],[object Object],[object Object]","2025-08-28","312","2026-06-05","N6945025C0027",""
"ACRO CONSTRUCTION, LLC","6216004","2","Department of Veterans Affairs","FL","[object Object],[object Object]","2022-10-10","1365","2026-09-30","36C24821C0067",""
"GSINA-PACIFIC JV LLC","6185938","3","Department of Defense","WA","[object Object],[object Object],[object Object]","2021-10-18","1722","2023-04-20","W912DW21F2103",""
"DRI, INC.","6183837","7","Department of Veterans Affairs","AL,GA,OR,TN,WV","[object Object],[object Object],[object Object],[object Object],[object Object],[object Object],[object Object]","2026-03-27","101","2026-12-22","36C26025C0025",""
"FIREWATCH CONTRACTING OF FLORIDA LLC","6148741","1","Department of Veterans Affairs","KY","[object Object]","2026-03-16","112","2027-03-17","36C24926C0005",""
"INFINITE ENERGY CONSTRUCTION, INC","6146047","3","Department of Defense","CA,MO","[object Object],[object Object],[object Object]","2025-05-01","431","2026-07-27","FA462525F0024",""
"TE-FSI JV, LLC","6140522","2","Department of Defense","VA,WA","[object Object],[object Object]","2023-09-30","1010","2025-09-08","W912DY23C0056",""
"TEYA SUPPORT SERVICES LLC","6130952","2","Department of Defense | Department of Homeland Security","AK,AL","[object Object],[object Object]","2025-07-30","341","2026-12-18","N6833525C0519",""
"COPELAND CONTRACTING COMPANY INC","6079943","1","Department of Defense","MS","[object Object]","2022-07-26","1441","2024-09-30","FA302223C0004",""
"S & K DESIGN BUILD LLC","6075672","2","Department of Defense","MI,SC","[object Object],[object Object]","2024-03-25","833","2025-12-10","N4008524F4833",""
"COSMEZZ S.A.R.L.","6070115","2","Department of Defense","","[object Object],[object Object]","2024-09-17","657","2026-10-02","N3319120F4409",""
"NORTHWIND ENGINEERING, LLC","6068935","2","Department of Defense | Department of State","OH,VA","[object Object],[object Object]","2025-10-07","272","2027-01-19","W912EK25CA019",""
"APPLIED CONSTRUCTION TECHNOLOGIES, LLC","6061973","1","Department of Defense","NM","[object Object]","2016-02-23","3786","2021-02-01","0003",""
"MILITARY INSTALLATION DEVELOPMENT AUTHORITY","6061443","2","Department of Defense","UT","[object Object],[object Object]","2025-09-23","286","2026-09-24","FA820125F0382",""
"MASTER PACIFIC JV, LLC","6010348","1","Department of Veterans Affairs","WI","[object Object]","2021-12-13","1666","2025-03-21","36C25222C0006",""
"HLS CONSTRUCTION, INC.","5996794","2","Department of Veterans Affairs","VA","[object Object],[object Object]","2015-12-23","3848","2024-09-27","VA24616C0003",""
"MDM CONSTRUCTION SUPPLY, LLC","5996200","3","Department of Defense","WI","[object Object],[object Object],[object Object]","2026-02-09","147","2027-03-26","W911SA26FA038",""
"EXBON DEVELOPMENT INC","5995915","1","Department of Defense","NV","[object Object]","2018-09-04","2862","2025-08-29","FA486118FA140",""
"D&D CONSTRUCTION, INC.","5983000","4","General Services Administration | Department of Defense","HI","[object Object],[object Object],[object Object],[object Object]","2026-05-05","62","2026-12-31","47PD5526F0143",""
"CETERIS, INC.","5981828","2","Department of Defense","FL,LA","[object Object],[object Object]","2024-07-30","706","2025-09-25","N6945022C0063",""
"SUNG AN CONSTRUCTION.CO.LTD","5979713","2","Department of Defense","","[object Object],[object Object]","2025-07-01","370","2026-09-30","W90VN825F0009",""
"L & J BUILDING COMPANY LLC","5966700","2","Department of Defense","NE","[object Object],[object Object]","2023-09-22","1018","2025-08-29","W50S8922F0016",""
"AHTNA BUILDERS, LLC","5962500","1","Department of Defense","AZ","[object Object]","2024-09-29","645","2026-05-04","W912DY24C0066",""
"NEXT-CEI JV LLC","5955383","1","Department of Defense","HI","[object Object]","2024-07-31","705","2025-10-14","W912CN24F0460",""
"MIDNIGHT SUN-GLENMAR JV","5921518","1","Department of Defense","OR","[object Object]","2024-04-02","825","2025-08-21","W50S8Y24C0001",""
"RFS LLC","5909249","3","Department of Defense","ND","[object Object],[object Object],[object Object]","2024-07-08","728","2026-04-07","FA452822F0065",""
"RIZA CONSTRUCTION INC","5900110","2","Department of Defense","NC","[object Object],[object Object]","2025-09-30","279","2027-06-28","W9124725CA074",""
"RCO CONSTRUCTION, L.L.C.","5893716","3","Department of Defense","TX","[object Object],[object Object],[object Object]","2023-10-05","1005","2025-02-26","FA301623C0036",""
"UTILITY MAINTENANCE CONTRACTORS LLC","5874604","1","Department of Veterans Affairs","KS","[object Object]","2026-07-13","-7","2027-04-09","36C25526C0055",""
"BENTON ROOFING, INC.","5829766","1","Department of Veterans Affairs","AL","[object Object]","2026-01-05","182","2027-02-04","36C24725C0093",""
"SAM A CONSTRUCTION CO., LTD","5796117","2","Department of Defense","","[object Object],[object Object]","2025-05-30","402","2026-10-05","W90VN925FA048",""
"TBI PAYNE JV, LLC","5790000","1","Department of Veterans Affairs","PA","[object Object]","2025-10-21","258","2026-10-29","36C24426N0055",""
"TAEWANG E&C CO., LTD.","5788654","3","Department of Defense","","[object Object],[object Object],[object Object]","2025-04-03","459","2026-04-03","W90VN824F0028",""
"TOKUNAGA ELITE JV LLC","5776545","2","Department of Defense","HI","[object Object],[object Object]","2023-02-09","1243","2025-12-08","N6247823F4080",""
"ASTREA GROUP FOR TRADING AND CONTRACTING","5771558","2","Department of Defense","","[object Object],[object Object]","2025-06-07","394","2026-03-14","FA570224F0076",""
"SERVICIOS Y OBRAS SEOBRA S.A.S.","5764758","1","Department of Defense","","[object Object]","2022-02-04","1613","2025-10-31","W9127822F0046",""
"NORTH STAR GOVERNMENT SERVICES","5747126","2","Department of Defense","GU","[object Object],[object Object]","2025-09-17","292","2027-06-24","N4019225F0154",""
"S & P ENTERPRISE LLC","5723845","1","Department of Defense","HI","[object Object]","2024-10-30","614","2026-07-18","W9128A24C0023",""
"THE MANTLE GROUP INC","5675365","1","Department of Defense","IL","[object Object]","2025-05-28","404","2026-09-06","W912EK25CA010",""
"FREEDOM CONTRACTORS JV1, LLC","5595520","2","Department of Defense","MS","[object Object],[object Object]","2023-05-08","1155","2024-10-30","W9127823F0142",""
"PURE ENVIRO-MANAGEMENT, LLC","5593253","3","General Services Administration | Department of Defense","AS,CO,UT","[object Object],[object Object],[object Object]","2026-04-01","96","2027-03-25","47PD5526C0015",""
"PEAK ELECTRIC, INC.","5590651","2","Department of Defense","DC","[object Object],[object Object]","2024-09-26","648","2026-08-21","N4008024F5035",""
"GRACEN ENGINEERING & CONSTRUCTION INC","5549654","1","Department of Defense","NM","[object Object]","2025-10-20","259","2027-05-10","W912PP25CA009",""
"PREMIER MECHANICAL PRODUCTS LLC","5548951","2","Department of Defense","KS,MO","[object Object],[object Object]","2025-09-29","280","2026-09-29","W91QF425CA015",""
"BLACK WAVE DESIGN AND DEVELOPMENT LLC","5547243","1","Department of Defense","NY","[object Object]","2023-12-08","941","2025-09-30","FA875124C0002",""
"MA-CHIS SE JV LLC","5493203","2","Department of Defense","VA","[object Object],[object Object]","2026-03-24","104","2026-11-25","FA480026C0008",""
"ASHFORD INTERNATIONAL, LLC","5465888","1","Department of Defense","VA","[object Object]","2020-07-31","2166","2026-04-13","FA480020C0026",""
"SERVICIOS AKJ, S.A DE C.V","5465822","1","Department of Defense","","[object Object]","2024-05-01","796","2025-07-31","W912DQ24C4008",""
"CONTRACK-NASS JV","5464683","1","Department of Defense","","[object Object]","2018-07-02","2926","2020-01-16","W912ER18C0023",""
"R. J. JUROWSKI CONSTRUCTION, INC.","5418299","1","Department of Defense","WI","[object Object]","2025-09-15","294","2026-09-14","W911SA25CA013",""
"APPLE CONSTRUCTION COMPANY","5353294","1","Department of Defense","MS","[object Object]","2023-03-16","1208","2025-05-26","FA301023C0011",""
"BLAKELAND, LLC","5318531","2","Department of Defense","FL","[object Object],[object Object]","2024-06-25","741","2025-05-07","N6945019C7213",""
"PINEWOOD INC.","5283655","2","Department of Defense","","[object Object],[object Object]","2025-05-10","422","2026-05-25","W90VN825FA044",""
"GEC TRUCKING & CONSTRUCTION, INC","5262440","2","Department of Veterans Affairs | Department of Defense","FL,GA","[object Object],[object Object]","2023-11-07","972","2026-06-15","36C24823C0121",""
"COLIN CONSTRUCTION COMPANY, INC.","5262190","1","Department of Veterans Affairs","CA","[object Object]","2022-04-29","1529","2024-12-23","36C26122C0027",""
"WEST BROTHERS CONSTRUCTION INC","5233696","1","Department of Defense","MS","[object Object]","2025-09-30","279","2026-09-30","FA302225C0022",""
"PARADIGM CONSTRUCTION SERVICES, LLC","5227821","2","Department of Defense","AZ","[object Object],[object Object]","2024-10-24","620","2025-12-07","W912PL24C0033",""
"MCGARY CONSTRUCTION LLC","5224999","2","Department of Defense","FL","[object Object],[object Object]","2025-09-27","282","2026-10-22","W9127825CA012",""
"ROGUE INDUSTRIES LLC","5210334","1","Department of Defense","FL","[object Object]","2023-10-01","1009","2026-01-16","FA282323F0360",""
"MW SERVICES INC","5202168","3","Department of Defense","TX","[object Object],[object Object],[object Object]","2024-08-09","696","2026-05-19","FA466124F0059",""
"SPEEDWAY ORION JV","5182161","1","Department of Defense","CA","[object Object]","2022-05-27","1501","2024-12-12","N6247322F4555",""
"SUCCOR-OCEAN JV, LLC","5168656","1","Department of Defense","VA","[object Object]","2021-12-07","1672","2025-01-31","N4008522F4188",""
"WEBB CONSTRUCTION GROUP INC","5167326","3","Department of Defense","GA","[object Object],[object Object],[object Object]","2024-09-25","649","2026-01-28","W911SF22F0192",""
"PHOENIX MEDICAL CONSTRUCTION CO INC","5160444","1","Department of Veterans Affairs","NY","[object Object]","2020-09-25","2110","2026-03-30","36C24220C0192",""
"DE LA HOZ BUILDERS, INC.","5159298","3","Department of Defense","","[object Object],[object Object],[object Object]","2025-12-08","210","2027-10-19","FA252124F0128",""
"ACTS-MELTECH JV1, LLC","5124588","1","Department of Veterans Affairs","DC","[object Object]","2023-08-28","1043","2026-08-29","36C24523N0754",""
"EEI-ARKEL JOINT VENTURE LLC","5122297","1","Department of Defense","FL","[object Object]","2022-09-27","1378","2025-01-31","FA481922C0041",""
"RAZOR CONSULTING SOLUTIONS, INC","5114628","1","Department of Defense","ND","[object Object]","2022-01-09","1639","2023-04-28","W9128F22C0007",""
"DEFENDER CONTRACTING & CONSTRUCTION 2, LLC","5084094","2","Department of Defense","CA","[object Object],[object Object]","2025-08-27","313","2028-03-24","W9124B25FA097",""
"VISTA CONSTRUCTION, LLC","5034977","1","Department of Defense","VA","[object Object]","2014-09-03","4324","2017-11-16","W9123614C0043",""
"CHITINA-AMES 1 JV, LLC","5020529","1","Department of Defense","AL","[object Object]","2022-09-28","1377","2024-04-07","W9127822F0409",""
"D AND D, LLC","5010828","2","Department of Defense","KY","[object Object],[object Object]","2025-09-29","280","2026-07-31","W519TC25FA239",""
"PRO-PROST JOINT VENTURE","5006850","1","Department of Veterans Affairs","MO","[object Object]","2022-09-20","1385","2024-11-29","36C25522C0078",""
"MOHAMMAD YOUSEF ALSHBATAT & PARTNERS COMPANY FOR CONTRACTING","5002015","2","Department of Defense","","[object Object],[object Object]","2024-08-01","704","2025-12-09","FA580824F0033",""
"KETA SEVAN JV, LLC","4995187","1","Department of Defense","ID","[object Object]","2025-07-22","349","2027-04-08","FA489725C0005",""
"BLUEWAY ONE JV LLC","4993000","1","Department of Veterans Affairs","OR","[object Object]","2026-03-24","104","2027-06-11","36C77626C0033",""
"THE SPANOS GROUP LLC","4992977","1","Department of Veterans Affairs","MS","[object Object]","2025-10-07","272","2026-10-20","36C25626C0004",""
"DEFENDER CONTRACTING & CONSTRUCTION LLC","4975515","2","Department of Defense","SC","[object Object],[object Object]","2025-03-12","481","2026-05-05","FA441824F0048",""
"CARLISLE CONSTRUCTION, LLC","4949000","2","Department of Defense","GA","[object Object],[object Object]","2025-09-19","290","2026-04-28","W911SF24F0146",""
"HEARTWOOD PACIFIC, LLC","4939597","1","Department of Defense","HI","[object Object]","2022-08-07","1429","2024-12-30","W50SLF22C0002",""
"MIDDLETON CONSTRUCTION CONSULTING, LLC","4939549","1","Department of Veterans Affairs","WI","[object Object]","2021-01-18","1995","2024-03-15","36C25221C0020",""
"TMGL LLC","4939260","1","Department of Defense","MA","[object Object]","2022-09-12","1393","2024-09-30","W911QY22C0056",""
"WALKER FEDERAL SERVICES, LLC.","4935230","7","Department of Veterans Affairs | General Services Administration","FL,LA,MO,PA","[object Object],[object Object],[object Object],[object Object],[object Object],[object Object],[object Object]","2025-09-24","285","2026-12-30","36C24425C0020",""
"MIJA CONSTRUCTION SERVICES LLC","4921558","1","Department of Defense","CA","[object Object]","2024-09-26","648","2026-04-17","W912QR24C0041",""
"HARTFORD ACCIDENT & INDEMNITY CO","4880443","1","Department of Defense","ND","[object Object]","2021-07-29","1803","2025-06-13","W9128F21C0042",""
"U.S. INNOVATIVE CONSTRUCTION, LLC","4869773","1","Department of Veterans Affairs","NY","[object Object]","2019-09-18","2483","2022-07-27","36C24219C0250",""
"NUMUNU MARTINEZ JV, LLC","4830319","1","Department of Defense","FL","[object Object]","2025-09-09","300","2026-10-26","N6945025C1056",""
"CONSORZIO STABILE ARTEMIDE","4804495","2","Department of Defense","","[object Object],[object Object]","2025-09-30","279","2026-09-30","N3319124F4334",""
"J STAR ENTERPRISES INC","4799000","1","Department of Defense","NM","[object Object]","2025-09-30","279","2027-01-25","FA940125C0019",""
"GRECO CONSTRUCTION INC","4788382","1","Department of Defense","GA","[object Object]","2021-05-10","1883","2022-08-19","N6945021C0021",""
"DAV ENERGY SOLUTIONS, INC.","4783395","14","Department of Veterans Affairs","AL,CA,DC,FL,MA,NJ,NY,TX,VA,WI","[object Object],[object Object],[object Object],[object Object],[object Object],[object Object],[object Object],[object Object],[object Object],[object Object],[object Object],[object Object],[object Object],[object Object]","2026-06-29","7","2030-12-02","36C10F22F0005",""
"AIC INTERNATIONAL INC","4766591","1","Department of Defense","GU","[object Object]","2024-07-30","706","2025-09-03","N4019224F4193",""
"PCI - MEGEN JOINT VENTURE LLC","4763489","2","Department of Defense","OH","[object Object],[object Object]","2023-12-06","943","2025-09-01","FA860124F0022",""
"NPK CO.,LTD.","4762156","1","Department of Defense","","[object Object]","2025-07-28","343","2027-05-19","FA520925F0162",""
"HILO ENTERPRISES LLC","4748349","1","Department of Defense","CA","[object Object]","2023-04-20","1173","2025-03-11","W912PL23C0006",""
"CHESAPEAKE PLANNING AND CONSULTING LLC","4740419","2","Department of Veterans Affairs","TX,VA","[object Object],[object Object]","2025-08-05","335","2027-01-27","36C25724C0041",""
"PERMON CONTRACTORS INC","4708212","1","Department of Defense","CA","[object Object]","2021-09-22","1748","2025-04-30","N6247321C3435",""
"DE LA FUENTE CONSTRUCTION, INC.","4696829","1","Department of Defense","NM","[object Object]","2021-10-11","1729","2023-03-03","W912PP21C0023",""
"PADOVANI CONSTRUCTION LLC","4677176","1","Department of Veterans Affairs","NJ","[object Object]","2022-11-21","1323","2026-04-17","36C24223C0042",""
"JT WEST CONSTRUCTION, INC.","4675884","4","Department of Veterans Affairs","CA","[object Object],[object Object],[object Object],[object Object]","2026-06-12","24","2026-12-25","36C26226C0141",""
"RWH ENERGY LLC","4644099","1","Department of Veterans Affairs","AZ","[object Object]","2026-07-15","-9","2027-09-02","36C77626C0062",""
"INDUSTRY STANDARD USA, LLC","4635098","2","Department of Veterans Affairs","NY","[object Object],[object Object]","2025-09-04","305","2028-09-30","36C24225C0082",""
"AHNTECH INC","4630904","1","Department of Defense","GA","[object Object]","2019-09-22","2479","2024-10-08","W9123619F0113",""
"US 2 VETERANS LLC","4628687","1","Department of Veterans Affairs","CA","[object Object]","2026-06-09","27","2027-02-22","36C26226C0203",""
"BRISTOL COMMUNICATION & POWER SYSTEMS, LLC","4601735","1","Department of Defense","TX","[object Object]","2022-09-30","1375","2024-05-14","W9126G22C0044",""
"AMERISTAR CONTRACTING GROUP, INC.","4600225","3","Department of Defense | Department of Homeland Security","FL,NJ","[object Object],[object Object],[object Object]","2024-07-31","705","2026-04-15","FA481922C0040",""
"SENECA CONSTRUCTION MANAGEMENT LLC","4594133","1","Department of Defense","TX","[object Object]","2021-09-28","1742","2024-01-26","W9126G21C4574",""
"ARELI, INC.","4551294","1","Department of Defense","HI","[object Object]","2022-09-30","1375","2026-06-18","W912DY22C0050",""
"ADVANCED CONSTRUCTION SERVICES INC","4548053","1","Department of Defense","OK","[object Object]","2024-02-09","878","2025-06-20","FA813724F0002",""
"GLOBAL GATE LLC","4534179","1","Department of Defense","WV","[object Object]","2025-10-28","251","2027-05-01","W50S8V25CA011",""
"NISHINIPPON PLANT ENGINEERING AND CONSTRUCTION CO., LTD.","4527780","1","Department of Defense","","[object Object]","2024-02-22","865","2027-07-20","N4008424F4244",""
"ALCAN BUILDERS INCORPORATED","4508672","2","Department of Defense","AK","[object Object],[object Object]","2024-08-26","679","2026-03-30","W912D024F0181",""
"E2-N2 JV, LLC","4500000","1","Department of Defense","TX","[object Object]","2025-09-30","279","2026-05-05","W9115125CA023",""
"GOVSOLUTIONS, INC.","4494967","2","Department of Veterans Affairs","VA","[object Object],[object Object]","2024-03-12","846","2026-06-30","36C24624C0008",""
"NEWA ENTERPRISES, INC.","4493437","1","Department of Defense","CA","[object Object]","2025-05-02","430","2025-12-31","N6247325C2712",""
"CUSICK-CMS JV, INC","4491164","1","Department of Defense","CA","[object Object]","2024-06-03","763","2025-09-05","W9123824C0013",""
"VANAR EASTERN JV1, LLC","4484928","1","Department of Defense","VA","[object Object]","2025-09-11","298","2026-09-30","W9123625C2010",""
"BERING STRAITS PROFESSIONAL SERVICES, LLC","4473789","1","Department of Defense","DC","[object Object]","2024-09-10","664","2026-06-26","HQ003424C0095",""
"FAYZAMERICA LLC","4472670","2","Department of Veterans Affairs","CA","[object Object],[object Object]","2025-09-25","284","2026-11-29","36C26225C0213",""
"CHIEFS CONSTRUCTION, INC","4472147","1","Department of Defense","MS","[object Object]","2021-09-30","1740","2024-10-11","FA301021C0028",""
"JOHN CHRIS TAYLOR CONSTRUCTION & DESIGN LLC","4434700","1","Department of Defense","NJ","[object Object]","2024-09-12","662","2026-03-01","W15QKN24C5015",""
"CMM/SETH, A.C.E.","4432717","2","Department of Defense","","[object Object],[object Object]","2023-07-25","1077","2025-09-30","FA448622C0005",""
"GRENLAR SHAPE JV, LLC","4349787","2","Department of Defense","WA","[object Object],[object Object]","2025-06-18","383","2026-09-01","N4425525F0132",""
"CITI APPROVED ENTERPRISE, LLC","4333171","2","Department of Defense","LA","[object Object],[object Object]","2021-09-17","1753","2025-07-31","W9126G21C0031",""
"SSC-APS JV, LLC","4324754","1","Department of Defense","TX","[object Object]","2022-09-30","1375","2026-05-21","W912DR22C0072",""
"UNIQUE TECHNICAL SOLUTIONS INC","4308765","1","Department of Defense","MI","[object Object]","2023-08-11","1060","2025-06-13","W912CH23CL006",""
"KANAGAWA NABCO PTY. LTD.","4271531","2","Department of Defense","","[object Object],[object Object]","2025-07-28","343","2026-10-27","FA520925F0014",""
"BURMAN CONSTRUCTION, LLC","4267469","2","Department of Defense","TX","[object Object],[object Object]","2023-11-14","965","2025-04-03","W9126G22C0045",""
"EVERGREEN FIRE ALARMS LLC","4249358","1","Department of Defense","WA","[object Object]","2022-09-30","1375","2026-01-04","W50S9E22C0003",""
"SUZUKI KENSETSU KOGYO CO.,LTD.","4240755","2","Department of Defense","","[object Object],[object Object]","2025-06-27","374","2026-10-03","FA520525F0083",""
"DEAN KURTZ CONSTRUCTION COMPANY","4239969","2","Department of Defense","SD","[object Object],[object Object]","2026-03-13","115","2027-06-30","W9128F26CA017",""
"ENCANTO FACILITY SERVICES 2 LLC","4222048","2","Department of Defense","TX","[object Object],[object Object]","2020-09-24","2111","2026-04-15","N6945020F1277",""
"ASJ-NASCO JV, LLC","4206616","2","Department of Defense","CO,TX","[object Object],[object Object]","2025-07-28","343","2026-05-06","W9115124C0005",""
"NEST ENGINEERING - IN AIR GENERAL CONTRACTOR, LLC","4195405","1","Department of Veterans Affairs","PR","[object Object]","2022-09-16","1389","2027-09-12","36C24822C0079",""
"CCI SOLUTIONS, LLC","4181420","2","Department of Defense","FL,HI","[object Object],[object Object]","2023-12-19","930","2025-07-28","W9128A21C0005",""
"POONGLIM CONSTRUCTION CO., LTD","4169439","2","Department of Defense","","[object Object],[object Object]","2022-05-25","1503","2026-03-12","W90VN722F0092",""
"HANBAEK CONSTRUCTION CO.,LTD","4153872","2","Department of Defense","","[object Object],[object Object]","2025-08-19","321","2026-11-13","W90VN925FA034",""
"POTAWATOMI DEFENSE OPERATIONS LLC","4152511","1","Department of Defense","TX","[object Object]","2025-05-12","420","2026-07-28","FA301625C0017",""
"GUARDIAN TECHNICAL CONTRACTING","4135737","2","Department of Defense","","[object Object],[object Object]","2022-08-11","1425","2025-04-15","FA491122C0020",""
"ATLANTIC PACIFIC STANDARD LLC","4125252","1","Department of Defense","AZ","[object Object]","2025-09-19","290","2027-03-13","W912PL25FA031",""
"LG CONSTRUCTION INC","4097343","2","Department of Defense","MD","[object Object],[object Object]","2024-09-18","656","2026-06-30","W912DR23C0022",""
"KIRNAK INSAAT SANAYI VE TICARET LTD STI","4083784","1","Department of Defense","","[object Object]","2021-09-13","1757","2026-09-15","FA568521F0080",""
"SEQUOIA CONSTRUCTION INCORPORATED","4083187","1","Department of Defense","NJ","[object Object]","2022-09-26","1379","2026-06-30","FA448422F0302",""
"ACI BUILD GROUP LLC","4056626","2","Department of Defense","KS","[object Object],[object Object]","2024-08-30","675","2025-08-29","W91QF424C0004",""
"MASSILLON CONSTRUCTION AND SUPPLY LLC","4050999","1","Department of Defense","OH","[object Object]","2023-06-30","1102","2025-04-30","W9136423C0002",""
"INTEGRATED DLF SOLUTIONS JV, LLC","4041025","1","Department of Defense","OK","[object Object]","2024-10-23","621","2026-04-07","W912BV25C0003",""
"RANGE CONSTRUCTION LLC","4033740","1","Department of Defense","VA","[object Object]","2025-09-29","280","2027-02-23","W912DR25CA013",""
"FEDERAL ROOFING AND CONSTRUCTION COMPANY LLC","4015760","1","Department of Veterans Affairs","TX","[object Object]","2025-09-26","283","2026-07-22","36C25725C0078",""
"OTAK GROUP, INC","4014746","1","Department of Defense","","[object Object]","2013-09-27","4665","2015-03-31","0004",""
"VCIN GENERAL CONTRACTOR, LLC","4013111","2","Department of Veterans Affairs","PR","[object Object],[object Object]","2025-09-30","279","2027-04-24","36C24825C0031",""
"MATAI SERVICES, LLC","4010265","1","Department of Defense","MO","[object Object]","2024-08-29","676","2026-01-30","W912DQ24C4028",""
"TAWREEK DIMENSIONS ESTABLISHMENT (TDE)","4008862","2","Department of Defense","","[object Object],[object Object]","2023-08-01","1070","2025-05-30","W90BRJ22C0007",""
"RDZ CONTRACTORS, INC.","4004148","1","Department of Defense","CA","[object Object]","2025-09-29","280","2028-02-21","FA461025F0189",""
"ALUTIIQ OPERATIONS SERVICES, LLC","3999469","1","Department of Defense","WA","[object Object]","2025-09-29","280","2026-11-27","W911S825CA020",""
"GEMS ENVIRONMENTAL MANAGEMENT SERVICES, INC.","3981109","1","Department of Defense","CA","[object Object]","2015-09-30","3932","2019-10-03","0001",""
"JAB GENERAL CONTRACTOR LLC","3974546","5","Department of Veterans Affairs","IN","[object Object],[object Object],[object Object],[object Object],[object Object]","2026-04-01","96","2026-09-28","36C25026C0098",""
"MACDONALD-BEDFORD MBP, A JOINT VENTURE","3972050","2","Department of Defense","GU","[object Object],[object Object]","2022-08-01","1435","2024-07-31","N4019221F4012",""
"MARCO FEDERAL SERVICES, LLC","3970346","1","Department of Defense","VA","[object Object]","2019-11-15","2425","2024-08-14","W9127820F0027",""
"ORCOM, A DIVISION OF ORTEGA COMPANIES, INC","3939470","1","Department of Defense","NM","[object Object]","2023-11-10","969","2025-07-01","W912PP23C0010",""
"ALLSTATE HEATING AND COOLING, INCORPORATED","3934742","2","Department of Defense","TN","[object Object],[object Object]","2025-09-12","297","2026-09-08","W9124825FA224",""
"LAKOTA SOLUTIONS LLC","3932701","1","Department of Defense","FL","[object Object]","2024-06-27","739","2026-01-16","N6945024C0034",""
"MARE SOLUTIONS INC","3884825","7","Department of Veterans Affairs | General Services Administration","PA,WV","[object Object],[object Object],[object Object],[object Object],[object Object],[object Object],[object Object]","2024-05-30","767","2026-05-20","36C24423N0727",""
"EIGHTY-NINE ENTERPRISES LLC","3882688","1","Department of Veterans Affairs","WV","[object Object]","2023-07-28","1074","2025-02-04","36C24523C0096",""
"C&A - CORNERSTONE JV","3853433","1","Department of Defense","GA","[object Object]","2025-12-12","206","2027-08-13","W912HN26CA009",""
"DISABLED VETERANS CONSTRUCTION INC","3848866","8","Department of Veterans Affairs","AR,CO,LA,MT,OH,TX","[object Object],[object Object],[object Object],[object Object],[object Object],[object Object],[object Object],[object Object]","2025-11-03","245","2026-09-17","36C25625C0072",""
"UNKS CONSTRUCTION, INC.","3820024","1","Department of Veterans Affairs","CA","[object Object]","2024-09-25","649","2026-08-01","36C26224C0286",""
"SJV2","3812415","1","Department of Defense","DC","[object Object]","2024-10-28","616","2026-05-04","FA706025F0003",""
"DC ARCHITECTS, INC.","3811507","1","Department of Defense","FL","[object Object]","2021-07-28","1804","2025-09-30","N6945021C0034",""
"W E S T DEVELOPMENT, INC.","3809536","2","Department of Defense","CA","[object Object],[object Object]","2024-09-28","646","2025-09-23","N6247324C3003",""
"RELIANCE-BERNEXIS JOINT VENTURE LLC","3800058","2","Department of Defense","DC,VA","[object Object],[object Object]","2024-09-13","661","2026-09-01","W912DY24C0037",""
"EGA SOLUTIONS LLC","3797420","2","Department of Veterans Affairs","IN","[object Object],[object Object]","2024-05-30","767","2026-06-24","36C25023C0056",""
"NATIONAL PROJECT MANAGEMENT LLC","3791982","1","Department of Veterans Affairs","NC","[object Object]","2025-11-10","238","2026-12-31","36C24626C0003",""
"HCG-JCG JOINT VENTURE","3776793","1","Department of Defense","VA","[object Object]","2022-06-24","1473","2024-12-11","N4008522F5534",""
"RED EAGLE 2 JV","3730588","1","Department of Defense","OK","[object Object]","2024-10-15","629","2026-03-24","W912BV24C0024",""
"JETEX MECHANICAL, LLC","3723814","6","Department of Veterans Affairs","NY","[object Object],[object Object],[object Object],[object Object],[object Object],[object Object]","2026-03-10","118","2026-06-08","36C24225C0050",""
"ARGUS CJW JV LLC","3709315","2","Department of Defense","DC","[object Object],[object Object]","2021-08-25","1776","2026-05-29","N4008021F4895",""
"TOKYO BUSINESS SERVICE CO.,LTD.","3705911","2","Department of Defense","","[object Object],[object Object]","2025-09-27","282","2027-09-17","FA520925F0249",""
"J WEST ELECTRICAL CONTRACTING LLC","3691657","2","Department of Defense","MO","[object Object],[object Object]","2024-12-06","577","2026-12-05","W912DQ24C7003",""
"ROBERT F. HYLAND & SONS, LLC","3677802","1","Department of Veterans Affairs","NY","[object Object]","2021-08-31","1770","2024-10-30","36C24221C0181",""
"TRANSJET - CONSTRUCOES E TRANSPORTES, LDA","3664713","1","Department of Defense","","[object Object]","2023-09-28","1012","2026-03-31","FA448623F0023",""
"YERKES SOUTH BCS JV LLC","3649907","1","Department of Defense","SD","[object Object]","2023-10-02","1008","2024-10-23","W9128F23F0192",""
"STANDARD COMMUNICATIONS INC","3633398","2","Department of Veterans Affairs","PA,SD","[object Object],[object Object]","2025-09-10","299","2027-02-10","36C26324C0087",""
"JMJ CONSTRUCTION CO INC","3626121","2","Department of Defense","WI","[object Object],[object Object]","2025-02-26","495","2026-07-31","W912J222C0002",""
"FORUS CONTRACTING, INC.","3622133","2","Department of Defense","IL","[object Object],[object Object]","2025-09-30","279","2026-09-29","N4008525C0046",""
"KEI ALLIANCE JV LLC","3599971","1","Department of Defense","TX","[object Object]","2025-10-01","278","2027-03-25","FA301625C0038",""
"GBD3 JV","3559107","2","Department of Veterans Affairs","DC,MD","[object Object],[object Object]","2024-10-04","640","2026-05-30","36C24524N0908",""
"STANDARD CONTRACTORS, INC","3553997","1","Department of Defense","GA","[object Object]","2025-09-25","284","2026-11-16","FA483025F0055",""
"SERKA TAAHHUT INSAAT ANONIM SIRKETI","3551826","1","Department of Defense","","[object Object]","2020-09-30","2105","2023-11-22","W912GB20F0447",""
"CONSTRUCTION OUTFITTERS INTERNATIONAL INC","3547134","1","Department of Defense","","[object Object]","2023-09-27","1013","2025-12-31","W9128F23F0275",""
"AL MUSAIRIE TRADING & CONTRACTING COMPANY -QATAR","3536309","1","Department of Defense","","[object Object]","2024-08-28","677","2026-02-15","FA570224F0067",""
"BRASS CONSTRUCTION LLC","3493145","1","Department of Defense","GA","[object Object]","2022-09-23","1382","2024-04-24","W912HN22C4004",""
"KRD ENTERPRISE PTE. LTD.","3483086","1","Department of Defense","","[object Object]","2025-09-23","286","2028-10-07","N4008425F0361",""
"SERVICE DISABLED CONTRACTING GROUP, INC.","3479083","1","Department of Veterans Affairs","VA","[object Object]","2023-01-09","1274","2024-04-03","36C24623C0005",""
"QUALITY CCTV SYSTEMS, INC.","3478143","1","Department of Defense","VA","[object Object]","2024-01-22","896","2026-09-30","W9123624C2009",""
"AL JAZY TRADING COMPANY","3467713","2","Department of Defense","","[object Object],[object Object]","2024-09-24","650","2028-01-16","FA580824F0049",""
"BME & SONS INC","3454400","2","Department of Defense","GU","[object Object],[object Object]","2024-09-27","647","2025-09-27","N4019224F4270",""
"GUNCO. L.L.C.","3441515","1","Department of Defense","LA","[object Object]","2024-09-27","647","2026-06-10","W911RX24C0002",""
"GREENWAY USA, LLC","3430000","1","Department of Veterans Affairs","NC","[object Object]","2023-10-05","1005","2027-06-04","36C24623C0081",""
"NORTH STAR CONSTRUCTION & ENGINEERING INC","3429185","1","Department of Defense","CA","[object Object]","2025-06-01","400","2026-11-30","FA468625F0034",""
"PONTCHARTRAIN PARTNERS, LLC","3412240","1","Department of Defense","FL","[object Object]","2020-12-15","2029","2026-05-08","W912EP21F0032",""
"CHEROKEE NATION AEROSPACE AND DEFENSE, L.L.C.","3408382","1","Department of Defense","TX","[object Object]","2022-01-19","1629","2026-07-15","W911RQ22C0002",""
"PROMETHEAN GENERAL CONTRACTORS, LLC","3393513","1","Department of Defense","LA","[object Object]","2023-10-15","995","2025-05-31","W912P823C0060",""
"EMPIRE BUILDING CONSTRUCTION, LLC","3380387","1","Department of Defense","SD","[object Object]","2020-09-25","2110","2026-12-31","W50S9620F0006",""
"MYRIAD ENGINEERING SOLUTIONS, LLC","3378935","1","Department of Defense","MS","[object Object]","2024-03-22","836","2026-06-30","W9127824F0063",""
"PERSONS SERVICES CORP.","3367000","1","Department of Veterans Affairs","MO","[object Object]","2026-07-14","-8","2027-07-13","36C25526C0041",""
"CHEROKEE NATION DEVELOPMENT GROUP, L.L.C.","3359489","1","Department of Defense","SC","[object Object]","2025-03-31","462","2026-06-01","FA480325C0008",""
"C-WEST ROOFING COMPANY, INC.","3328917","6","Department of Veterans Affairs","CA","[object Object],[object Object],[object Object],[object Object],[object Object],[object Object]","2026-06-08","28","2026-08-17","36C26226C0206",""
"AR6 CONSTRUCTION & ENGINEERING, LLC","3320776","1","Department of Defense","TX","[object Object]","2026-02-19","137","2026-08-18","W9126G26CA007",""
"GRACE CONTRACTING LLC","3314539","1","Department of Defense","TN","[object Object]","2025-09-15","294","2026-09-15","W50S9725CA001",""
"STRATEGIC SOLUTIONS UNLIMITED, INC","3305315","1","Department of Defense","HI","[object Object]","2021-09-29","1741","2024-09-15","W912DY21C0059",""
"MUNICIPAL BASE SERVICES LLC","3299086","1","Department of Defense","LA","[object Object]","2024-09-28","646","2025-09-28","N6945024F0954",""
"CHAD PODY CONSTRUCTION COMPANY, L.L.C.","3296989","1","Department of Defense","LA","[object Object]","2025-10-05","274","2026-05-13","FA460825F0102",""
"MBM CONSTRUCTION CO","3292485","4","Department of Veterans Affairs","MI","[object Object],[object Object],[object Object],[object Object]","2026-01-15","172","2027-02-12","36C25224N0250",""
"CHAMBER MTN. CONSTRUCTION INC.","3285401","2","Department of Veterans Affairs | Department of Defense","FL,NC","[object Object],[object Object]","2024-09-27","647","2027-03-10","36C24624C0063",""
"TECNOVIA - AÇORES, SOCIEDADE DE EMPREITADAS S.A.","3285090","1","Department of Defense","","[object Object]","2023-07-18","1084","2025-09-30","FA448623F0013",""
"SIEMENS GOVERNMENT TECHNOLOGIES INC","3281435","1","Department of Defense","","[object Object]","2024-09-30","644","2026-09-30","W912DY24F0644",""
"KURYAPI SAGLIK URUNLERI GIDA INSAAT TURIZM TARIM ELEKTRONIK TICARET LIMITED SIRKETI","3254545","2","Department of Defense","","[object Object],[object Object]","2024-09-30","644","2026-04-27","FA568524F0044",""
"DONGJIN CONSTRUCTION CO., LTD.","3231292","2","Department of Defense","","[object Object],[object Object]","2024-04-23","804","2025-07-11","W90VN824F0032",""
"ML-TKL CONSTRUCTION JV","3191148","2","Department of Defense","UT","[object Object],[object Object]","2024-02-26","861","2025-02-13","W911S622F0047",""
"OHNA DENKEN CO.,LTD.","3156473","1","Department of Defense","","[object Object]","2025-09-12","297","2027-01-11","N4008425F0353",""
"BATTLE CREEK CONSTRUCTION LLC","3140022","1","Department of Defense","DC","[object Object]","2021-08-27","1774","2024-09-30","N4008021F4927",""
"MVL SAUDI BUILDERS GROUP LLC","3125398","1","Department of Defense","","[object Object]","2025-10-15","264","2026-09-14","W912ER25FA004",""
"IAN CORPORATION","3115229","1","Department of Defense","GU","[object Object]","2022-10-14","1361","2025-08-28","FA524023C0002",""
"DUNMAR GROUP, INC.","3092888","1","Department of Defense","GA","[object Object]","2020-09-24","2111","2021-11-15","N6945020C0071",""
"KOOHEJI CONTRACTORS W.L.L","3048553","2","Department of Defense","","[object Object],[object Object]","2024-05-16","781","2025-12-20","N3319122F4051",""
"FLYNCO INC","3034231","1","Department of Defense","AR","[object Object]","2023-09-13","1027","2025-09-02","FA446023F0044",""
"AXIAS INC","3012841","1","Department of Defense","VA","[object Object]","2020-09-30","2105","2025-09-29","W912DY20F0918",""
"ASTREA TECHNICAL SERVICES LLC","3004148","1","Department of Defense","","[object Object]","2024-08-01","704","2026-07-31","FA570624F0014",""
"SUYA CORPORATION","2991196","1","Department of Defense","","[object Object]","2026-03-05","123","2026-11-14","N4008426F4108",""
"K&C CONTRACTORS, INC.","2987819","1","Department of Defense","NC","[object Object]","2025-01-02","550","2025-11-12","W9124724C0082",""
"INTERNATIONAL CONSULTING GROUP LLC","2981692","1","Department of Defense","LA","[object Object]","2025-09-03","306","2026-11-02","N6945025C0046",""
"RYMARK-S&S JOINT VENTURE LLC","2974763","1","Department of Defense","GA","[object Object]","2025-09-19","290","2026-11-19","N6945025C1055",""
"HAMAD ALQAISI & SONS CO.","2967081","1","Department of Defense","","[object Object]","2026-04-17","80","2027-09-13","W912ER26CA015",""
"IMPYRIAN LLC","2964727","2","General Services Administration | Department of Defense","DC,NC","[object Object],[object Object]","2025-09-03","306","2026-04-30","47PM0324C0002",""
"SPEES LLC","2963217","2","Department of Veterans Affairs","LA","[object Object],[object Object]","2022-12-19","1295","2024-01-25","36C25620C0177",""
"J.A.M. CONSTRUCTION SERVICES, INC.","2954859","1","Department of Defense","GA","[object Object]","2023-10-01","1009","2024-12-10","FA850123F0207",""
"VALDEZ WA PATRIOT JOINT VENTURE","2951873","1","Department of Defense","WA","[object Object]","2021-09-08","1762","2025-10-24","N4425521F4388",""
"WESTOVER ROOFING, LLC","2930727","1","Department of Defense","AZ","[object Object]","2024-09-28","646","2025-09-28","W912PL24C0032",""
"AIKO-KMK MP JV LLC","2910602","1","Department of Defense","ME","[object Object]","2025-03-05","488","2025-12-18","N4008525F4047",""
"WOOKYUNG ENGINEERING & CONSTRUCTION CO.,LTD.","2880000","1","Department of Defense","","[object Object]","2017-08-26","3236","2020-02-11","W912UM17C0043",""
"AIR FORCE ACADEMY ATHLETIC CORPORATION","2879157","1","Department of Defense","CO","[object Object]","2023-09-29","1011","2024-07-01","FA700023C0017",""
"DWC BUILDING CONSTRUCTION COMPANY","2853887","1","Department of Defense","","[object Object]","2024-02-29","858","2027-04-03","W912ER24C0003",""
"GOODWIN FACILITIES SOLUTIONS, LLC","2848438","6","Department of Veterans Affairs","AR,LA","[object Object],[object Object],[object Object],[object Object],[object Object],[object Object]","2026-05-04","63","2031-02-27","36C77621C0115",""
"KWEST ENTERPRISES LLC","2838083","1","Department of Defense","AL","[object Object]","2025-10-06","273","2026-08-30","FA330025F0117",""
"SHARON ZAMBO-FAN & ASSOCIATES, INC","2824880","1","Department of Defense","HI","[object Object]","2025-12-17","201","2026-09-16","W9128A26CA003",""
"FULL CIRCLE ICC JV LLC","2800709","1","Department of Defense","ME","[object Object]","2022-06-03","1494","2025-03-15","N4008522F5369",""
"C. RALLO CONTRACTING CO., INC.","2798000","1","Department of Defense","IN","[object Object]","2023-09-26","1014","2024-11-22","W50S7V23C0001",""
"MOTOROLA SOLUTIONS, INC.","2787693","1","Department of Veterans Affairs","MD","[object Object]","2025-10-23","256","2027-01-31","36C24426C0003",""
"HIRT ELECTRIC, LLC","2783818","5","Department of Veterans Affairs","TN,VA,WV","[object Object],[object Object],[object Object],[object Object],[object Object]","2026-04-30","67","2027-02-08","36C24625C0046",""
"GCC ENTERPRISES INC.","2774951","3","Department of Veterans Affairs","TX","[object Object],[object Object],[object Object]","2025-08-06","334","2025-12-09","36C25723C0060",""
"NORTHWEST HVAC SOLUTIONS, LLC","2768957","1","Department of Defense","TX","[object Object]","2024-09-09","665","2025-08-11","N6945024C0076",""
"HUOT CONSTRUCTION AND SERVICES, INC.","2763046","1","Department of Veterans Affairs","MN","[object Object]","2025-08-28","312","2027-01-05","36C26325C0080",""
"ACCESS COMMUNICATIONS GROUP, LLC","2759520","2","Department of Defense | Department of Justice","NM,TX","[object Object],[object Object]","2025-09-29","280","2026-01-30","FA485524F0056",""
"ACTS MELTECH JV2 LLC","2749614","1","Department of Defense","DC","[object Object]","2024-08-12","693","2026-04-15","FA706024F0086",""
"INTEGRATED MODULAR SOLUTIONS, LLC","2741157","1","Department of Defense","OH","[object Object]","2023-09-12","1028","2025-04-28","W50S8R23C0002",""
"SABEA GENERAL CONTRACTOR LLC","2740456","1","Department of Defense","","[object Object]","2023-02-20","1232","2025-04-29","W912ER23C0005",""
"OGURAGUMI, K.K.","2725764","1","Department of Defense","","[object Object]","2024-05-20","777","2026-08-25","N4008424F4440",""
"JD GENERAL ENGINEERING CORP","2722651","1","Department of Defense","NV","[object Object]","2025-10-27","252","2026-06-24","W912PL25FA043",""
"RYAN HERRING CONSTRUCTION INC","2705853","1","Department of Defense","AR","[object Object]","2024-07-15","721","2025-05-11","W911SA24F2057",""
"SES ENERGY SERVICES LLC","2698257","1","Department of Defense","AL","[object Object]","2023-12-29","920","2025-08-30","W9128F24C0008",""
"CO. CER. SOCIETA' COOPERATIVA","2692246","2","Department of Defense | Department of State","","[object Object],[object Object]","2024-08-20","685","2026-07-23","N3319124F4237",""
"JBW SAC JV LLC","2670907","1","Department of Defense","FL","[object Object]","2025-09-04","305","2026-09-03","N6945025F1189",""
"SEOKWANG DEVELOPMENT CO.,LTD","2661654","1","Department of Defense","","[object Object]","2025-09-22","287","2027-09-12","W912UM25C0010",""
"BELMONT WEST, INC.","2657418","1","Department of Veterans Affairs","AZ","[object Object]","2024-02-05","882","2025-02-04","36C26223C0251",""
"REAGENT WORLD, INC.","2647686","2","Department of Defense | Department of Justice","CA,NY","[object Object],[object Object]","2024-09-27","647","2026-06-26","FA875124C0006",""
"PRECISION MECHANICAL, LLP","2625375","1","Department of Defense","SD","[object Object]","2025-08-25","315","2026-09-10","W9128F25CA049",""
"CIVIL 9 CONSTRUCTION & ARCHITECTURE COMPANY LIMITED","2615510","1","Department of Defense","","[object Object]","2024-09-19","655","2026-09-09","N6274224C6726",""
"DIVERSIFIED FACILITY SOLUTIONS LLC","2596344","1","Department of Defense","OH","[object Object]","2020-09-15","2120","2023-11-01","FA860120F0280",""
"ADJUVANT/CAPITAL LLC","2590724","1","Department of Veterans Affairs","TX","[object Object]","2020-09-15","2120","2025-08-20","36C25720N0633",""
"PARCON APC DESIGN BUILD, L.L.C","2582218","1","Department of Defense","FL","[object Object]","2025-08-25","315","2026-08-20","N6945025C1037",""
"OSWOOD CONSTRUCTION COMPANY","2577112","1","Department of Defense","MT","[object Object]","2023-09-06","1034","2024-10-15","W50S7L23C0004",""
"MEDVOLT, LLC","2564209","1","Department of Defense","MO","[object Object]","2022-10-01","1374","2024-10-10","W912DQ22C4022",""
"ICHIKEN CO LTD","2560157","1","Department of Defense","","[object Object]","2023-08-17","1054","2024-11-15","W912HV23C0016",""
"MIAMI TECHNOLOGY SOLUTIONS, LLC","2549407","1","Department of Defense","TX","[object Object]","2024-09-30","644","2025-06-27","W911SA24F2092",""
"SAUDI NAVAL SUPPORT CO.","2542122","1","Department of Defense","","[object Object]","2022-06-27","1470","2025-05-18","FA491122C0012",""
"ABRAMS GROUP CONSTRUCTION LLC","2532263","2","Department of Veterans Affairs","AL","[object Object],[object Object]","2024-02-12","875","2026-04-30","36C24724N0163",""
"AMERICAN FIRST CONTRACTING INC","2526330","1","Department of Veterans Affairs","SD","[object Object]","2023-05-23","1140","2024-01-19","36C77623C0048",""
"RL ALVAREZ CONSTRUCTION, LLC","2521073","1","Department of Defense","KY","[object Object]","2022-12-18","1296","2025-05-03","W9124823F0005",""
"KMM-BLACK WAVE LLC.","2512928","1","Department of Defense","NY","[object Object]","2025-09-25","284","2026-09-24","FA875125F0069",""
"RELIANCE TEAM JOINT VENTURE 2 LLC","2495331","1","Department of Defense","VA","[object Object]","2024-09-30","644","2025-08-31","W912DY24C0075",""
"BATIR 1000 JOINT VENTURE","2452166","1","Department of Defense","IL","[object Object]","2024-10-11","633","2025-09-12","FA440724F0176",""
"EVERSON CONSTRUCTION GROUP, LLC","2449598","1","Department of Defense","FL","[object Object]","2024-06-24","742","2025-06-24","N6945024C0031",""
"DREAM DESIGN & CONSTRUCTION, INC","2445265","1","Department of Defense","FL","[object Object]","2025-10-23","256","2026-12-01","FA252125C0030",""
"CHEMTRACK/CORNERSTONE JV II, LLC","2433360","1","Department of Defense","AK","[object Object]","2022-08-02","1434","2024-09-23","W912D022F0106",""
"SDV CONSTRUCTION, INC","2427027","2","Department of Veterans Affairs","NM","[object Object],[object Object]","2025-09-26","283","2026-06-23","36C26224C0316",""
"HCR CONSTRUCTION INC.","2425419","1","Department of Defense","GA","[object Object]","2019-09-20","2481","2025-01-31","W911SF19C0026",""
"SPARK ELECTRIC LLC","2405140","1","Department of Defense","NJ","[object Object]","2025-03-10","483","2026-03-28","N4008525F4748",""
"TETHER, INC.","2395672","2","Department of Defense | Department of Justice","FL","[object Object],[object Object]","2022-12-01","1313","2026-02-14","N6945022C0067",""
"DIVERSIFIED CONSTRUCTION COMPANY WLL","2358575","1","Department of Defense","","[object Object]","2024-03-01","857","2025-08-25","FA570224F0023",""
"INNOVATIVE MECHANICAL CONTRACTORS LLC","2354293","1","Department of Defense","MD","[object Object]","2024-09-06","668","2025-08-07","N4008024F4443",""
"DAP-CALIENTE JV, LLC","2333967","1","Department of Defense","AZ","[object Object]","2023-07-25","1077","2024-12-09","FA487723C0009",""
"FEDERAL CONSTRUCTION GROUP, INC.","2332150","1","Department of Defense","IN","[object Object]","2022-08-03","1433","2023-05-01","N4008522F5983",""
"ELBOW GREASE ENTERPRISES, LLC","2318518","1","Department of Defense","NM","[object Object]","2025-07-29","342","2026-07-01","FA485525F0051",""
"MONGOLIAN PROPERTIES LLC","2302656","1","Department of Defense","","[object Object]","2023-09-18","1022","2025-09-19","W911KB23F0133",""
"FC CONSTRUCTION LLC","2302433","1","Department of Defense","MS","[object Object]","2024-09-01","673","2026-01-09","N6945024F0576",""
"AMETHYST BUILDERS, LLC","2290028","1","Department of Defense","HI","[object Object]","2025-08-08","332","2027-12-31","W912CN25FA202",""
"FEDERAL LOGISTIC SERVICES, LLC","2287902","1","Department of Defense","FL","[object Object]","2022-07-22","1445","2024-12-20","FA481922C0017",""
"UPSTATE CONSTRUCTION SERVICES INC","2286684","1","Department of Defense","NY","[object Object]","2025-08-01","339","2025-08-01","W50S8N25CA010",""
"CHARLTON ENTERPRISES, INC","2273013","1","Department of Defense","GA","[object Object]","2025-09-22","287","2027-05-23","FA850125F0223",""
"SUCCOR INC","2261955","1","Department of Defense","VA","[object Object]","2023-09-18","1022","2025-04-22","N4008523F6718",""
"BFA CONTRACTING, INC.","2261220","1","Department of Defense","GA","[object Object]","2025-07-31","340","2026-03-20","N6945025F1165",""
"FRAWNER CORPORATION","2256336","1","Department of Defense","AK","[object Object]","2024-09-16","658","2026-06-30","FA500024F0111",""
"SJD&B, INC","2242042","1","Department of Defense","CA","[object Object]","2023-07-14","1088","2025-12-15","FA461023F0128",""
"BUCKEYE INDUSTRIAL PIPING LLC","2239504","1","Department of Veterans Affairs","OH","[object Object]","2023-09-29","1011","2026-11-18","36C25023C0202",""
"BAHA CONSTRUCTION INC","2223864","1","Department of Defense","CO","[object Object]","2023-09-30","1010","2025-05-16","FA255023C0022",""
"PIRC-TOBIN CONSTRUCTION INC.","2222950","1","Department of Defense","IA","[object Object]","2024-07-03","733","2025-03-15","W912QR24C0018",""
"AGSTEN CONSTRUCTION CO INC","2217682","1","Department of Defense","WV","[object Object]","2023-07-18","1084","2024-09-11","W50S8V23C0002",""
"WM. WINKLER COMPANY","2204440","3","Department of Veterans Affairs","WA","[object Object],[object Object],[object Object]","2025-09-30","279","2026-06-14","36C26025C0052",""
"GOLD WAVE INC","2199792","2","Department of Veterans Affairs","IN,WI","[object Object],[object Object]","2024-09-05","669","2025-12-01","36C77624C0178",""
"BCE CONSTRUCTION INC","2195260","1","Department of Veterans Affairs","AZ","[object Object]","2025-09-25","284","2026-10-31","36C77025C0004",""
"MIRACK CONSTRUCTION INC","2175771","1","Department of Defense","AZ","[object Object]","2022-10-31","1344","2024-10-30","W912PL22F0104",""
"BLUE WAY, TRANSPORTATION OF ALL TYPES OF CARGOES, CUSTOMS CLEARANCE SERVICES AND LOGISTICS SERVICES LTD/CO","2172860","1","Department of Defense","","[object Object]","2024-10-01","643","2026-04-18","W5J9JE24C0003",""
"SUSTAINABLE DESIGN CONSORTIUM, (SDC) INC","2172662","1","Department of Defense","AZ","[object Object]","2022-09-30","1375","2025-07-01","W911SA22F2138",""
"MILLER ELECTRIC COMPANY INC.","2169690","3","General Services Administration | Department of Defense","CA,NV","[object Object],[object Object],[object Object]","2025-03-28","465","2026-01-30","47PK0725C0004",""
"FRONTLINE GROUP LLC","2161333","2","Department of Veterans Affairs","NY","[object Object],[object Object]","2026-06-23","13","2027-06-23","36C24226C0077",""
"SILVER MOUNTAIN WESTON JV, LLC","2155830","1","Department of Defense","TX","[object Object]","2023-09-30","1010","2025-09-15","W912DY24F0021",""
"BILTEK ULUSLARARASI INSAAT LIMITED SIRKETI","2155143","1","Department of Defense","","[object Object]","2024-09-05","669","2027-03-28","N3319124C0012",""
"COPPERTOP LEDCOR JV","2151459","1","Department of Defense","CA","[object Object]","2015-09-24","3938","2016-09-24","0017",""
"D'AURIA COSTRUZIONI SOCIETA' A RESPONSABILITA' LIMITATA IN SIGLA D'AURIA COSTRUZIONI S.R.L.","2111657","1","Department of Defense","","[object Object]","2016-06-23","3665","2018-05-05","N3319116C1004",""
"CANTERBURY ENTERPRISES, LLC","2088016","1","Department of Defense","VA","[object Object]","2025-09-30","279","2026-09-29","W91QF525CA026",""
"DEL SUR SDAC JV, LLC","2075525","1","Department of Defense","GA","[object Object]","2022-09-16","1389","2024-11-30","FA850122F0115",""
"EDILEM S.R.L.","2069630","1","Department of Defense","","[object Object]","2023-09-07","1033","2025-11-28","N3319123F4376",""
"LRG SERVICES LLC","2063806","1","Department of Defense","TX","[object Object]","2023-10-01","1009","2025-03-31","FA301623F0486",""
"ACUMEN ENTERPRISES INC","2053781","1","Department of Defense","LA","[object Object]","2023-09-15","1025","2026-01-09","FA460823F0110",""
"WARBUD SA SKE SUPPORT SERVICES GMBH MATOC POLAND 1 SPOLKA JAWNA","2027061","1","Department of Defense","","[object Object]","2021-09-27","1743","2024-03-13","W912GB21F0318",""
"BRICE CIVIL CONSTRUCTORS, INC.","2024150","1","Department of Defense","AK","[object Object]","2025-12-31","187","2026-08-01","W911KB26CA001",""
"MICHAEL KOST","2020902","3","Department of Veterans Affairs","NY","[object Object],[object Object],[object Object]","2026-05-29","38","2027-05-28","36C24226C0079",""
"FOREIGN AWARDEES (UNDISCLOSED)","2003680","1","Department of Defense","","[object Object]","2025-09-30","279","2027-05-17","W5J9JE25C0005",""
"BERKLEY INSURANCE COMPANY","1997473","1","Department of Defense","TX","[object Object]","2024-07-09","727","2025-09-29","W9126G24C0012",""
"CORG BRAWLEY JV LLC","1995457","1","Department of Defense","GA","[object Object]","2021-09-28","1742","2026-04-03","W9124921F0247",""
"AL MUSAIRIE NATIONAL GENERAL TRADING AND CONTRACTING CO","1990417","1","Department of Defense","","[object Object]","2025-10-30","249","2027-01-28","W5J9JE25F0012",""
"SOUTH EASTERN GENERAL CONTRACTING, INC.","1986806","1","Department of Defense","NC","[object Object]","2024-10-07","637","2026-07-13","W9124724C0077",""
"E.K. MANAGEMENT, L.L.C.","1985518","1","Department of Defense","FL","[object Object]","2025-05-08","424","2026-03-04","FA282325C0029",""
"HERITAGE CONSTRUCTION LLC","1980502","1","Department of Defense","MS","[object Object]","2024-09-18","656","2025-11-12","FA302224F0023",""
"DRIVEN CONTRACTORS LLC","1979116","1","Department of Defense","NC","[object Object]","2024-08-14","691","2025-04-14","N4008524F6129",""
"SEDONA ENTERPRISES, INC","1978485","1","Department of Defense","TX","[object Object]","2023-09-25","1015","2025-06-01","W9126G23C0015",""
"OHIO GENERAL CONTRACTING LLC","1978176","1","Department of Defense","","[object Object]","2022-09-28","1377","2024-10-11","FA570622F0028",""
"ELKHORN WEST CONSTRUCTION, INC.","1971914","1","Department of Defense","NE","[object Object]","2023-07-01","1101","2024-11-15","FA460023C0015",""
"U.S. LUMBER, INC","1961660","1","Department of Defense","NY","[object Object]","2023-06-15","1117","2025-12-15","W911SD23F0113",""
"CAPBUILD CONSTRUCTION CORP.","1953189","1","Department of Defense","","[object Object]","2024-09-22","652","2025-12-14","N6274224C6713",""
"TRAUNER CONSULTING SERVICES, INC.","1952783","10","Department of Veterans Affairs","KS,MS,OH,PA,VA","[object Object],[object Object],[object Object],[object Object],[object Object],[object Object],[object Object],[object Object],[object Object],[object Object]","2026-04-13","84","2027-04-11","36C10F19N0029",""
"VALCORP ENTERPRISES LLC","1948905","1","Department of Veterans Affairs","TX","[object Object]","2025-12-02","216","2026-07-31","36C25726C0010",""
"BECKWITH SERVICES, INC.","1948082","4","Department of Veterans Affairs","MI,OH","[object Object],[object Object],[object Object],[object Object]","2025-10-06","273","2026-07-30","36C25025C0154",""
"SMART, LLC","1943284","1","Department of Defense","MA","[object Object]","2024-08-05","700","2025-12-28","W911QY24C0059",""
"DEVELOPERS SURETY AND INDEMNITY COMPANY","1933929","1","Department of Defense","TX","[object Object]","2022-07-21","1446","2025-06-13","FA309922C0008",""
"RELIANCE TEAM JOINT VENTURE LLC","1933078","1","Department of Defense","NC","[object Object]","2022-09-30","1375","2023-11-17","W912PM22F0059",""
"SEABEE CONSTRUCTION, INC.","1932759","4","Department of Veterans Affairs","ID,WA","[object Object],[object Object],[object Object],[object Object]","2026-03-20","108","2026-07-20","36C26023N0436",""
"YORK-BRAWLEY JV LLC","1923495","1","Department of Defense","GA","[object Object]","2022-06-13","1484","2026-03-31","FA850122F0063",""
"ANDRE TOSTE & JOAO PAULINO, LDA","1922816","1","Department of Defense","","[object Object]","2024-08-30","675","2026-04-27","FA448624F0022",""
"R.L. HUESTON, LLC","1901460","1","Department of Defense","DC","[object Object]","2021-09-07","1763","2026-07-02","N4008021F4979",""
"ROCKS CONTRACTING AND TRADING FZ-LLC","1899982","1","Department of Defense","","[object Object]","2025-06-24","377","2026-06-28","N3319125F6009",""
"THE PLUMBING SHOP, INC","1892733","1","Department of Defense","FL","[object Object]","2023-09-28","1012","2024-09-28","N6945023C0085",""
"FOUR WINDS MECHANICAL HTC/AC INC.","1890435","1","Department of Defense","NM","[object Object]","2022-07-27","1440","2025-04-30","FA485522C0013",""
"NARITO SHEETMETAL & MECHANICAL CORPORATION","1888336","1","Department of Defense","HI","[object Object]","2022-11-30","1314","2025-07-31","W912CN23F0062",""
"TOGIAK LOGISTICS SERVICES, LLC","1887000","1","Department of Defense","IL","[object Object]","2025-09-03","306","2026-09-09","W50S7T25CA001",""
"QUALITY CONTRACTING, INC.","1870136","1","Department of Defense","VA","[object Object]","2025-03-25","468","2026-06-25","N0017825C2505",""
"A & A SERVICES BALDWIN & SHELL JOINT VENTURE LLC","1869326","1","Department of Defense","AR","[object Object]","2023-07-07","1095","2025-04-11","FA446023F0016",""
"JJEX CONSTRUCTION JV LLC","1866232","1","Department of Defense","","[object Object]","2022-06-30","1467","2025-06-30","FA557522F0020",""
"DRAKE DEVELOPERS LLC","1863866","1","Department of Defense","AL","[object Object]","2024-09-26","648","2026-04-30","W9127824F0354",""
"MV7 INC","1855295","1","Department of Defense","FL","[object Object]","2025-09-09","300","2026-07-13","FA252125F0316",""
"TEPA EXPRESS CONTRACTING, LLC","1851773","1","Department of Defense","OK","[object Object]","2022-04-01","1557","2024-12-13","W912BV22F0039",""
"GECOBA","1851556","1","Department of Defense","","[object Object]","2023-09-30","1010","2025-08-29","FA542223C0026",""
"CHIEF LONG KING RESOURCES LLC","1842477","1","Department of Defense","TX","[object Object]","2024-07-03","733","2026-03-17","N6945024C0045",""
"MOWA BARLOVENTO JV-2","1838318","1","Department of Defense","LA","[object Object]","2022-09-30","1375","2024-03-01","W9126G21F2307",""
"WARFEATHER-GM JV LLC","1835000","1","Department of Defense","HI","[object Object]","2025-06-18","383","2025-10-31","N6247825F0030",""
"BLACK HORSE GROUP LLC","1833595","1","Department of Defense","NY","[object Object]","2025-07-01","370","2026-08-31","W911S225FA159",""
"ALNABEA ALSHAFI COMPANY","1831000","1","Department of Defense","","[object Object]","2022-09-28","1377","2023-08-19","W5J9JE22C0004",""
"SAFECO - CDSI JV L.L.C.","1830342","1","Department of Defense","VA","[object Object]","2023-05-16","1147","2024-09-27","N4008523F5335",""
"BRISTOL CONSTRUCTION SERVICES, LLC","1827404","1","Department of Defense","CO","[object Object]","2024-10-21","623","2026-08-30","W9128F24F0226",""
"A. JAMES GLOBAL SERVICES, INC","1799072","1","Department of Defense","NC","[object Object]","2024-05-31","766","2025-01-27","W9124724C0033",""
"RAAD CONSTRUCTION GROUP LLC","1798073","1","Department of Defense","SC","[object Object]","2023-09-22","1018","2024-11-11","FA441823F0151",""
"CREATIVITY GLOBAL CONSULTANCY LIMITED","1789743","1","Department of Defense","","[object Object]","2025-09-22","287","2026-06-30","FA542225C0027",""
"GLOBAL LOGISTICS & SERVICES W.L.L.","1780522","1","Department of Defense","","[object Object]","2022-09-29","1376","2025-04-15","FA570222C0022",""
"DLJ MANAGEMENT SERVICES, LLC","1763910","1","Department of Defense","AZ","[object Object]","2025-10-24","255","2026-10-24","W912PL25FA023",""
"NBT CONSTRUCTION AND SUPPLY, LLC","1759260","1","Department of Defense","NM","[object Object]","2024-09-09","665","2025-11-23","FA940124C0012",""
"ASFA ULUSLARARASI INSAAT SANAYI VE TICARET A S","1757635","1","Department of Defense","","[object Object]","2023-09-25","1015","2025-10-15","W912GB23C0021",""
"CMEC LLC","1757248","1","Department of Defense","WA","[object Object]","2025-05-12","420","2026-05-27","W911S825FA161",""
"VET FIRST CONSTRUCTORS, LLC","1751329","1","Department of Veterans Affairs","WA","[object Object]","2024-09-30","644","2026-05-31","36C26024C0069",""
"T&B PAINTING CO INC.","1750282","1","Department of Defense","CA","[object Object]","2024-09-28","646","2025-09-28","W912PL24F0089",""
"PACE CONTRACTING LLC","1750000","1","Department of Defense","AZ","[object Object]","2025-09-30","279","2026-09-29","W91RUS25CA054",""
"ALOHA CONSTRUCTION SERVICES, INC.","1746989","1","Department of Defense","CA","[object Object]","2024-12-11","572","2025-11-10","W912PL25F0020",""
"WHITEHORN CONSTRUCTION, INC","1744611","1","Department of Defense","CA","[object Object]","2016-07-29","3629","2017-08-13","N6247316C3224",""
"L & R COMM & CONSTRUCTION INC","1734006","1","Department of Defense","NM","[object Object]","2026-01-02","185","2027-01-12","W912PP26CA001",""
"4GKB, LLC","1731084","4","Department of Veterans Affairs","MO","[object Object],[object Object],[object Object],[object Object]","2025-02-18","503","2025-09-09","36C25524C0004",""
"PORR GOVERNMENT SERVICES ROMANIA S.R.L.","1720495","1","Department of Defense","","[object Object]","2023-10-01","1009","2026-06-26","W912GB23F0236",""
"WAR RHINO, INC","1718486","2","Department of Veterans Affairs","CA","[object Object],[object Object]","2026-02-26","130","2026-08-25","36C26225C0224",""
"SES INFRASTRUCTURE SERVICES LLC","1710542","1","Department of Defense","MO","[object Object]","2023-05-26","1137","2024-11-21","W912DQ23C7000",""
"CMGC BUILDING CORP","1706718","1","Department of Defense","NH","[object Object]","2018-09-12","2854","2025-02-20","W912WJ18C0033",""
"GRENLAR HOLDINGS, INC","1703416","1","Department of Defense","WA","[object Object]","2024-09-25","649","2025-05-23","N4425524F4282",""
"ARTESIAN CONTRACTING COMPANY, INC.","1685591","1","Department of Defense","GA","[object Object]","2022-06-10","1487","2025-07-21","FA483022F0041",""
"WRIGHT CONSTRUCTION GROUP LLC","1680086","1","Department of Veterans Affairs","ID","[object Object]","2025-12-31","187","2027-03-02","36C26026C0010",""
"STRATEGIC CONSULTING ALLIANCES, LLC","1666407","1","Department of Defense","FL","[object Object]","2022-09-02","1403","2025-05-30","N6945022C0061",""
"PROVISION CONSTRUCTION INC","1664516","1","Department of Defense","RI","[object Object]","2025-03-03","490","2026-07-31","N6660425FN409",""
"ALTIMA CONSTRUCTION INC","1663245","1","Department of Defense","NM","[object Object]","2023-09-30","1010","2025-06-30","FA940123C0021",""
"MARCO-ONOPA JV II LLC","1658374","1","Department of Defense","TX","[object Object]","2024-06-10","756","2024-10-31","W9115124F0131",""
"PVH CONSTRUCTION LLC","1642105","8","Department of Veterans Affairs","OR","[object Object],[object Object],[object Object],[object Object],[object Object],[object Object],[object Object],[object Object]","2026-06-29","7","2027-04-05","36C26026N0318",""
"PROFICIENT CONSTRUCTORS LLC.","1641322","1","Department of Defense","TX","[object Object]","2024-07-30","706","2025-05-14","N6945024C0043",""
"LOCKRIDGE FBI LLC","1639416","1","Department of Veterans Affairs","NC","[object Object]","2025-07-07","364","2027-03-30","36C24625C0033",""
"SPARTAN CONSTRUCTION SERVICES INC","1637071","1","Department of Veterans Affairs","PA","[object Object]","2022-09-14","1391","2024-12-31","36C24422N0907",""
"CASTOR, LLC","1635835","1","Department of Defense","LA","[object Object]","2026-01-15","172","2027-01-15","N6945026C0012",""
"LC3 SOLUTIONS, LIMITED LIABILITY COMPANY","1635031","2","Department of Veterans Affairs","FL,TX","[object Object],[object Object]","2024-08-01","704","2025-01-06","36C24823C0119",""
"ALLCON CONTRACTING CORPORATION","1633755","1","Department of Defense","VA","[object Object]","2026-03-16","112","2026-09-14","FA480026C0006",""
"COOPER MECHANICAL INC","1632581","2","Department of Veterans Affairs","CA","[object Object],[object Object]","2026-06-22","14","2026-12-19","36C26224C0110",""
"J E SINN CONSULTING LLC","1627561","1","Department of Veterans Affairs","TX","[object Object]","2024-10-18","626","2025-12-31","36C25724C0037",""
"AJ SOLUTIONS SH.P.K.","1624430","1","Department of Defense","","[object Object]","2024-09-18","656","2026-08-19","N3319124C0016",""
"NPD ASSOCIATES, INC","1623112","8","Department of Veterans Affairs","CA","[object Object],[object Object],[object Object],[object Object],[object Object],[object Object],[object Object],[object Object]","2026-05-09","58","2026-12-27","36C26226C0146",""
"BCP PARTNERS, L.L.C.","1622313","1","Department of Defense","LA","[object Object]","2023-05-08","1155","2025-01-23","W912P823C0021",""
"TUTULU LLC","1615020","1","Department of Defense","DC","[object Object]","2024-09-30","644","2026-05-29","HQ003424C0129",""
"AEM SERVICES, LLC","1608055","1","Department of Defense","FL","[object Object]","2022-09-23","1382","2024-07-18","N6945022C0071",""
"ARABI FUTURE COMPANY LIMITED","1607016","1","Department of Defense","","[object Object]","2025-03-03","490","2026-09-30","FA491125C0006",""
"TATUM EXCAVATING COMPANY, INC.","1599600","1","Department of Defense","TX","[object Object]","2024-08-28","677","2025-11-18","W911RQ24F0068",""
"PLURAX LLC","1594730","1","Department of Defense","NC","[object Object]","2024-06-24","742","2025-08-29","W9124724C0041",""
"BRET RUSSELL INC","1590445","1","Department of Veterans Affairs","MI","[object Object]","2020-09-24","2111","2022-11-30","36C25020C0243",""
"INSITHONG CONSTRUCTION SOLE CO., LTD","1587153","1","Department of Defense","","[object Object]","2023-08-30","1041","2027-07-31","W911KB23F0124",""
"TIKIGAQ CONSTRUCTION, LLC","1584524","1","Department of Defense","GU","[object Object]","2018-08-28","2869","2022-04-28","N4019218F4260",""
"JRMX CONSTRUCTION & GENERAL MERCHANDISE","1569923","1","Department of Defense","","[object Object]","2024-09-19","655","2025-12-14","N6274224C6711",""
"GOOD STEWARD HOLDINGS LLC","1567418","1","Department of Veterans Affairs","DC","[object Object]","2024-09-16","658","2027-01-05","36C24524C0110",""
"CURRY AND ASSOCIATES INC.","1566415","1","Department of Defense","DC","[object Object]","2020-09-16","2119","2025-04-23","W912DR20C0046",""
"JORDON CONSTRUCTION COMPANY L.L.C","1566173","1","Department of Defense","SC","[object Object]","2023-08-10","1061","2025-04-11","FA480323F0059",""
"EPIC CONSULTANTS, INC.","1565529","1","Department of Defense","FL","[object Object]","2024-09-25","649","2025-06-30","N6945024C0107",""
"CYBARCO CONTRACTING LIMITED","1565000","1","Department of Defense","","[object Object]","2025-09-04","305","2027-01-08","N3319125C6006",""
"HJD CAPITAL ELECTRIC, INC.","1558309","1","Department of Defense","TX","[object Object]","2021-07-27","1805","2026-04-17","FA301621F0354",""
"BRAVO SOLUTIONS JV, LLC","1555555","1","Department of Veterans Affairs","OH","[object Object]","2026-06-25","11","2027-08-10","36C77626C0056",""
"BENTLEY BUILDERS LLC","1550924","1","Department of Defense","SC","[object Object]","2021-09-16","1754","2023-06-14","FA441821C0026",""
"SWABIAN CONCEPT LIMITED","1550000","1","Department of Defense","","[object Object]","2024-06-20","746","2027-03-16","N3319124C0002",""
"JAKAMBAGA GENERAL CONTRACTORS LIMITED","1545390","1","Department of Defense","","[object Object]","2025-08-06","334","2026-11-12","FA542225P0032",""
"POWER PRO PLUS INC.","1541324","1","Department of Defense","CA","[object Object]","2021-09-30","1740","2024-08-15","W912PL21F0120",""
"MSAB/HCR JV II LLC","1523254","1","Department of Defense","FL","[object Object]","2023-10-30","980","2025-03-11","FA282323C0033",""
"FACILITY SOLUTIONS GROUP, INC.","1522084","1","Department of Defense","NJ","[object Object]","2025-09-18","291","2026-09-17","N6833525F0467",""
"R&R QUALITY CONSTRUCTION SERVICES, INC","1518914","1","Department of Defense","FL","[object Object]","2024-07-03","733","2026-03-31","FA252124C0020",""
"GLOBAL QUALITY SOLUTIONS, INC.","1515472","1","Department of Defense","GA","[object Object]","2024-08-02","703","2025-04-30","N6945024C0063",""
"CASCADE-NNAC JV LLC","1513592","1","Department of Defense","WA","[object Object]","2024-12-31","552","2026-10-31","FA462025F0033",""
"VIACO CONSTRUCTION CORPORATION","1511431","1","Department of Veterans Affairs","NY","[object Object]","2013-06-28","4756","2024-09-30","VA24313C0223",""
"KOREA ENGINEERING CONSULTANTS CORPORATION","1502385","1","Department of Defense","","[object Object]","2023-08-25","1046","2024-11-16","W90VN923F0235",""
"CRICO - KHL JV LLC","1498407","1","Department of Defense","KY","[object Object]","2025-09-22","287","2026-04-30","W519TC25FA182",""
"ENH LLC","1498219","1","Department of Defense","CA","[object Object]","2023-03-07","1217","2025-02-07","FA461023F0015",""
"WESTERLY SERVICES JV, LLC","1461877","1","Department of Veterans Affairs","DC","[object Object]","2026-03-23","105","2026-08-31","36C24526N0394",""
"PACE BUILDING CORPORATION","1428384","1","Department of Veterans Affairs","TX","[object Object]","2019-09-26","2475","2024-09-30","36C25719N0830",""
"AML-AMERICAN MADE LOGISTICS","1415606","3","Department of Veterans Affairs","CA,LA","[object Object],[object Object],[object Object]","2026-06-23","13","2026-12-20","36C25626C0048",""
"BLACKHORSE LLC","1397237","3","Department of Veterans Affairs","CT,NY","[object Object],[object Object],[object Object]","2026-05-15","52","2027-12-31","36C24226C0075",""
"UNIVERSITY OF CALIFORNIA, SAN DIEGO","1380000","1","Department of Veterans Affairs","CA","[object Object]","2024-07-15","721","2025-09-30","36C26224C0283",""
"BRIGADIER CONSTRUCTION SERVICES LLC","1377537","1","Department of Veterans Affairs","OH","[object Object]","2021-09-01","1769","2024-02-08","36C25021C0185",""
"F&E CONSTRUCTION, LLC","1303167","1","Department of Veterans Affairs","IA","[object Object]","2025-07-06","365","2026-05-18","36C77625C0039",""
"CALADWICH CONSULTING LLC","1290008","1","Department of Veterans Affairs","TN","[object Object]","2021-05-18","1875","2022-11-15","36C24921C0070",""
"HSGS-AMERESCO, LLC","1182556","1","Department of Veterans Affairs","UT","[object Object]","2025-07-24","347","2050-07-23","36C77625N0495",""
"GC JOINT VENTURE","1180819","3","Department of Veterans Affairs","DE,MD,PA","[object Object],[object Object],[object Object]","2025-10-20","259","2026-09-30","36C24425C0027",""
"LOWDER ELECTRIC AND CONSTRUCTION CORP","1177976","1","Department of Veterans Affairs","NY","[object Object]","2021-03-31","1923","2025-03-31","36C24221C0108",""
"JDI INTEGRATIONS LLC","1156661","1","Department of Veterans Affairs","FL","[object Object]","2022-09-29","1376","2026-04-05","36C24822C0123",""
"VETERANS PROFESSIONAL SERVICES, LLC","1144686","4","Department of Veterans Affairs","DC,MD,WV","[object Object],[object Object],[object Object],[object Object]","2023-04-24","1169","2023-10-31","36C24521N0592",""
"NORA CONTRACTING, LLC","1126924","1","Department of Veterans Affairs","MI","[object Object]","2023-10-31","979","2025-08-31","36C25023C0143",""
"YACKO CONSTRUCTION INC","1115563","4","Department of Veterans Affairs","CA","[object Object],[object Object],[object Object],[object Object]","2026-04-28","69","2027-03-31","36C26226C0152",""
"BZ CONSTRUCTION AND DEVELOPMENT LLC","1040888","1","Department of Veterans Affairs","CO","[object Object]","2026-05-29","38","2028-05-28","36C25926C0042",""
"A AND A SMITH CORP.","1035499","1","Department of Veterans Affairs","NY","[object Object]","2024-03-15","843","2025-03-31","36C24224C0057",""
"NORTHERN DREAMS CONSTRUCTION, INC","1000255","2","Department of Veterans Affairs","NY","[object Object],[object Object]","2026-02-27","129","2026-05-01","36C24224C0016",""
"AUSTIN CONSTRUCTION SERVICES LLC","996543","1","Department of Veterans Affairs","TX","[object Object]","2023-04-04","1189","2025-05-14","36C25723C0063",""
"ANDREWS PLUMBING SERVICES INC","980673","3","Department of Veterans Affairs","AZ","[object Object],[object Object],[object Object]","2025-09-22","287","2026-09-17","36C26225C0270",""
"THE AULSON CO., INC","966408","6","Department of Veterans Affairs | General Services Administration","CT,MA,ME,RI","[object Object],[object Object],[object Object],[object Object],[object Object],[object Object]","2026-03-17","111","2026-06-15","36C24125N0837",""
"VETERAN BUILDERS CORP","944456","4","Department of Veterans Affairs","IN,NC,NY,TX","[object Object],[object Object],[object Object],[object Object]","2026-05-26","41","2027-01-01","36C25026C0115",""
"ARROW CONSULTING AND SERVICES, LLC","943340","2","Department of Veterans Affairs","WV","[object Object],[object Object]","2025-02-06","515","2025-09-30","36C24524C0044",""
"LC FLUHARTY CONSTRUCTION LLC","935972","2","Department of Veterans Affairs","OH","[object Object],[object Object]","2026-07-09","-3","2026-10-30","36C25026C0124",""
"SEMPER FIDELIS CONSTRUCTION & DEVELOPMENT LLC","929463","3","Department of Veterans Affairs","TX","[object Object],[object Object],[object Object]","2026-01-20","167","2026-06-15","36C25725C0047",""
"ROTHWELL CONSTRUCTION LLC","905042","1","Department of Veterans Affairs","CT","[object Object]","2024-05-06","791","2024-11-02","36C24124C0064",""
"HCI SYSTEMS, INC.","899808","1","Department of Veterans Affairs","CA","[object Object]","2026-02-18","138","2026-08-17","36C26226C0097",""
"ALPINE CONSTRUCTION MANAGEMENT LLC","877499","1","Department of Veterans Affairs","ID","[object Object]","2024-07-31","705","2025-08-04","36C26024C0021",""
"BETANCE ENTERPRISES, INC.","873229","2","Department of Veterans Affairs","CO,WY","[object Object],[object Object]","2024-06-07","759","2025-02-27","36C25923C0128",""
"3T BUSINESS GROUP LLC","864194","2","Department of Veterans Affairs","TX","[object Object],[object Object]","2021-12-27","1652","2025-06-10","36C25721N0630",""
"VETERANS ELITE INC","842822","2","Department of Veterans Affairs","NJ,OH","[object Object],[object Object]","2026-02-05","151","2026-06-05","36C25026C0031",""
"CLEMONS INC","816561","2","Department of Veterans Affairs","OH","[object Object],[object Object]","2023-11-20","959","2025-12-01","36C25023C0200",""
"PATRIOT SONS USA LLC","770499","2","Department of Veterans Affairs","NY","[object Object],[object Object]","2025-10-06","273","2026-09-30","36C24226N0110",""
"JOHNSON CONTROLS, INC","747858","1","Department of Veterans Affairs","CA","[object Object]","2025-03-12","481","2025-12-07","36C26225C0153",""
"DOUBLE BAR CONSTRUCTION, LLC","722476","1","Department of Veterans Affairs","FL","[object Object]","2026-05-04","63","2026-12-30","36C24826C0007",""
"RECON CONSTRUCTION SPECIALTIES LLC","711607","3","Department of Veterans Affairs","MO","[object Object],[object Object],[object Object]","2026-05-05","62","2026-11-02","36C77626C0040",""
"VETERANS PRE-CONSTRUCTION & VISUAL SOLUTIONS, LLC","695984","1","Department of Veterans Affairs","TX","[object Object]","2023-09-04","1036","2024-07-12","36C25723C0094",""
"REVELS CONTRACTING SERVICES, INC","694725","3","Department of Veterans Affairs","VA","[object Object],[object Object],[object Object]","2025-10-09","270","2026-03-31","36C24626C0012",""
"MONACO MECHANICAL, INC.","681805","4","Department of Veterans Affairs","CA","[object Object],[object Object],[object Object],[object Object]","2025-06-09","392","2025-07-23","36C26224P1838",""
"INTERNATIONAL EXPORT AND GOVERNMENT SERVICES CORP.","674500","1","Department of Veterans Affairs","CA","[object Object]","2026-06-10","26","2026-12-10","36C26226C0199",""
"KOALA ROOFING LLC","669120","1","Department of Veterans Affairs","CA","[object Object]","2026-03-26","102","2026-08-23","36C26126C0032",""
"GBD2 JOINT VENTURE","653729","1","Department of Veterans Affairs","MD","[object Object]","2023-03-14","1210","2024-12-31","36C24523N0354",""
"A 2 Z PROVISION LLC","646816","1","Department of Veterans Affairs","TX","[object Object]","2025-05-19","413","2026-10-21","36C25725C0035",""
"GUY L WARDEN & SONS","642061","4","Department of Veterans Affairs","CA","[object Object],[object Object],[object Object],[object Object]","2026-02-26","130","2026-05-27","36C26225P1990",""
"CRAZEWELD LLC","610402","1","Department of Veterans Affairs","MI","[object Object]","2023-10-04","1006","2025-07-31","36C25024C0040",""
"GROUNDLEVEL - OVERAA JOINT VENTURE","579182","1","Department of Veterans Affairs","CA","[object Object]","2025-09-15","294","2026-12-01","36C26125N0642",""
"DAVID WYLES CONSTRUCTION LLC","569044","2","Department of Veterans Affairs","TN","[object Object],[object Object]","2025-10-01","278","2025-12-15","36C24925N0369",""
"AVENTUS NV, INC.","554156","2","Department of Veterans Affairs | Department of Justice","NY","[object Object],[object Object]","2025-09-04","305","2026-05-28","36C24225P1225",""
"ALLIANT ENTERPRISES, LLC","542642","1","Department of Veterans Affairs","MI","[object Object]","2024-07-12","724","2025-07-11","36C24924P0889",""
"B3 SOLUTIONS, LLC","533840","1","Department of Veterans Affairs","TN","[object Object]","2025-09-03","306","2026-03-02","36C24925C0054",""
"B&B INDUSTRIES LC","529488","1","Department of Veterans Affairs","MI","[object Object]","2026-06-04","32","2026-11-26","36C25026C0088",""
"SAGE, LLC","517343","1","Department of Veterans Affairs","IN","[object Object]","2023-08-21","1050","2025-03-31","36C25023C0115",""