name,action,hubspot_id,note
"Berkshire Hathaway","ERROR","","{""status"":""error"",""message"":""Property values were not valid: [{\""isValid\"":false,\""message\"":\""f5000 was not one of the allowed options: [architect, a_e, engineer, big_firm, developer, gc, sub, leo, k"
"Amazon","SKIP-DUP","343262217933","existing bd_audience=end_user"
"Alphabet","SKIP-DUP","343252475590","existing bd_audience=end_user"
"Microsoft","SKIP-DUP","159503889111","existing bd_audience=end_user"
"Apple","SKIP-DUP","159518454460","existing bd_audience=blank"
"ExxonMobil","ERROR","","{""status"":""error"",""message"":""Property values were not valid: [{\""isValid\"":false,\""message\"":\""f5000 was not one of the allowed options: [architect, a_e, engineer, big_firm, developer, gc, sub, leo, k"
"UnitedHealth Group","SKIP-DUP","154638651122","existing bd_audience=end_user"
"Walmart","SKIP-DUP","343276568311","existing bd_audience=end_user"
"Goldman Sachs Group","SKIP-DUP","297765940963","existing bd_audience=end_user"
"Meta Platforms","SKIP-DUP","343260430010","existing bd_audience=end_user"
"Morgan Stanley","ERROR","","{""status"":""error"",""message"":""Property values were not valid: [{\""isValid\"":false,\""message\"":\""f5000 was not one of the allowed options: [architect, a_e, engineer, big_firm, developer, gc, sub, leo, k"
"Chevron","ERROR","","{""status"":""error"",""message"":""Property values were not valid: [{\""isValid\"":false,\""message\"":\""f5000 was not one of the allowed options: [architect, a_e, engineer, big_firm, developer, gc, sub, leo, k"
"Verizon Communications","ERROR","","{""status"":""error"",""message"":""Property values were not valid: [{\""isValid\"":false,\""message\"":\""f5000 was not one of the allowed options: [architect, a_e, engineer, big_firm, developer, gc, sub, leo, k"
"AT&T","SKIP-DUP","159442413300","existing bd_audience=blank"
"Johnson & Johnson","ERROR","","{""status"":""error"",""message"":""Property values were not valid: [{\""isValid\"":false,\""message\"":\""f5000 was not one of the allowed options: [architect, a_e, engineer, big_firm, developer, gc, sub, leo, k"
"Comcast","SKIP-DUP","159520341744","existing bd_audience=blank"
"NVIDIA","SKIP-DUP","343281936098","existing bd_audience=end_user"
"American Express","ERROR","","{""status"":""error"",""message"":""Property values were not valid: [{\""isValid\"":false,\""message\"":\""f5000 was not one of the allowed options: [architect, a_e, engineer, big_firm, developer, gc, sub, leo, k"
"Procter & Gamble","ERROR","","{""status"":""error"",""message"":""Property values were not valid: [{\""isValid\"":false,\""message\"":\""f5000 was not one of the allowed options: [architect, a_e, engineer, big_firm, developer, gc, sub, leo, k"
"Oracle","SKIP-DUP","343278363372","existing bd_audience=end_user"
"The Home Depot","ERROR","","{""status"":""error"",""message"":""Property values were not valid: [{\""isValid\"":false,\""message\"":\""f5000 was not one of the allowed options: [architect, a_e, engineer, big_firm, developer, gc, sub, leo, k"
"Broadcom","ERROR","","{""status"":""error"",""message"":""Property values were not valid: [{\""isValid\"":false,\""message\"":\""f5000 was not one of the allowed options: [architect, a_e, engineer, big_firm, developer, gc, sub, leo, k"
"Tesla","SKIP-DUP","154542844606","existing bd_audience=end_user"
"The Walt Disney Company","ERROR","","{""status"":""error"",""message"":""Property values were not valid: [{\""isValid\"":false,\""message\"":\""f5000 was not one of the allowed options: [architect, a_e, engineer, big_firm, developer, gc, sub, leo, k"
"Pfizer","SKIP-DUP","346803178227","existing bd_audience=end_user"
"CVS Health","SKIP-DUP","343232699098","existing bd_audience=end_user"
"Merck & Co.","ERROR","","{""status"":""error"",""message"":""Property values were not valid: [{\""isValid\"":false,\""message\"":\""f5000 was not one of the allowed options: [architect, a_e, engineer, big_firm, developer, gc, sub, leo, k"
"PepsiCo","ERROR","","{""status"":""error"",""message"":""Property values were not valid: [{\""isValid\"":false,\""message\"":\""f5000 was not one of the allowed options: [architect, a_e, engineer, big_firm, developer, gc, sub, leo, k"
"RTX","SKIP-DUP","345734909650","existing bd_audience=blank"
"Costco Wholesale","SKIP-DUP","159221543615","existing bd_audience=blank"
"Cisco Systems","ERROR","","{""status"":""error"",""message"":""Property values were not valid: [{\""isValid\"":false,\""message\"":\""f5000 was not one of the allowed options: [architect, a_e, engineer, big_firm, developer, gc, sub, leo, k"
"IBM","SKIP-DUP","159512952557","existing bd_audience=end_user"
"Progressive","SKIP-DUP","325511379687","existing bd_audience=end_user"
"Elevance Health","SKIP-DUP","154617096948","existing bd_audience=end_user"
"General Motors","SKIP-DUP","158800237251","existing bd_audience=end_user"
"Coca-Cola","SKIP-DUP","343309948628","existing bd_audience=end_user"
"ConocoPhillips","SKIP-DUP","345661087426","existing bd_audience=end_user"
"AbbVie","ERROR","","{""status"":""error"",""message"":""Property values were not valid: [{\""isValid\"":false,\""message\"":\""f5000 was not one of the allowed options: [architect, a_e, engineer, big_firm, developer, gc, sub, leo, k"
"Caterpillar","ERROR","","{""status"":""error"",""message"":""Property values were not valid: [{\""isValid\"":false,\""message\"":\""f5000 was not one of the allowed options: [architect, a_e, engineer, big_firm, developer, gc, sub, leo, k"
"Cigna","SKIP-DUP","154505413334","existing bd_audience=end_user"
"GE Aerospace","ERROR","","{""status"":""error"",""message"":""Property values were not valid: [{\""isValid\"":false,\""message\"":\""f5000 was not one of the allowed options: [architect, a_e, engineer, big_firm, developer, gc, sub, leo, k"
"Charles Schwab","ERROR","","{""status"":""error"",""message"":""Property values were not valid: [{\""isValid\"":false,\""message\"":\""f5000 was not one of the allowed options: [architect, a_e, engineer, big_firm, developer, gc, sub, leo, k"
"Ford Motor","ERROR","","{""status"":""error"",""message"":""Property values were not valid: [{\""isValid\"":false,\""message\"":\""f5000 was not one of the allowed options: [architect, a_e, engineer, big_firm, developer, gc, sub, leo, k"
"MetLife","ERROR","","{""status"":""error"",""message"":""Property values were not valid: [{\""isValid\"":false,\""message\"":\""f5000 was not one of the allowed options: [architect, a_e, engineer, big_firm, developer, gc, sub, leo, k"
"Eli Lilly","ERROR","","{""status"":""error"",""message"":""Property values were not valid: [{\""isValid\"":false,\""message\"":\""f5000 was not one of the allowed options: [architect, a_e, engineer, big_firm, developer, gc, sub, leo, k"
"Abbott Laboratories","ERROR","","{""status"":""error"",""message"":""Property values were not valid: [{\""isValid\"":false,\""message\"":\""f5000 was not one of the allowed options: [architect, a_e, engineer, big_firm, developer, gc, sub, leo, k"
"Salesforce","SKIP-DUP","159442418397","existing bd_audience=end_user"
"Thermo Fisher Scientific","SKIP-DUP","346912374490","existing bd_audience=end_user"
"John Deere","ERROR","","{""status"":""error"",""message"":""Property values were not valid: [{\""isValid\"":false,\""message\"":\""f5000 was not one of the allowed options: [architect, a_e, engineer, big_firm, developer, gc, sub, leo, k"
"Bank of New York Mellon","ERROR","","{""status"":""error"",""message"":""Property values were not valid: [{\""isValid\"":false,\""message\"":\""f5000 was not one of the allowed options: [architect, a_e, engineer, big_firm, developer, gc, sub, leo, k"
"Charter Communications","ERROR","","{""status"":""error"",""message"":""Property values were not valid: [{\""isValid\"":false,\""message\"":\""f5000 was not one of the allowed options: [architect, a_e, engineer, big_firm, developer, gc, sub, leo, k"
"NextEra Energy","SKIP-DUP","343232678602","existing bd_audience=end_user"
"United Parcel Service","ERROR","","{""status"":""error"",""message"":""Property values were not valid: [{\""isValid\"":false,\""message\"":\""f5000 was not one of the allowed options: [architect, a_e, engineer, big_firm, developer, gc, sub, leo, k"
"Bristol Myers Squibb","SKIP-DUP","346996304589","existing bd_audience=end_user"
"Duke Energy","SKIP-DUP","343262195405","existing bd_audience=end_user"
"Apollo Global Management","ERROR","","{""status"":""error"",""message"":""Property values were not valid: [{\""isValid\"":false,\""message\"":\""f5000 was not one of the allowed options: [architect, a_e, engineer, big_firm, developer, gc, sub, leo, k"
"Philip Morris International","ERROR","","{""status"":""error"",""message"":""Property values were not valid: [{\""isValid\"":false,\""message\"":\""f5000 was not one of the allowed options: [architect, a_e, engineer, big_firm, developer, gc, sub, leo, k"
"Dell Technologies","ERROR","","{""status"":""error"",""message"":""Property values were not valid: [{\""isValid\"":false,\""message\"":\""f5000 was not one of the allowed options: [architect, a_e, engineer, big_firm, developer, gc, sub, leo, k"
"Prudential Financial","ERROR","","{""status"":""error"",""message"":""Property values were not valid: [{\""isValid\"":false,\""message\"":\""f5000 was not one of the allowed options: [architect, a_e, engineer, big_firm, developer, gc, sub, leo, k"
"Allstate","ERROR","","{""status"":""error"",""message"":""Property values were not valid: [{\""isValid\"":false,\""message\"":\""f5000 was not one of the allowed options: [architect, a_e, engineer, big_firm, developer, gc, sub, leo, k"
"Netflix","SKIP-DUP","343218282183","existing bd_audience=end_user"
"Travelers","ERROR","","{""status"":""error"",""message"":""Property values were not valid: [{\""isValid\"":false,\""message\"":\""f5000 was not one of the allowed options: [architect, a_e, engineer, big_firm, developer, gc, sub, leo, k"
"BlackRock","SKIP-DUP","346874089201","existing bd_audience=end_user"
"Honeywell International","SKIP-DUP","345713357517","existing bd_audience=end_user"
"Lockheed Martin","ERROR","","{""status"":""error"",""message"":""Property values were not valid: [{\""isValid\"":false,\""message\"":\""f5000 was not one of the allowed options: [architect, a_e, engineer, big_firm, developer, gc, sub, leo, k"
"Qualcomm","SKIP-DUP","345709563616","existing bd_audience=end_user"
"McKesson","ERROR","","{""status"":""error"",""message"":""Property values were not valid: [{\""isValid\"":false,\""message\"":\""f5000 was not one of the allowed options: [architect, a_e, engineer, big_firm, developer, gc, sub, leo, k"
"Southern Company","ERROR","","{""status"":""error"",""message"":""Property values were not valid: [{\""isValid\"":false,\""message\"":\""f5000 was not one of the allowed options: [architect, a_e, engineer, big_firm, developer, gc, sub, leo, k"
"Uber","ERROR","","{""status"":""error"",""message"":""Property values were not valid: [{\""isValid\"":false,\""message\"":\""f5000 was not one of the allowed options: [architect, a_e, engineer, big_firm, developer, gc, sub, leo, k"
"Amgen","ERROR","","{""status"":""error"",""message"":""Property values were not valid: [{\""isValid\"":false,\""message\"":\""f5000 was not one of the allowed options: [architect, a_e, engineer, big_firm, developer, gc, sub, leo, k"
"HCA Healthcare","ERROR","","{""status"":""error"",""message"":""Property values were not valid: [{\""isValid\"":false,\""message\"":\""f5000 was not one of the allowed options: [architect, a_e, engineer, big_firm, developer, gc, sub, leo, k"
"Lowe's","SKIP-DUP","158857533148","existing bd_audience=blank"
"KKR","ERROR","","{""status"":""error"",""message"":""Property values were not valid: [{\""isValid\"":false,\""message\"":\""f5000 was not one of the allowed options: [architect, a_e, engineer, big_firm, developer, gc, sub, leo, k"
"FedEx","ERROR","","{""status"":""error"",""message"":""Property values were not valid: [{\""isValid\"":false,\""message\"":\""f5000 was not one of the allowed options: [architect, a_e, engineer, big_firm, developer, gc, sub, leo, k"
"Marathon Petroleum","ERROR","","{""status"":""error"",""message"":""Property values were not valid: [{\""isValid\"":false,\""message\"":\""f5000 was not one of the allowed options: [architect, a_e, engineer, big_firm, developer, gc, sub, leo, k"
"McDonald's","ERROR","","{""status"":""error"",""message"":""Property values were not valid: [{\""isValid\"":false,\""message\"":\""f5000 was not one of the allowed options: [architect, a_e, engineer, big_firm, developer, gc, sub, leo, k"
"Mondelez International","SKIP-DUP","346890460901","existing bd_audience=end_user"
"Micron Technology","SKIP-DUP","159442422520","existing bd_audience=blank"
"Union Pacific","ERROR","","{""status"":""error"",""message"":""Property values were not valid: [{\""isValid\"":false,\""message\"":\""f5000 was not one of the allowed options: [architect, a_e, engineer, big_firm, developer, gc, sub, leo, k"
"Gilead Sciences","SKIP-DUP","346873828064","existing bd_audience=end_user"
"American International Group","ERROR","","{""status"":""error"",""message"":""Property values were not valid: [{\""isValid\"":false,\""message\"":\""f5000 was not one of the allowed options: [architect, a_e, engineer, big_firm, developer, gc, sub, leo, k"
"PayPal","SKIP-DUP","159405501134","existing bd_audience=blank"
"Danaher","ERROR","","{""status"":""error"",""message"":""Property values were not valid: [{\""isValid\"":false,\""message\"":\""f5000 was not one of the allowed options: [architect, a_e, engineer, big_firm, developer, gc, sub, leo, k"
"General Dynamics","ERROR","","{""status"":""error"",""message"":""Property values were not valid: [{\""isValid\"":false,\""message\"":\""f5000 was not one of the allowed options: [architect, a_e, engineer, big_firm, developer, gc, sub, leo, k"
"Target","SKIP-DUP","154657411818","existing bd_audience=end_user"
"Discover Financial Services","SKIP-DUP","343225519864","existing bd_audience=end_user"
"Centene","SKIP-DUP","154681732809","existing bd_audience=end_user"
"Aflac","ERROR","","{""status"":""error"",""message"":""Property values were not valid: [{\""isValid\"":false,\""message\"":\""f5000 was not one of the allowed options: [architect, a_e, engineer, big_firm, developer, gc, sub, leo, k"
"Kroger","SKIP-DUP","343302697710","existing bd_audience=end_user"
"TJX Cos","ERROR","","{""status"":""error"",""message"":""Property values were not valid: [{\""isValid\"":false,\""message\"":\""f5000 was not one of the allowed options: [architect, a_e, engineer, big_firm, developer, gc, sub, leo, k"
"Marsh McLennan","ERROR","","{""status"":""error"",""message"":""Property values were not valid: [{\""isValid\"":false,\""message\"":\""f5000 was not one of the allowed options: [architect, a_e, engineer, big_firm, developer, gc, sub, leo, k"
"Northrop Grumman","SKIP-DUP","159425814241","existing bd_audience=blank"
"Phillips 66","ERROR","","{""status"":""error"",""message"":""Property values were not valid: [{\""isValid\"":false,\""message\"":\""f5000 was not one of the allowed options: [architect, a_e, engineer, big_firm, developer, gc, sub, leo, k"
"Nike","ERROR","","{""status"":""error"",""message"":""Property values were not valid: [{\""isValid\"":false,\""message\"":\""f5000 was not one of the allowed options: [architect, a_e, engineer, big_firm, developer, gc, sub, leo, k"
"Delta Air Lines","ERROR","","{""status"":""error"",""message"":""Property values were not valid: [{\""isValid\"":false,\""message\"":\""f5000 was not one of the allowed options: [architect, a_e, engineer, big_firm, developer, gc, sub, leo, k"
"Automatic Data Processing","ERROR","","{""status"":""error"",""message"":""Property values were not valid: [{\""isValid\"":false,\""message\"":\""f5000 was not one of the allowed options: [architect, a_e, engineer, big_firm, developer, gc, sub, leo, k"
"Cencora","ERROR","","{""status"":""error"",""message"":""Property values were not valid: [{\""isValid\"":false,\""message\"":\""f5000 was not one of the allowed options: [architect, a_e, engineer, big_firm, developer, gc, sub, leo, k"
"American Electric","ERROR","","{""status"":""error"",""message"":""Property values were not valid: [{\""isValid\"":false,\""message\"":\""f5000 was not one of the allowed options: [architect, a_e, engineer, big_firm, developer, gc, sub, leo, k"
"Ameriprise Financial","SKIP-DUP","154683520721","existing bd_audience=end_user"
"SLB","ERROR","","{""status"":""error"",""message"":""Property values were not valid: [{\""isValid\"":false,\""message\"":\""f5000 was not one of the allowed options: [architect, a_e, engineer, big_firm, developer, gc, sub, leo, k"
"EOG Resources","ERROR","","{""status"":""error"",""message"":""Property values were not valid: [{\""isValid\"":false,\""message\"":\""f5000 was not one of the allowed options: [architect, a_e, engineer, big_firm, developer, gc, sub, leo, k"
"Applied Materials","ERROR","","{""status"":""error"",""message"":""Property values were not valid: [{\""isValid\"":false,\""message\"":\""f5000 was not one of the allowed options: [architect, a_e, engineer, big_firm, developer, gc, sub, leo, k"
"Occidental Petroleum","SKIP-DUP","346967720644","existing bd_audience=end_user"
"PG&E","ERROR","","{""status"":""error"",""message"":""Property values were not valid: [{\""isValid\"":false,\""message\"":\""f5000 was not one of the allowed options: [architect, a_e, engineer, big_firm, developer, gc, sub, leo, k"
"Exelon","SKIP-DUP","343296148199","existing bd_audience=end_user"
"GE Vernova","ERROR","","{""status"":""error"",""message"":""Property values were not valid: [{\""isValid\"":false,\""message\"":\""f5000 was not one of the allowed options: [architect, a_e, engineer, big_firm, developer, gc, sub, leo, k"
"Advanced Micro Devices (AMD)","ERROR","","{""status"":""error"",""message"":""Property values were not valid: [{\""isValid\"":false,\""message\"":\""f5000 was not one of the allowed options: [architect, a_e, engineer, big_firm, developer, gc, sub, leo, k"
"Constellation Energy","SKIP-DUP","343211084511","existing bd_audience=end_user"
"United Airlines Holdings","ERROR","","{""status"":""error"",""message"":""Property values were not valid: [{\""isValid\"":false,\""message\"":\""f5000 was not one of the allowed options: [architect, a_e, engineer, big_firm, developer, gc, sub, leo, k"
"State Street","ERROR","","{""status"":""error"",""message"":""Property values were not valid: [{\""isValid\"":false,\""message\"":\""f5000 was not one of the allowed options: [architect, a_e, engineer, big_firm, developer, gc, sub, leo, k"
"Newmont","ERROR","","{""status"":""error"",""message"":""Property values were not valid: [{\""isValid\"":false,\""message\"":\""f5000 was not one of the allowed options: [architect, a_e, engineer, big_firm, developer, gc, sub, leo, k"
"Paccar","ERROR","","{""status"":""error"",""message"":""Property values were not valid: [{\""isValid\"":false,\""message\"":\""f5000 was not one of the allowed options: [architect, a_e, engineer, big_firm, developer, gc, sub, leo, k"
"Kraft Heinz Company","ERROR","","{""status"":""error"",""message"":""Property values were not valid: [{\""isValid\"":false,\""message\"":\""f5000 was not one of the allowed options: [architect, a_e, engineer, big_firm, developer, gc, sub, leo, k"
"Altria Group","ERROR","","{""status"":""error"",""message"":""Property values were not valid: [{\""isValid\"":false,\""message\"":\""f5000 was not one of the allowed options: [architect, a_e, engineer, big_firm, developer, gc, sub, leo, k"
"Oneok","ERROR","","{""status"":""error"",""message"":""Property values were not valid: [{\""isValid\"":false,\""message\"":\""f5000 was not one of the allowed options: [architect, a_e, engineer, big_firm, developer, gc, sub, leo, k"
"Stryker","ERROR","","{""status"":""error"",""message"":""Property values were not valid: [{\""isValid\"":false,\""message\"":\""f5000 was not one of the allowed options: [architect, a_e, engineer, big_firm, developer, gc, sub, leo, k"
"Starbucks","SKIP-DUP","343250697957","existing bd_audience=end_user"
"Hartford Financial Services","ERROR","","{""status"":""error"",""message"":""Property values were not valid: [{\""isValid\"":false,\""message\"":\""f5000 was not one of the allowed options: [architect, a_e, engineer, big_firm, developer, gc, sub, leo, k"
"0.0030","ERROR","","{""status"":""error"",""message"":""Property values were not valid: [{\""isValid\"":false,\""message\"":\""f5000 was not one of the allowed options: [architect, a_e, engineer, big_firm, developer, gc, sub, leo, k"
"Adobe","SKIP-DUP","343196759764","existing bd_audience=end_user"
"S&P Global","ERROR","","{""status"":""error"",""message"":""Property values were not valid: [{\""isValid\"":false,\""message\"":\""f5000 was not one of the allowed options: [architect, a_e, engineer, big_firm, developer, gc, sub, leo, k"
"Waste Management","ERROR","","{""status"":""error"",""message"":""Property values were not valid: [{\""isValid\"":false,\""message\"":\""f5000 was not one of the allowed options: [architect, a_e, engineer, big_firm, developer, gc, sub, leo, k"
"Booking Holdings","SKIP-DUP","346930117334","existing bd_audience=end_user"
"IntercontinentalExchange","ERROR","","{""status"":""error"",""message"":""Property values were not valid: [{\""isValid\"":false,\""message\"":\""f5000 was not one of the allowed options: [architect, a_e, engineer, big_firm, developer, gc, sub, leo, k"
"Fannie Mae","ERROR","","{""status"":""error"",""message"":""Property values were not valid: [{\""isValid\"":false,\""message\"":\""f5000 was not one of the allowed options: [architect, a_e, engineer, big_firm, developer, gc, sub, leo, k"
"D.R. Horton","ERROR","","{""status"":""error"",""message"":""Property values were not valid: [{\""isValid\"":false,\""message\"":\""f5000 was not one of the allowed options: [architect, a_e, engineer, big_firm, developer, gc, sub, leo, k"
"Freddie Mac","ERROR","","{""status"":""error"",""message"":""Property values were not valid: [{\""isValid\"":false,\""message\"":\""f5000 was not one of the allowed options: [architect, a_e, engineer, big_firm, developer, gc, sub, leo, k"
"Carrier Global","ERROR","","{""status"":""error"",""message"":""Property values were not valid: [{\""isValid\"":false,\""message\"":\""f5000 was not one of the allowed options: [architect, a_e, engineer, big_firm, developer, gc, sub, leo, k"
"Kinder Morgan","SKIP-DUP","345722142425","existing bd_audience=end_user"
"Cardinal Health","ERROR","","{""status"":""error"",""message"":""Property values were not valid: [{\""isValid\"":false,\""message\"":\""f5000 was not one of the allowed options: [architect, a_e, engineer, big_firm, developer, gc, sub, leo, k"
"Texas Instruments","ERROR","","{""status"":""error"",""message"":""Property values were not valid: [{\""isValid\"":false,\""message\"":\""f5000 was not one of the allowed options: [architect, a_e, engineer, big_firm, developer, gc, sub, leo, k"
"Freeport-McMoRan","ERROR","","{""status"":""error"",""message"":""Property values were not valid: [{\""isValid\"":false,\""message\"":\""f5000 was not one of the allowed options: [architect, a_e, engineer, big_firm, developer, gc, sub, leo, k"
"Cummins","SKIP-DUP","159221550824","existing bd_audience=blank"
"Hewlett Packard Enterprise","ERROR","","{""status"":""error"",""message"":""Property values were not valid: [{\""isValid\"":false,\""message\"":\""f5000 was not one of the allowed options: [architect, a_e, engineer, big_firm, developer, gc, sub, leo, k"
"Sempra","SKIP-DUP","343267593960","existing bd_audience=end_user"
"Archer Daniels Midland","ERROR","","{""status"":""error"",""message"":""Property values were not valid: [{\""isValid\"":false,\""message\"":\""f5000 was not one of the allowed options: [architect, a_e, engineer, big_firm, developer, gc, sub, leo, k"
"Dominion Energy","SKIP-DUP","343227257577","existing bd_audience=end_user"
"Becton Dickinson","ERROR","","{""status"":""error"",""message"":""Property values were not valid: [{\""isValid\"":false,\""message\"":\""f5000 was not one of the allowed options: [architect, a_e, engineer, big_firm, developer, gc, sub, leo, k"
"Synchrony Financial","ERROR","","{""status"":""error"",""message"":""Property values were not valid: [{\""isValid\"":false,\""message\"":\""f5000 was not one of the allowed options: [architect, a_e, engineer, big_firm, developer, gc, sub, leo, k"
"Intuit","SKIP-DUP","159520406259","existing bd_audience=end_user"
"Valero Energy","SKIP-DUP","345728992976","existing bd_audience=end_user"
"Humana","SKIP-DUP","154510798552","existing bd_audience=end_user"
"Lennar","ERROR","","{""status"":""error"",""message"":""Property values were not valid: [{\""isValid\"":false,\""message\"":\""f5000 was not one of the allowed options: [architect, a_e, engineer, big_firm, developer, gc, sub, leo, k"
"Baker Hughes Company","ERROR","","{""status"":""error"",""message"":""Property values were not valid: [{\""isValid\"":false,\""message\"":\""f5000 was not one of the allowed options: [architect, a_e, engineer, big_firm, developer, gc, sub, leo, k"
"Boston Scientific","ERROR","","{""status"":""error"",""message"":""Property values were not valid: [{\""isValid\"":false,\""message\"":\""f5000 was not one of the allowed options: [architect, a_e, engineer, big_firm, developer, gc, sub, leo, k"
"HP","ERROR","","{""status"":""error"",""message"":""Property values were not valid: [{\""isValid\"":false,\""message\"":\""f5000 was not one of the allowed options: [architect, a_e, engineer, big_firm, developer, gc, sub, leo, k"
"Cheniere Energy","ERROR","","{""status"":""error"",""message"":""Property values were not valid: [{\""isValid\"":false,\""message\"":\""f5000 was not one of the allowed options: [architect, a_e, engineer, big_firm, developer, gc, sub, leo, k"
"Prologis","SKIP-DUP","345730713312","existing bd_audience=developer"
"Blackstone","SKIP-DUP","345638346461","existing bd_audience=end_user"
"Emerson Electric","ERROR","","{""status"":""error"",""message"":""Property values were not valid: [{\""isValid\"":false,\""message\"":\""f5000 was not one of the allowed options: [architect, a_e, engineer, big_firm, developer, gc, sub, leo, k"
"Corebridge Financial","ERROR","","{""status"":""error"",""message"":""Property values were not valid: [{\""isValid\"":false,\""message\"":\""f5000 was not one of the allowed options: [architect, a_e, engineer, big_firm, developer, gc, sub, leo, k"
"Regeneron Pharmaceuticals","ERROR","","{""status"":""error"",""message"":""Property values were not valid: [{\""isValid\"":false,\""message\"":\""f5000 was not one of the allowed options: [architect, a_e, engineer, big_firm, developer, gc, sub, leo, k"
"Parker-Hannifin","ERROR","","{""status"":""error"",""message"":""Property values were not valid: [{\""isValid\"":false,\""message\"":\""f5000 was not one of the allowed options: [architect, a_e, engineer, big_firm, developer, gc, sub, leo, k"
"Vistra Energy","ERROR","","{""status"":""error"",""message"":""Property values were not valid: [{\""isValid\"":false,\""message\"":\""f5000 was not one of the allowed options: [architect, a_e, engineer, big_firm, developer, gc, sub, leo, k"
"Raymond James Financial","ERROR","","{""status"":""error"",""message"":""Property values were not valid: [{\""isValid\"":false,\""message\"":\""f5000 was not one of the allowed options: [architect, a_e, engineer, big_firm, developer, gc, sub, leo, k"
"CSX","ERROR","","{""status"":""error"",""message"":""Property values were not valid: [{\""isValid\"":false,\""message\"":\""f5000 was not one of the allowed options: [architect, a_e, engineer, big_firm, developer, gc, sub, leo, k"
"Royal Caribbean Group","ERROR","","{""status"":""error"",""message"":""Property values were not valid: [{\""isValid\"":false,\""message\"":\""f5000 was not one of the allowed options: [architect, a_e, engineer, big_firm, developer, gc, sub, leo, k"
"Consolidated Edison","ERROR","","{""status"":""error"",""message"":""Property values were not valid: [{\""isValid\"":false,\""message\"":\""f5000 was not one of the allowed options: [architect, a_e, engineer, big_firm, developer, gc, sub, leo, k"
"American Tower","ERROR","","{""status"":""error"",""message"":""Property values were not valid: [{\""isValid\"":false,\""message\"":\""f5000 was not one of the allowed options: [architect, a_e, engineer, big_firm, developer, gc, sub, leo, k"
"Sysco","ERROR","","{""status"":""error"",""message"":""Property values were not valid: [{\""isValid\"":false,\""message\"":\""f5000 was not one of the allowed options: [architect, a_e, engineer, big_firm, developer, gc, sub, leo, k"
"Boeing","ERROR","","{""status"":""error"",""message"":""Property values were not valid: [{\""isValid\"":false,\""message\"":\""f5000 was not one of the allowed options: [architect, a_e, engineer, big_firm, developer, gc, sub, leo, k"
"Marriott International","ERROR","","{""status"":""error"",""message"":""Property values were not valid: [{\""isValid\"":false,\""message\"":\""f5000 was not one of the allowed options: [architect, a_e, engineer, big_firm, developer, gc, sub, leo, k"
"Sherwin-Williams","ERROR","","{""status"":""error"",""message"":""Property values were not valid: [{\""isValid\"":false,\""message\"":\""f5000 was not one of the allowed options: [architect, a_e, engineer, big_firm, developer, gc, sub, leo, k"
"Xcel Energy","SKIP-DUP","287804403426","existing bd_audience=end_user"
"Carnival Corporation","ERROR","","{""status"":""error"",""message"":""Property values were not valid: [{\""isValid\"":false,\""message\"":\""f5000 was not one of the allowed options: [architect, a_e, engineer, big_firm, developer, gc, sub, leo, k"
"Diamondback Energy","SKIP-DUP","346868644578","existing bd_audience=end_user"
"Air Products & Chemicals","ERROR","","{""status"":""error"",""message"":""Property values were not valid: [{\""isValid\"":false,\""message\"":\""f5000 was not one of the allowed options: [architect, a_e, engineer, big_firm, developer, gc, sub, leo, k"
"Northern Trust","ERROR","","{""status"":""error"",""message"":""Property values were not valid: [{\""isValid\"":false,\""message\"":\""f5000 was not one of the allowed options: [architect, a_e, engineer, big_firm, developer, gc, sub, leo, k"
"CME Group","ERROR","","{""status"":""error"",""message"":""Property values were not valid: [{\""isValid\"":false,\""message\"":\""f5000 was not one of the allowed options: [architect, a_e, engineer, big_firm, developer, gc, sub, leo, k"
"Norfolk Southern","ERROR","","{""status"":""error"",""message"":""Property values were not valid: [{\""isValid\"":false,\""message\"":\""f5000 was not one of the allowed options: [architect, a_e, engineer, big_firm, developer, gc, sub, leo, k"
"L3Harris Technologies","ERROR","","{""status"":""error"",""message"":""Property values were not valid: [{\""isValid\"":false,\""message\"":\""f5000 was not one of the allowed options: [architect, a_e, engineer, big_firm, developer, gc, sub, leo, k"
"Intel","SKIP-DUP","343225520845","existing bd_audience=end_user"
"Republic Services","SKIP-DUP","345715866355","existing bd_audience=end_user"
"Williams","ERROR","","{""status"":""error"",""message"":""Property values were not valid: [{\""isValid\"":false,\""message\"":\""f5000 was not one of the allowed options: [architect, a_e, engineer, big_firm, developer, gc, sub, leo, k"
"Keurig Dr Pepper","ERROR","","{""status"":""error"",""message"":""Property values were not valid: [{\""isValid\"":false,\""message\"":\""f5000 was not one of the allowed options: [architect, a_e, engineer, big_firm, developer, gc, sub, leo, k"
"Nucor","ERROR","","{""status"":""error"",""message"":""Property values were not valid: [{\""isValid\"":false,\""message\"":\""f5000 was not one of the allowed options: [architect, a_e, engineer, big_firm, developer, gc, sub, leo, k"
"Gallagher","SKIP-DUP","159221544646","existing bd_audience=blank"
"Lam Research","ERROR","","{""status"":""error"",""message"":""Property values were not valid: [{\""isValid\"":false,\""message\"":\""f5000 was not one of the allowed options: [architect, a_e, engineer, big_firm, developer, gc, sub, leo, k"
"General Mills","SKIP-DUP","154510798559","existing bd_audience=blank"
"Edison International","ERROR","","{""status"":""error"",""message"":""Property values were not valid: [{\""isValid\"":false,\""message\"":\""f5000 was not one of the allowed options: [architect, a_e, engineer, big_firm, developer, gc, sub, leo, k"
"Amphenol","ERROR","","{""status"":""error"",""message"":""Property values were not valid: [{\""isValid\"":false,\""message\"":\""f5000 was not one of the allowed options: [architect, a_e, engineer, big_firm, developer, gc, sub, leo, k"
"Markel","ERROR","","{""status"":""error"",""message"":""Property values were not valid: [{\""isValid\"":false,\""message\"":\""f5000 was not one of the allowed options: [architect, a_e, engineer, big_firm, developer, gc, sub, leo, k"
"GE HealthCare Technologies","ERROR","","{""status"":""error"",""message"":""Property values were not valid: [{\""isValid\"":false,\""message\"":\""f5000 was not one of the allowed options: [architect, a_e, engineer, big_firm, developer, gc, sub, leo, k"
"United Rentals","ERROR","","{""status"":""error"",""message"":""Property values were not valid: [{\""isValid\"":false,\""message\"":\""f5000 was not one of the allowed options: [architect, a_e, engineer, big_firm, developer, gc, sub, leo, k"
"Analog Devices","ERROR","","{""status"":""error"",""message"":""Property values were not valid: [{\""isValid\"":false,\""message\"":\""f5000 was not one of the allowed options: [architect, a_e, engineer, big_firm, developer, gc, sub, leo, k"
"Loews","SKIP-DUP","274922205888","existing bd_audience=blank"
"Equitable Holdings","ERROR","","{""status"":""error"",""message"":""Property values were not valid: [{\""isValid\"":false,\""message\"":\""f5000 was not one of the allowed options: [architect, a_e, engineer, big_firm, developer, gc, sub, leo, k"
"Tyson Foods","ERROR","","{""status"":""error"",""message"":""Property values were not valid: [{\""isValid\"":false,\""message\"":\""f5000 was not one of the allowed options: [architect, a_e, engineer, big_firm, developer, gc, sub, leo, k"
"Ecolab","SKIP-DUP","154681732811","existing bd_audience=blank"
"Colgate-Palmolive","ERROR","","{""status"":""error"",""message"":""Property values were not valid: [{\""isValid\"":false,\""message\"":\""f5000 was not one of the allowed options: [architect, a_e, engineer, big_firm, developer, gc, sub, leo, k"
"Public Service Enterprise Group","ERROR","","{""status"":""error"",""message"":""Property values were not valid: [{\""isValid\"":false,\""message\"":\""f5000 was not one of the allowed options: [architect, a_e, engineer, big_firm, developer, gc, sub, leo, k"
"Lincoln National","ERROR","","{""status"":""error"",""message"":""Property values were not valid: [{\""isValid\"":false,\""message\"":\""f5000 was not one of the allowed options: [architect, a_e, engineer, big_firm, developer, gc, sub, leo, k"
"AutoZone","SKIP-DUP","343265795798","existing bd_audience=end_user"
"CBRE Group","ERROR","","{""status"":""error"",""message"":""Property values were not valid: [{\""isValid\"":false,\""message\"":\""f5000 was not one of the allowed options: [architect, a_e, engineer, big_firm, developer, gc, sub, leo, k"
"Continental Automotive Systems, Inc.","ERROR","","{""status"":""error"",""message"":""Property values were not valid: [{\""isValid\"":false,\""message\"":\""f5000 was not one of the allowed options: [architect, a_e, engineer, big_firm, developer, gc, sub, leo, k"
"Hess","SKIP-DUP","249968904925","existing bd_audience=blank"
"W. R. Berkley","ERROR","","{""status"":""error"",""message"":""Property values were not valid: [{\""isValid\"":false,\""message\"":\""f5000 was not one of the allowed options: [architect, a_e, engineer, big_firm, developer, gc, sub, leo, k"
"Entergy","SKIP-DUP","343274765015","existing bd_audience=end_user"
"Dollar General","SKIP-DUP","343205675750","existing bd_audience=end_user"
"Corteva","ERROR","","{""status"":""error"",""message"":""Property values were not valid: [{\""isValid\"":false,\""message\"":\""f5000 was not one of the allowed options: [architect, a_e, engineer, big_firm, developer, gc, sub, leo, k"
"Principal Financial Group","ERROR","","{""status"":""error"",""message"":""Property values were not valid: [{\""isValid\"":false,\""message\"":\""f5000 was not one of the allowed options: [architect, a_e, engineer, big_firm, developer, gc, sub, leo, k"
"Cognizant","SKIP-DUP","159479847633","existing bd_audience=blank"
"Devon Energy","ERROR","","{""status"":""error"",""message"":""Property values were not valid: [{\""isValid\"":false,\""message\"":\""f5000 was not one of the allowed options: [architect, a_e, engineer, big_firm, developer, gc, sub, leo, k"
"DTE Energy","SKIP-DUP","343218257626","existing bd_audience=end_user"
"Fidelity National Financial","ERROR","","{""status"":""error"",""message"":""Property values were not valid: [{\""isValid\"":false,\""message\"":\""f5000 was not one of the allowed options: [architect, a_e, engineer, big_firm, developer, gc, sub, leo, k"
"Illinois Tool Works","ERROR","","{""status"":""error"",""message"":""Property values were not valid: [{\""isValid\"":false,\""message\"":\""f5000 was not one of the allowed options: [architect, a_e, engineer, big_firm, developer, gc, sub, leo, k"
"AirBnB","SKIP-DUP","347045969633","existing bd_audience=end_user"
"O'Reilly Automotive","ERROR","","{""status"":""error"",""message"":""Property values were not valid: [{\""isValid\"":false,\""message\"":\""f5000 was not one of the allowed options: [architect, a_e, engineer, big_firm, developer, gc, sub, leo, k"
"Kimberly-Clark","ERROR","","{""status"":""error"",""message"":""Property values were not valid: [{\""isValid\"":false,\""message\"":\""f5000 was not one of the allowed options: [architect, a_e, engineer, big_firm, developer, gc, sub, leo, k"
"FirstEnergy","SKIP-DUP","343218257627","existing bd_audience=end_user"
"Halliburton","SKIP-DUP","345626434293","existing bd_audience=end_user"
"Ross Stores","ERROR","","{""status"":""error"",""message"":""Property values were not valid: [{\""isValid\"":false,\""message\"":\""f5000 was not one of the allowed options: [architect, a_e, engineer, big_firm, developer, gc, sub, leo, k"
"ServiceNow","SKIP-DUP","159518559957","existing bd_audience=end_user"
"Targa Resources","ERROR","","{""status"":""error"",""message"":""Property values were not valid: [{\""isValid\"":false,\""message\"":\""f5000 was not one of the allowed options: [architect, a_e, engineer, big_firm, developer, gc, sub, leo, k"
"WEC Energy Group","SKIP-DUP","343306266341","existing bd_audience=end_user"
"Welltower","ERROR","","{""status"":""error"",""message"":""Property values were not valid: [{\""isValid\"":false,\""message\"":\""f5000 was not one of the allowed options: [architect, a_e, engineer, big_firm, developer, gc, sub, leo, k"
"Cincinnati Financial","ERROR","","{""status"":""error"",""message"":""Property values were not valid: [{\""isValid\"":false,\""message\"":\""f5000 was not one of the allowed options: [architect, a_e, engineer, big_firm, developer, gc, sub, leo, k"
"NRG Energy","SKIP-DUP","343263996662","existing bd_audience=end_user"
"Warner Bros. Discovery","SKIP-DUP","343252475593","existing bd_audience=end_user"
"Kenvue","ERROR","","{""status"":""error"",""message"":""Property values were not valid: [{\""isValid\"":false,\""message\"":\""f5000 was not one of the allowed options: [architect, a_e, engineer, big_firm, developer, gc, sub, leo, k"
"Intuitive Surgical","ERROR","","{""status"":""error"",""message"":""Property values were not valid: [{\""isValid\"":false,\""message\"":\""f5000 was not one of the allowed options: [architect, a_e, engineer, big_firm, developer, gc, sub, leo, k"
"Unum Group","ERROR","","{""status"":""error"",""message"":""Property values were not valid: [{\""isValid\"":false,\""message\"":\""f5000 was not one of the allowed options: [architect, a_e, engineer, big_firm, developer, gc, sub, leo, k"
"IQVIA","ERROR","","{""status"":""error"",""message"":""Property values were not valid: [{\""isValid\"":false,\""message\"":\""f5000 was not one of the allowed options: [architect, a_e, engineer, big_firm, developer, gc, sub, leo, k"
"Reinsurance Group of America","ERROR","","{""status"":""error"",""message"":""Property values were not valid: [{\""isValid\"":false,\""message\"":\""f5000 was not one of the allowed options: [architect, a_e, engineer, big_firm, developer, gc, sub, leo, k"
"Fox","ERROR","","{""status"":""error"",""message"":""Property values were not valid: [{\""isValid\"":false,\""message\"":\""f5000 was not one of the allowed options: [architect, a_e, engineer, big_firm, developer, gc, sub, leo, k"
"Tenet Healthcare","SKIP-DUP","343267617483","existing bd_audience=end_user"
"Albertsons","SKIP-DUP","343309947608","existing bd_audience=end_user"
"KLA","ERROR","","{""status"":""error"",""message"":""Property values were not valid: [{\""isValid\"":false,\""message\"":\""f5000 was not one of the allowed options: [architect, a_e, engineer, big_firm, developer, gc, sub, leo, k"
"PulteGroup","ERROR","","{""status"":""error"",""message"":""Property values were not valid: [{\""isValid\"":false,\""message\"":\""f5000 was not one of the allowed options: [architect, a_e, engineer, big_firm, developer, gc, sub, leo, k"
"Quanta Services","ERROR","","{""status"":""error"",""message"":""Property values were not valid: [{\""isValid\"":false,\""message\"":\""f5000 was not one of the allowed options: [architect, a_e, engineer, big_firm, developer, gc, sub, leo, k"
"WW Grainger","ERROR","","{""status"":""error"",""message"":""Property values were not valid: [{\""isValid\"":false,\""message\"":\""f5000 was not one of the allowed options: [architect, a_e, engineer, big_firm, developer, gc, sub, leo, k"
"Interactive Brokers Group","ERROR","","{""status"":""error"",""message"":""Property values were not valid: [{\""isValid\"":false,\""message\"":\""f5000 was not one of the allowed options: [architect, a_e, engineer, big_firm, developer, gc, sub, leo, k"
"Global Payments","ERROR","","{""status"":""error"",""message"":""Property values were not valid: [{\""isValid\"":false,\""message\"":\""f5000 was not one of the allowed options: [architect, a_e, engineer, big_firm, developer, gc, sub, leo, k"
"VICI Properties","ERROR","","{""status"":""error"",""message"":""Property values were not valid: [{\""isValid\"":false,\""message\"":\""f5000 was not one of the allowed options: [architect, a_e, engineer, big_firm, developer, gc, sub, leo, k"
"Roper Technologies","ERROR","","{""status"":""error"",""message"":""Property values were not valid: [{\""isValid\"":false,\""message\"":\""f5000 was not one of the allowed options: [architect, a_e, engineer, big_firm, developer, gc, sub, leo, k"
"Eversource Energy","SKIP-DUP","343180528336","existing bd_audience=end_user"
"Dow","ERROR","","{""status"":""error"",""message"":""Property values were not valid: [{\""isValid\"":false,\""message\"":\""f5000 was not one of the allowed options: [architect, a_e, engineer, big_firm, developer, gc, sub, leo, k"
"Coinbase","ERROR","","{""status"":""error"",""message"":""Property values were not valid: [{\""isValid\"":false,\""message\"":\""f5000 was not one of the allowed options: [architect, a_e, engineer, big_firm, developer, gc, sub, leo, k"
"Equinix","SKIP-DUP","343406143222","existing bd_audience=end_user"
"TransDigm Group","ERROR","","{""status"":""error"",""message"":""Property values were not valid: [{\""isValid\"":false,\""message\"":\""f5000 was not one of the allowed options: [architect, a_e, engineer, big_firm, developer, gc, sub, leo, k"
"PPG","ERROR","","{""status"":""error"",""message"":""Property values were not valid: [{\""isValid\"":false,\""message\"":\""f5000 was not one of the allowed options: [architect, a_e, engineer, big_firm, developer, gc, sub, leo, k"
"Simon Property Group","ERROR","","{""status"":""error"",""message"":""Property values were not valid: [{\""isValid\"":false,\""message\"":\""f5000 was not one of the allowed options: [architect, a_e, engineer, big_firm, developer, gc, sub, leo, k"
"Palo Alto Networks","SKIP-DUP","159374042869","existing bd_audience=blank"
"NASDAQ","ERROR","","{""status"":""error"",""message"":""Property values were not valid: [{\""isValid\"":false,\""message\"":\""f5000 was not one of the allowed options: [architect, a_e, engineer, big_firm, developer, gc, sub, leo, k"
"Bunge Global","ERROR","","{""status"":""error"",""message"":""Property values were not valid: [{\""isValid\"":false,\""message\"":\""f5000 was not one of the allowed options: [architect, a_e, engineer, big_firm, developer, gc, sub, leo, k"
"Omnicom Group","ERROR","","{""status"":""error"",""message"":""Property values were not valid: [{\""isValid\"":false,\""message\"":\""f5000 was not one of the allowed options: [architect, a_e, engineer, big_firm, developer, gc, sub, leo, k"
"Fidelity National Information (FIS)","ERROR","","{""status"":""error"",""message"":""Property values were not valid: [{\""isValid\"":false,\""message\"":\""f5000 was not one of the allowed options: [architect, a_e, engineer, big_firm, developer, gc, sub, leo, k"
"Ameren","SKIP-DUP","343209229002","existing bd_audience=end_user"
"Molina Healthcare","SKIP-DUP","154635095791","existing bd_audience=end_user"
"CenterPoint Energy","SKIP-DUP","343205653222","existing bd_audience=end_user"
"eBay","ERROR","","{""status"":""error"",""message"":""Property values were not valid: [{\""isValid\"":false,\""message\"":\""f5000 was not one of the allowed options: [architect, a_e, engineer, big_firm, developer, gc, sub, leo, k"
"Western Digital","ERROR","","{""status"":""error"",""message"":""Property values were not valid: [{\""isValid\"":false,\""message\"":\""f5000 was not one of the allowed options: [architect, a_e, engineer, big_firm, developer, gc, sub, leo, k"
"Hilton Worldwide Holdings","SKIP-DUP","159520335585","existing bd_audience=blank"
"DuPont De Nemours","ERROR","","{""status"":""error"",""message"":""Property values were not valid: [{\""isValid\"":false,\""message\"":\""f5000 was not one of the allowed options: [architect, a_e, engineer, big_firm, developer, gc, sub, leo, k"
"Zoetis","ERROR","","{""status"":""error"",""message"":""Property values were not valid: [{\""isValid\"":false,\""message\"":\""f5000 was not one of the allowed options: [architect, a_e, engineer, big_firm, developer, gc, sub, leo, k"
"Realty Income","ERROR","","{""status"":""error"",""message"":""Property values were not valid: [{\""isValid\"":false,\""message\"":\""f5000 was not one of the allowed options: [architect, a_e, engineer, big_firm, developer, gc, sub, leo, k"
"Chipotle Mexican Grill","ERROR","","{""status"":""error"",""message"":""Property values were not valid: [{\""isValid\"":false,\""message\"":\""f5000 was not one of the allowed options: [architect, a_e, engineer, big_firm, developer, gc, sub, leo, k"
"Expedia Group","ERROR","","{""status"":""error"",""message"":""Property values were not valid: [{\""isValid\"":false,\""message\"":\""f5000 was not one of the allowed options: [architect, a_e, engineer, big_firm, developer, gc, sub, leo, k"
"Motorola Solutions","ERROR","","{""status"":""error"",""message"":""Property values were not valid: [{\""isValid\"":false,\""message\"":\""f5000 was not one of the allowed options: [architect, a_e, engineer, big_firm, developer, gc, sub, leo, k"
"Cintas","ERROR","","{""status"":""error"",""message"":""Property values were not valid: [{\""isValid\"":false,\""message\"":\""f5000 was not one of the allowed options: [architect, a_e, engineer, big_firm, developer, gc, sub, leo, k"
"Live Nation Entertainment","ERROR","","{""status"":""error"",""message"":""Property values were not valid: [{\""isValid\"":false,\""message\"":\""f5000 was not one of the allowed options: [architect, a_e, engineer, big_firm, developer, gc, sub, leo, k"
"Otis Worldwide","ERROR","","{""status"":""error"",""message"":""Property values were not valid: [{\""isValid\"":false,\""message\"":\""f5000 was not one of the allowed options: [architect, a_e, engineer, big_firm, developer, gc, sub, leo, k"
"PPL","SKIP-DUP","343267593959","existing bd_audience=end_user"
"Super Micro Computer","ERROR","","{""status"":""error"",""message"":""Property values were not valid: [{\""isValid\"":false,\""message\"":\""f5000 was not one of the allowed options: [architect, a_e, engineer, big_firm, developer, gc, sub, leo, k"
"American Airlines Group","ERROR","","{""status"":""error"",""message"":""Property values were not valid: [{\""isValid\"":false,\""message\"":\""f5000 was not one of the allowed options: [architect, a_e, engineer, big_firm, developer, gc, sub, leo, k"
"Las Vegas Sands","ERROR","","{""status"":""error"",""message"":""Property values were not valid: [{\""isValid\"":false,\""message\"":\""f5000 was not one of the allowed options: [architect, a_e, engineer, big_firm, developer, gc, sub, leo, k"
"Southwest Airlines","ERROR","","{""status"":""error"",""message"":""Property values were not valid: [{\""isValid\"":false,\""message\"":\""f5000 was not one of the allowed options: [architect, a_e, engineer, big_firm, developer, gc, sub, leo, k"
"Biogen","ERROR","","{""status"":""error"",""message"":""Property values were not valid: [{\""isValid\"":false,\""message\"":\""f5000 was not one of the allowed options: [architect, a_e, engineer, big_firm, developer, gc, sub, leo, k"
"The Hershey Company","ERROR","","{""status"":""error"",""message"":""Property values were not valid: [{\""isValid\"":false,\""message\"":\""f5000 was not one of the allowed options: [architect, a_e, engineer, big_firm, developer, gc, sub, leo, k"
"Arista Networks","ERROR","","{""status"":""error"",""message"":""Property values were not valid: [{\""isValid\"":false,\""message\"":\""f5000 was not one of the allowed options: [architect, a_e, engineer, big_firm, developer, gc, sub, leo, k"
"Walgreens Boots Alliance","ERROR","","{""status"":""error"",""message"":""Property values were not valid: [{\""isValid\"":false,\""message\"":\""f5000 was not one of the allowed options: [architect, a_e, engineer, big_firm, developer, gc, sub, leo, k"
"Moody's","ERROR","","{""status"":""error"",""message"":""Property values were not valid: [{\""isValid\"":false,\""message\"":\""f5000 was not one of the allowed options: [architect, a_e, engineer, big_firm, developer, gc, sub, leo, k"
"Genuine Parts","SKIP-DUP","343260429006","existing bd_audience=end_user"
"Kellanova","ERROR","","{""status"":""error"",""message"":""Property values were not valid: [{\""isValid\"":false,\""message\"":\""f5000 was not one of the allowed options: [architect, a_e, engineer, big_firm, developer, gc, sub, leo, k"
"Venture Global","ERROR","","{""status"":""error"",""message"":""Property values were not valid: [{\""isValid\"":false,\""message\"":\""f5000 was not one of the allowed options: [architect, a_e, engineer, big_firm, developer, gc, sub, leo, k"
"CDW","SKIP-DUP","346917825272","existing bd_audience=end_user"
"CMS Energy","SKIP-DUP","343292592886","existing bd_audience=end_user"
"Steel Dynamics","ERROR","","{""status"":""error"",""message"":""Property values were not valid: [{\""isValid\"":false,\""message\"":\""f5000 was not one of the allowed options: [architect, a_e, engineer, big_firm, developer, gc, sub, leo, k"
"Westinghouse Air Brake Technologies","ERROR","","{""status"":""error"",""message"":""Property values were not valid: [{\""isValid\"":false,\""message\"":\""f5000 was not one of the allowed options: [architect, a_e, engineer, big_firm, developer, gc, sub, leo, k"
"International Paper","ERROR","","{""status"":""error"",""message"":""Property values were not valid: [{\""isValid\"":false,\""message\"":\""f5000 was not one of the allowed options: [architect, a_e, engineer, big_firm, developer, gc, sub, leo, k"
"Flex","ERROR","","{""status"":""error"",""message"":""Property values were not valid: [{\""isValid\"":false,\""message\"":\""f5000 was not one of the allowed options: [architect, a_e, engineer, big_firm, developer, gc, sub, leo, k"
"Corning","ERROR","","{""status"":""error"",""message"":""Property values were not valid: [{\""isValid\"":false,\""message\"":\""f5000 was not one of the allowed options: [architect, a_e, engineer, big_firm, developer, gc, sub, leo, k"
"TD SYNNEX","SKIP-DUP","158800241372","existing bd_audience=blank"
"Robinhood Markets","ERROR","","{""status"":""error"",""message"":""Property values were not valid: [{\""isValid\"":false,\""message\"":\""f5000 was not one of the allowed options: [architect, a_e, engineer, big_firm, developer, gc, sub, leo, k"
"Public Storage","ERROR","","{""status"":""error"",""message"":""Property values were not valid: [{\""isValid\"":false,\""message\"":\""f5000 was not one of the allowed options: [architect, a_e, engineer, big_firm, developer, gc, sub, leo, k"
"Best Buy","SKIP-DUP","154505413329","existing bd_audience=end_user"
"AES","ERROR","","{""status"":""error"",""message"":""Property values were not valid: [{\""isValid\"":false,\""message\"":\""f5000 was not one of the allowed options: [architect, a_e, engineer, big_firm, developer, gc, sub, leo, k"
"Tractor Supply","SKIP-DUP","321140162295","existing bd_audience=blank"
"Leidos","SKIP-DUP","325353444032","existing bd_audience=big_firm"
"Martin Marietta Materials","ERROR","","{""status"":""error"",""message"":""Property values were not valid: [{\""isValid\"":false,\""message\"":\""f5000 was not one of the allowed options: [architect, a_e, engineer, big_firm, developer, gc, sub, leo, k"
"Monster Beverage","ERROR","","{""status"":""error"",""message"":""Property values were not valid: [{\""isValid\"":false,\""message\"":\""f5000 was not one of the allowed options: [architect, a_e, engineer, big_firm, developer, gc, sub, leo, k"
"American Water Works","ERROR","","{""status"":""error"",""message"":""Property values were not valid: [{\""isValid\"":false,\""message\"":\""f5000 was not one of the allowed options: [architect, a_e, engineer, big_firm, developer, gc, sub, leo, k"
"MGM Resorts","SKIP-DUP","159477989110","existing bd_audience=blank"
"Vertex Pharmaceuticals","ERROR","","{""status"":""error"",""message"":""Property values were not valid: [{\""isValid\"":false,\""message\"":\""f5000 was not one of the allowed options: [architect, a_e, engineer, big_firm, developer, gc, sub, leo, k"
"Coupang","ERROR","","{""status"":""error"",""message"":""Property values were not valid: [{\""isValid\"":false,\""message\"":\""f5000 was not one of the allowed options: [architect, a_e, engineer, big_firm, developer, gc, sub, leo, k"
"Annaly Capital Management","ERROR","","{""status"":""error"",""message"":""Property values were not valid: [{\""isValid\"":false,\""message\"":\""f5000 was not one of the allowed options: [architect, a_e, engineer, big_firm, developer, gc, sub, leo, k"
"Flutter Entertainment","ERROR","","{""status"":""error"",""message"":""Property values were not valid: [{\""isValid\"":false,\""message\"":\""f5000 was not one of the allowed options: [architect, a_e, engineer, big_firm, developer, gc, sub, leo, k"
"Synopsys","ERROR","","{""status"":""error"",""message"":""Property values were not valid: [{\""isValid\"":false,\""message\"":\""f5000 was not one of the allowed options: [architect, a_e, engineer, big_firm, developer, gc, sub, leo, k"
"Molson Coors Brewing","ERROR","","{""status"":""error"",""message"":""Property values were not valid: [{\""isValid\"":false,\""message\"":\""f5000 was not one of the allowed options: [architect, a_e, engineer, big_firm, developer, gc, sub, leo, k"
"Penske Automotive","ERROR","","{""status"":""error"",""message"":""Property values were not valid: [{\""isValid\"":false,\""message\"":\""f5000 was not one of the allowed options: [architect, a_e, engineer, big_firm, developer, gc, sub, leo, k"
"LPL Financial Holdings","ERROR","","{""status"":""error"",""message"":""Property values were not valid: [{\""isValid\"":false,\""message\"":\""f5000 was not one of the allowed options: [architect, a_e, engineer, big_firm, developer, gc, sub, leo, k"
"Yum! Brands","ERROR","","{""status"":""error"",""message"":""Property values were not valid: [{\""isValid\"":false,\""message\"":\""f5000 was not one of the allowed options: [architect, a_e, engineer, big_firm, developer, gc, sub, leo, k"
"Lithia Motors","SKIP-DUP","154550023897","existing bd_audience=blank"
"NVR","ERROR","","{""status"":""error"",""message"":""Property values were not valid: [{\""isValid\"":false,\""message\"":\""f5000 was not one of the allowed options: [architect, a_e, engineer, big_firm, developer, gc, sub, leo, k"
"Dover","ERROR","","{""status"":""error"",""message"":""Property values were not valid: [{\""isValid\"":false,\""message\"":\""f5000 was not one of the allowed options: [architect, a_e, engineer, big_firm, developer, gc, sub, leo, k"
"Fortinet","ERROR","","{""status"":""error"",""message"":""Property values were not valid: [{\""isValid\"":false,\""message\"":\""f5000 was not one of the allowed options: [architect, a_e, engineer, big_firm, developer, gc, sub, leo, k"
"AppLovin","ERROR","","{""status"":""error"",""message"":""Property values were not valid: [{\""isValid\"":false,\""message\"":\""f5000 was not one of the allowed options: [architect, a_e, engineer, big_firm, developer, gc, sub, leo, k"
"Howmet Aerospace","ERROR","","{""status"":""error"",""message"":""Property values were not valid: [{\""isValid\"":false,\""message\"":\""f5000 was not one of the allowed options: [architect, a_e, engineer, big_firm, developer, gc, sub, leo, k"
"Labcorp Holdings","ERROR","","{""status"":""error"",""message"":""Property values were not valid: [{\""isValid\"":false,\""message\"":\""f5000 was not one of the allowed options: [architect, a_e, engineer, big_firm, developer, gc, sub, leo, k"
"Darden Restaurants","ERROR","","{""status"":""error"",""message"":""Property values were not valid: [{\""isValid\"":false,\""message\"":\""f5000 was not one of the allowed options: [architect, a_e, engineer, big_firm, developer, gc, sub, leo, k"
"EMCOR Group","ERROR","","{""status"":""error"",""message"":""Property values were not valid: [{\""isValid\"":false,\""message\"":\""f5000 was not one of the allowed options: [architect, a_e, engineer, big_firm, developer, gc, sub, leo, k"
"Fastenal","SKIP-DUP","287808580340","existing bd_audience=blank"
"Ametek","ERROR","","{""status"":""error"",""message"":""Property values were not valid: [{\""isValid\"":false,\""message\"":\""f5000 was not one of the allowed options: [architect, a_e, engineer, big_firm, developer, gc, sub, leo, k"
"Extra Space Storage","ERROR","","{""status"":""error"",""message"":""Property values were not valid: [{\""isValid\"":false,\""message\"":\""f5000 was not one of the allowed options: [architect, a_e, engineer, big_firm, developer, gc, sub, leo, k"
"Atmos Energy","ERROR","","{""status"":""error"",""message"":""Property values were not valid: [{\""isValid\"":false,\""message\"":\""f5000 was not one of the allowed options: [architect, a_e, engineer, big_firm, developer, gc, sub, leo, k"
"Jefferies Financial","ERROR","","{""status"":""error"",""message"":""Property values were not valid: [{\""isValid\"":false,\""message\"":\""f5000 was not one of the allowed options: [architect, a_e, engineer, big_firm, developer, gc, sub, leo, k"
"Builders FirstSource","ERROR","","{""status"":""error"",""message"":""Property values were not valid: [{\""isValid\"":false,\""message\"":\""f5000 was not one of the allowed options: [architect, a_e, engineer, big_firm, developer, gc, sub, leo, k"
"Xylem","ERROR","","{""status"":""error"",""message"":""Property values were not valid: [{\""isValid\"":false,\""message\"":\""f5000 was not one of the allowed options: [architect, a_e, engineer, big_firm, developer, gc, sub, leo, k"
"Paychex","ERROR","","{""status"":""error"",""message"":""Property values were not valid: [{\""isValid\"":false,\""message\"":\""f5000 was not one of the allowed options: [architect, a_e, engineer, big_firm, developer, gc, sub, leo, k"
"Vulcan Materials","ERROR","","{""status"":""error"",""message"":""Property values were not valid: [{\""isValid\"":false,\""message\"":\""f5000 was not one of the allowed options: [architect, a_e, engineer, big_firm, developer, gc, sub, leo, k"
"Dick's Sporting Goods","SKIP-DUP","343221909238","existing bd_audience=end_user"
"Zimmer Biomet","ERROR","","{""status"":""error"",""message"":""Property values were not valid: [{\""isValid\"":false,\""message\"":\""f5000 was not one of the allowed options: [architect, a_e, engineer, big_firm, developer, gc, sub, leo, k"
"Ulta Beauty","SKIP-DUP","343273027296","existing bd_audience=end_user"
"Copart","ERROR","","{""status"":""error"",""message"":""Property values were not valid: [{\""isValid\"":false,\""message\"":\""f5000 was not one of the allowed options: [architect, a_e, engineer, big_firm, developer, gc, sub, leo, k"
"Digital Realty Trust","ERROR","","{""status"":""error"",""message"":""Property values were not valid: [{\""isValid\"":false,\""message\"":\""f5000 was not one of the allowed options: [architect, a_e, engineer, big_firm, developer, gc, sub, leo, k"
"CarMax","ERROR","","{""status"":""error"",""message"":""Property values were not valid: [{\""isValid\"":false,\""message\"":\""f5000 was not one of the allowed options: [architect, a_e, engineer, big_firm, developer, gc, sub, leo, k"
"AvalonBay Communities","ERROR","","{""status"":""error"",""message"":""Property values were not valid: [{\""isValid\"":false,\""message\"":\""f5000 was not one of the allowed options: [architect, a_e, engineer, big_firm, developer, gc, sub, leo, k"
"Jabil Circuit","ERROR","","{""status"":""error"",""message"":""Property values were not valid: [{\""isValid\"":false,\""message\"":\""f5000 was not one of the allowed options: [architect, a_e, engineer, big_firm, developer, gc, sub, leo, k"
"Workday","ERROR","","{""status"":""error"",""message"":""Property values were not valid: [{\""isValid\"":false,\""message\"":\""f5000 was not one of the allowed options: [architect, a_e, engineer, big_firm, developer, gc, sub, leo, k"
"Electronic Arts","ERROR","","{""status"":""error"",""message"":""Property values were not valid: [{\""isValid\"":false,\""message\"":\""f5000 was not one of the allowed options: [architect, a_e, engineer, big_firm, developer, gc, sub, leo, k"
"Ingersoll Rand","ERROR","","{""status"":""error"",""message"":""Property values were not valid: [{\""isValid\"":false,\""message\"":\""f5000 was not one of the allowed options: [architect, a_e, engineer, big_firm, developer, gc, sub, leo, k"
"Dollar Tree","SKIP-DUP","343273027287","existing bd_audience=end_user"
"T Rowe Price","ERROR","","{""status"":""error"",""message"":""Property values were not valid: [{\""isValid\"":false,\""message\"":\""f5000 was not one of the allowed options: [architect, a_e, engineer, big_firm, developer, gc, sub, leo, k"
"Universal Health Services","ERROR","","{""status"":""error"",""message"":""Property values were not valid: [{\""isValid\"":false,\""message\"":\""f5000 was not one of the allowed options: [architect, a_e, engineer, big_firm, developer, gc, sub, leo, k"
"Edwards Lifesciences","ERROR","","{""status"":""error"",""message"":""Property values were not valid: [{\""isValid\"":false,\""message\"":\""f5000 was not one of the allowed options: [architect, a_e, engineer, big_firm, developer, gc, sub, leo, k"
"Quest Diagnostics","SKIP-DUP","326827583203","existing bd_audience=blank"
"Voya Financial","ERROR","","{""status"":""error"",""message"":""Property values were not valid: [{\""isValid\"":false,\""message\"":\""f5000 was not one of the allowed options: [architect, a_e, engineer, big_firm, developer, gc, sub, leo, k"
"Paramount","SKIP-DUP","343302698731","existing bd_audience=end_user"
"Jackson Financial","ERROR","","{""status"":""error"",""message"":""Property values were not valid: [{\""isValid\"":false,\""message\"":\""f5000 was not one of the allowed options: [architect, a_e, engineer, big_firm, developer, gc, sub, leo, k"
"Cadence Design","ERROR","","{""status"":""error"",""message"":""Property values were not valid: [{\""isValid\"":false,\""message\"":\""f5000 was not one of the allowed options: [architect, a_e, engineer, big_firm, developer, gc, sub, leo, k"
"Equity Residential","ERROR","","{""status"":""error"",""message"":""Property values were not valid: [{\""isValid\"":false,\""message\"":\""f5000 was not one of the allowed options: [architect, a_e, engineer, big_firm, developer, gc, sub, leo, k"
"Autodesk","SKIP-DUP","159221538502","existing bd_audience=blank"
"StoneX Group","ERROR","","{""status"":""error"",""message"":""Property values were not valid: [{\""isValid\"":false,\""message\"":\""f5000 was not one of the allowed options: [architect, a_e, engineer, big_firm, developer, gc, sub, leo, k"
"Textron","ERROR","","{""status"":""error"",""message"":""Property values were not valid: [{\""isValid\"":false,\""message\"":\""f5000 was not one of the allowed options: [architect, a_e, engineer, big_firm, developer, gc, sub, leo, k"
"Assurant","ERROR","","{""status"":""error"",""message"":""Property values were not valid: [{\""isValid\"":false,\""message\"":\""f5000 was not one of the allowed options: [architect, a_e, engineer, big_firm, developer, gc, sub, leo, k"
"International Flavors & Fragrances","ERROR","","{""status"":""error"",""message"":""Property values were not valid: [{\""isValid\"":false,\""message\"":\""f5000 was not one of the allowed options: [architect, a_e, engineer, big_firm, developer, gc, sub, leo, k"
"Rockwell Automation","SKIP-DUP","345734382279","existing bd_audience=end_user"
"US Foods","ERROR","","{""status"":""error"",""message"":""Property values were not valid: [{\""isValid\"":false,\""message\"":\""f5000 was not one of the allowed options: [architect, a_e, engineer, big_firm, developer, gc, sub, leo, k"
"Performance Food Group","ERROR","","{""status"":""error"",""message"":""Property values were not valid: [{\""isValid\"":false,\""message\"":\""f5000 was not one of the allowed options: [architect, a_e, engineer, big_firm, developer, gc, sub, leo, k"
"Evergy","SKIP-DUP","343288984253","existing bd_audience=end_user"
"Monolithic Power Systems","ERROR","","{""status"":""error"",""message"":""Property values were not valid: [{\""isValid\"":false,\""message\"":\""f5000 was not one of the allowed options: [architect, a_e, engineer, big_firm, developer, gc, sub, leo, k"
"DaVita","SKIP-DUP","343227278028","existing bd_audience=end_user"
"Agilent Technologies","ERROR","","{""status"":""error"",""message"":""Property values were not valid: [{\""isValid\"":false,\""message\"":\""f5000 was not one of the allowed options: [architect, a_e, engineer, big_firm, developer, gc, sub, leo, k"
"NiSource","SKIP-DUP","343263996658","existing bd_audience=end_user"
"Coterra Energy","ERROR","","{""status"":""error"",""message"":""Property values were not valid: [{\""isValid\"":false,\""message\"":\""f5000 was not one of the allowed options: [architect, a_e, engineer, big_firm, developer, gc, sub, leo, k"
"The Estée Lauder Companies","ERROR","","{""status"":""error"",""message"":""Property values were not valid: [{\""isValid\"":false,\""message\"":\""f5000 was not one of the allowed options: [architect, a_e, engineer, big_firm, developer, gc, sub, leo, k"
"Brown & Brown","ERROR","","{""status"":""error"",""message"":""Property values were not valid: [{\""isValid\"":false,\""message\"":\""f5000 was not one of the allowed options: [architect, a_e, engineer, big_firm, developer, gc, sub, leo, k"
"Crown Castle International","ERROR","","{""status"":""error"",""message"":""Property values were not valid: [{\""isValid\"":false,\""message\"":\""f5000 was not one of the allowed options: [architect, a_e, engineer, big_firm, developer, gc, sub, leo, k"
"Gartner","ERROR","","{""status"":""error"",""message"":""Property values were not valid: [{\""isValid\"":false,\""message\"":\""f5000 was not one of the allowed options: [architect, a_e, engineer, big_firm, developer, gc, sub, leo, k"
"Constellation Brands","ERROR","","{""status"":""error"",""message"":""Property values were not valid: [{\""isValid\"":false,\""message\"":\""f5000 was not one of the allowed options: [architect, a_e, engineer, big_firm, developer, gc, sub, leo, k"
"ResMed","ERROR","","{""status"":""error"",""message"":""Property values were not valid: [{\""isValid\"":false,\""message\"":\""f5000 was not one of the allowed options: [architect, a_e, engineer, big_firm, developer, gc, sub, leo, k"
"Fluor","ERROR","","{""status"":""error"",""message"":""Property values were not valid: [{\""isValid\"":false,\""message\"":\""f5000 was not one of the allowed options: [architect, a_e, engineer, big_firm, developer, gc, sub, leo, k"
"MSCI","ERROR","","{""status"":""error"",""message"":""Property values were not valid: [{\""isValid\"":false,\""message\"":\""f5000 was not one of the allowed options: [architect, a_e, engineer, big_firm, developer, gc, sub, leo, k"
"Reliance Steel","ERROR","","{""status"":""error"",""message"":""Property values were not valid: [{\""isValid\"":false,\""message\"":\""f5000 was not one of the allowed options: [architect, a_e, engineer, big_firm, developer, gc, sub, leo, k"
"Booz Allen Hamilton Holding","ERROR","","{""status"":""error"",""message"":""Property values were not valid: [{\""isValid\"":false,\""message\"":\""f5000 was not one of the allowed options: [architect, a_e, engineer, big_firm, developer, gc, sub, leo, k"
"EQT","ERROR","","{""status"":""error"",""message"":""Property values were not valid: [{\""isValid\"":false,\""message\"":\""f5000 was not one of the allowed options: [architect, a_e, engineer, big_firm, developer, gc, sub, leo, k"
"ON Semiconductor","ERROR","","{""status"":""error"",""message"":""Property values were not valid: [{\""isValid\"":false,\""message\"":\""f5000 was not one of the allowed options: [architect, a_e, engineer, big_firm, developer, gc, sub, leo, k"
"Williams-Sonoma","SKIP-DUP","343260429003","existing bd_audience=end_user"
"Vertiv Holdings","ERROR","","{""status"":""error"",""message"":""Property values were not valid: [{\""isValid\"":false,\""message\"":\""f5000 was not one of the allowed options: [architect, a_e, engineer, big_firm, developer, gc, sub, leo, k"
"Baxter International","SKIP-DUP","240242436842","existing bd_audience=blank"
"Hormel Foods","ERROR","","{""status"":""error"",""message"":""Property values were not valid: [{\""isValid\"":false,\""message\"":\""f5000 was not one of the allowed options: [architect, a_e, engineer, big_firm, developer, gc, sub, leo, k"
"American Financial Group","ERROR","","{""status"":""error"",""message"":""Property values were not valid: [{\""isValid\"":false,\""message\"":\""f5000 was not one of the allowed options: [architect, a_e, engineer, big_firm, developer, gc, sub, leo, k"
"MicroStrategy","ERROR","","{""status"":""error"",""message"":""Property values were not valid: [{\""isValid\"":false,\""message\"":\""f5000 was not one of the allowed options: [architect, a_e, engineer, big_firm, developer, gc, sub, leo, k"
"BJ's Wholesale Club","SKIP-DUP","343211104992","existing bd_audience=end_user"
"DoorDash","SKIP-DUP","304682335954","existing bd_audience=blank"
"Viatris","ERROR","","{""status"":""error"",""message"":""Property values were not valid: [{\""isValid\"":false,\""message\"":\""f5000 was not one of the allowed options: [architect, a_e, engineer, big_firm, developer, gc, sub, leo, k"
"Jones Lang LaSalle","ERROR","","{""status"":""error"",""message"":""Property values were not valid: [{\""isValid\"":false,\""message\"":\""f5000 was not one of the allowed options: [architect, a_e, engineer, big_firm, developer, gc, sub, leo, k"
"Westlake Corporation","ERROR","","{""status"":""error"",""message"":""Property values were not valid: [{\""isValid\"":false,\""message\"":\""f5000 was not one of the allowed options: [architect, a_e, engineer, big_firm, developer, gc, sub, leo, k"
"Echostar","ERROR","","{""status"":""error"",""message"":""Property values were not valid: [{\""isValid\"":false,\""message\"":\""f5000 was not one of the allowed options: [architect, a_e, engineer, big_firm, developer, gc, sub, leo, k"
"Old Dominion Freight Line","ERROR","","{""status"":""error"",""message"":""Property values were not valid: [{\""isValid\"":false,\""message\"":\""f5000 was not one of the allowed options: [architect, a_e, engineer, big_firm, developer, gc, sub, leo, k"
"Corpay","ERROR","","{""status"":""error"",""message"":""Property values were not valid: [{\""isValid\"":false,\""message\"":\""f5000 was not one of the allowed options: [architect, a_e, engineer, big_firm, developer, gc, sub, leo, k"
"Verisk Analytics","ERROR","","{""status"":""error"",""message"":""Property values were not valid: [{\""isValid\"":false,\""message\"":\""f5000 was not one of the allowed options: [architect, a_e, engineer, big_firm, developer, gc, sub, leo, k"
"Toll Brothers","ERROR","","{""status"":""error"",""message"":""Property values were not valid: [{\""isValid\"":false,\""message\"":\""f5000 was not one of the allowed options: [architect, a_e, engineer, big_firm, developer, gc, sub, leo, k"
"Casey's General Stores","SKIP-DUP","343294382800","existing bd_audience=end_user"
"Carvana","ERROR","","{""status"":""error"",""message"":""Property values were not valid: [{\""isValid\"":false,\""message\"":\""f5000 was not one of the allowed options: [architect, a_e, engineer, big_firm, developer, gc, sub, leo, k"
"Jacobs Solutions","ERROR","","{""status"":""error"",""message"":""Property values were not valid: [{\""isValid\"":false,\""message\"":\""f5000 was not one of the allowed options: [architect, a_e, engineer, big_firm, developer, gc, sub, leo, k"
"Carlyle Group","ERROR","","{""status"":""error"",""message"":""Property values were not valid: [{\""isValid\"":false,\""message\"":\""f5000 was not one of the allowed options: [architect, a_e, engineer, big_firm, developer, gc, sub, leo, k"
"Pinterest","ERROR","","{""status"":""error"",""message"":""Property values were not valid: [{\""isValid\"":false,\""message\"":\""f5000 was not one of the allowed options: [architect, a_e, engineer, big_firm, developer, gc, sub, leo, k"
"Expeditors International","ERROR","","{""status"":""error"",""message"":""Property values were not valid: [{\""isValid\"":false,\""message\"":\""f5000 was not one of the allowed options: [architect, a_e, engineer, big_firm, developer, gc, sub, leo, k"
"Fortive","ERROR","","{""status"":""error"",""message"":""Property values were not valid: [{\""isValid\"":false,\""message\"":\""f5000 was not one of the allowed options: [architect, a_e, engineer, big_firm, developer, gc, sub, leo, k"
"IDEXX Laboratories","ERROR","","{""status"":""error"",""message"":""Property values were not valid: [{\""isValid\"":false,\""message\"":\""f5000 was not one of the allowed options: [architect, a_e, engineer, big_firm, developer, gc, sub, leo, k"
"Packaging Corp of America","ERROR","","{""status"":""error"",""message"":""Property values were not valid: [{\""isValid\"":false,\""message\"":\""f5000 was not one of the allowed options: [architect, a_e, engineer, big_firm, developer, gc, sub, leo, k"
"Ovintiv","ERROR","","{""status"":""error"",""message"":""Property values were not valid: [{\""isValid\"":false,\""message\"":\""f5000 was not one of the allowed options: [architect, a_e, engineer, big_firm, developer, gc, sub, leo, k"
"SS&C Technologies","ERROR","","{""status"":""error"",""message"":""Property values were not valid: [{\""isValid\"":false,\""message\"":\""f5000 was not one of the allowed options: [architect, a_e, engineer, big_firm, developer, gc, sub, leo, k"
"Carlisle Cos","ERROR","","{""status"":""error"",""message"":""Property values were not valid: [{\""isValid\"":false,\""message\"":\""f5000 was not one of the allowed options: [architect, a_e, engineer, big_firm, developer, gc, sub, leo, k"
"Broadridge Financial","ERROR","","{""status"":""error"",""message"":""Property values were not valid: [{\""isValid\"":false,\""message\"":\""f5000 was not one of the allowed options: [architect, a_e, engineer, big_firm, developer, gc, sub, leo, k"
"NetApp","ERROR","","{""status"":""error"",""message"":""Property values were not valid: [{\""isValid\"":false,\""message\"":\""f5000 was not one of the allowed options: [architect, a_e, engineer, big_firm, developer, gc, sub, leo, k"
"Globe Life","ERROR","","{""status"":""error"",""message"":""Property values were not valid: [{\""isValid\"":false,\""message\"":\""f5000 was not one of the allowed options: [architect, a_e, engineer, big_firm, developer, gc, sub, leo, k"
"Ares Management","ERROR","","{""status"":""error"",""message"":""Property values were not valid: [{\""isValid\"":false,\""message\"":\""f5000 was not one of the allowed options: [architect, a_e, engineer, big_firm, developer, gc, sub, leo, k"
"WESCO International","ERROR","","{""status"":""error"",""message"":""Property values were not valid: [{\""isValid\"":false,\""message\"":\""f5000 was not one of the allowed options: [architect, a_e, engineer, big_firm, developer, gc, sub, leo, k"
"GoDaddy","SKIP-DUP","159518558937","existing bd_audience=blank"
"Zoom Video Communications","ERROR","","{""status"":""error"",""message"":""Property values were not valid: [{\""isValid\"":false,\""message\"":\""f5000 was not one of the allowed options: [architect, a_e, engineer, big_firm, developer, gc, sub, leo, k"
"Veeva Systems","ERROR","","{""status"":""error"",""message"":""Property values were not valid: [{\""isValid\"":false,\""message\"":\""f5000 was not one of the allowed options: [architect, a_e, engineer, big_firm, developer, gc, sub, leo, k"
"LKQ","ERROR","","{""status"":""error"",""message"":""Property values were not valid: [{\""isValid\"":false,\""message\"":\""f5000 was not one of the allowed options: [architect, a_e, engineer, big_firm, developer, gc, sub, leo, k"
"Macy's","SKIP-DUP","343309947604","existing bd_audience=end_user"
"Alliant Energy","SKIP-DUP","343278342857","existing bd_audience=end_user"
"AutoNation","ERROR","","{""status"":""error"",""message"":""Property values were not valid: [{\""isValid\"":false,\""message\"":\""f5000 was not one of the allowed options: [architect, a_e, engineer, big_firm, developer, gc, sub, leo, k"
"Trimble","ERROR","","{""status"":""error"",""message"":""Property values were not valid: [{\""isValid\"":false,\""message\"":\""f5000 was not one of the allowed options: [architect, a_e, engineer, big_firm, developer, gc, sub, leo, k"
"Palantir Technologies","ERROR","","{""status"":""error"",""message"":""Property values were not valid: [{\""isValid\"":false,\""message\"":\""f5000 was not one of the allowed options: [architect, a_e, engineer, big_firm, developer, gc, sub, leo, k"
"Ingram Micro Holding","ERROR","","{""status"":""error"",""message"":""Property values were not valid: [{\""isValid\"":false,\""message\"":\""f5000 was not one of the allowed options: [architect, a_e, engineer, big_firm, developer, gc, sub, leo, k"
"Ventas","ERROR","","{""status"":""error"",""message"":""Property values were not valid: [{\""isValid\"":false,\""message\"":\""f5000 was not one of the allowed options: [architect, a_e, engineer, big_firm, developer, gc, sub, leo, k"
"McCormick","ERROR","","{""status"":""error"",""message"":""Property values were not valid: [{\""isValid\"":false,\""message\"":\""f5000 was not one of the allowed options: [architect, a_e, engineer, big_firm, developer, gc, sub, leo, k"
"Arrow Electronics","ERROR","","{""status"":""error"",""message"":""Property values were not valid: [{\""isValid\"":false,\""message\"":\""f5000 was not one of the allowed options: [architect, a_e, engineer, big_firm, developer, gc, sub, leo, k"
"Marvell Technology","ERROR","","{""status"":""error"",""message"":""Property values were not valid: [{\""isValid\"":false,\""message\"":\""f5000 was not one of the allowed options: [architect, a_e, engineer, big_firm, developer, gc, sub, leo, k"
"AECOM","SKIP-DUP","329175568075","existing bd_audience=architect"
"Teledyne Technologies","ERROR","","{""status"":""error"",""message"":""Property values were not valid: [{\""isValid\"":false,\""message\"":\""f5000 was not one of the allowed options: [architect, a_e, engineer, big_firm, developer, gc, sub, leo, k"
"VeriSign","ERROR","","{""status"":""error"",""message"":""Property values were not valid: [{\""isValid\"":false,\""message\"":\""f5000 was not one of the allowed options: [architect, a_e, engineer, big_firm, developer, gc, sub, leo, k"
"Old Republic International","ERROR","","{""status"":""error"",""message"":""Property values were not valid: [{\""isValid\"":false,\""message\"":\""f5000 was not one of the allowed options: [architect, a_e, engineer, big_firm, developer, gc, sub, leo, k"
"SoFi","ERROR","","{""status"":""error"",""message"":""Property values were not valid: [{\""isValid\"":false,\""message\"":\""f5000 was not one of the allowed options: [architect, a_e, engineer, big_firm, developer, gc, sub, leo, k"
"Smithfield Foods","ERROR","","{""status"":""error"",""message"":""Property values were not valid: [{\""isValid\"":false,\""message\"":\""f5000 was not one of the allowed options: [architect, a_e, engineer, big_firm, developer, gc, sub, leo, k"
"Mettler-Toledo International","ERROR","","{""status"":""error"",""message"":""Property values were not valid: [{\""isValid\"":false,\""message\"":\""f5000 was not one of the allowed options: [architect, a_e, engineer, big_firm, developer, gc, sub, leo, k"
"Norwegian Cruise Line Holdings","ERROR","","{""status"":""error"",""message"":""Property values were not valid: [{\""isValid\"":false,\""message\"":\""f5000 was not one of the allowed options: [architect, a_e, engineer, big_firm, developer, gc, sub, leo, k"
"First Solar","ERROR","","{""status"":""error"",""message"":""Property values were not valid: [{\""isValid\"":false,\""message\"":\""f5000 was not one of the allowed options: [architect, a_e, engineer, big_firm, developer, gc, sub, leo, k"
"J.B. Hunt Transport Services","ERROR","","{""status"":""error"",""message"":""Property values were not valid: [{\""isValid\"":false,\""message\"":\""f5000 was not one of the allowed options: [architect, a_e, engineer, big_firm, developer, gc, sub, leo, k"
"Owens Corning","ERROR","","{""status"":""error"",""message"":""Property values were not valid: [{\""isValid\"":false,\""message\"":\""f5000 was not one of the allowed options: [architect, a_e, engineer, big_firm, developer, gc, sub, leo, k"
"Veralto","ERROR","","{""status"":""error"",""message"":""Property values were not valid: [{\""isValid\"":false,\""message\"":\""f5000 was not one of the allowed options: [architect, a_e, engineer, big_firm, developer, gc, sub, leo, k"
"Expand Energy","ERROR","","{""status"":""error"",""message"":""Property values were not valid: [{\""isValid\"":false,\""message\"":\""f5000 was not one of the allowed options: [architect, a_e, engineer, big_firm, developer, gc, sub, leo, k"
"Gap","SKIP-DUP","343247103717","existing bd_audience=end_user"
"Stanley Black & Decker","ERROR","","{""status"":""error"",""message"":""Property values were not valid: [{\""isValid\"":false,\""message\"":\""f5000 was not one of the allowed options: [architect, a_e, engineer, big_firm, developer, gc, sub, leo, k"
"FICO","ERROR","","{""status"":""error"",""message"":""Property values were not valid: [{\""isValid\"":false,\""message\"":\""f5000 was not one of the allowed options: [architect, a_e, engineer, big_firm, developer, gc, sub, leo, k"
"Avery Dennison","ERROR","","{""status"":""error"",""message"":""Property values were not valid: [{\""isValid\"":false,\""message\"":\""f5000 was not one of the allowed options: [architect, a_e, engineer, big_firm, developer, gc, sub, leo, k"
"DocuSign","ERROR","","{""status"":""error"",""message"":""Property values were not valid: [{\""isValid\"":false,\""message\"":\""f5000 was not one of the allowed options: [architect, a_e, engineer, big_firm, developer, gc, sub, leo, k"
"US Steel","ERROR","","{""status"":""error"",""message"":""Property values were not valid: [{\""isValid\"":false,\""message\"":\""f5000 was not one of the allowed options: [architect, a_e, engineer, big_firm, developer, gc, sub, leo, k"
"Royalty Pharma","ERROR","","{""status"":""error"",""message"":""Property values were not valid: [{\""isValid\"":false,\""message\"":\""f5000 was not one of the allowed options: [architect, a_e, engineer, big_firm, developer, gc, sub, leo, k"
"Ball","ERROR","","{""status"":""error"",""message"":""Property values were not valid: [{\""isValid\"":false,\""message\"":\""f5000 was not one of the allowed options: [architect, a_e, engineer, big_firm, developer, gc, sub, leo, k"
"Murphy USA","SKIP-DUP","343229118182","existing bd_audience=end_user"
"SBA Communications","ERROR","","{""status"":""error"",""message"":""Property values were not valid: [{\""isValid\"":false,\""message\"":\""f5000 was not one of the allowed options: [architect, a_e, engineer, big_firm, developer, gc, sub, leo, k"
"Conagra Brands","ERROR","","{""status"":""error"",""message"":""Property values were not valid: [{\""isValid\"":false,\""message\"":\""f5000 was not one of the allowed options: [architect, a_e, engineer, big_firm, developer, gc, sub, leo, k"
"CBOE Global Markets","ERROR","","{""status"":""error"",""message"":""Property values were not valid: [{\""isValid\"":false,\""message\"":\""f5000 was not one of the allowed options: [architect, a_e, engineer, big_firm, developer, gc, sub, leo, k"
"Lumen Technologies","ERROR","","{""status"":""error"",""message"":""Property values were not valid: [{\""isValid\"":false,\""message\"":\""f5000 was not one of the allowed options: [architect, a_e, engineer, big_firm, developer, gc, sub, leo, k"
"Equifax","ERROR","","{""status"":""error"",""message"":""Property values were not valid: [{\""isValid\"":false,\""message\"":\""f5000 was not one of the allowed options: [architect, a_e, engineer, big_firm, developer, gc, sub, leo, k"
"Snap-on","ERROR","","{""status"":""error"",""message"":""Property values were not valid: [{\""isValid\"":false,\""message\"":\""f5000 was not one of the allowed options: [architect, a_e, engineer, big_firm, developer, gc, sub, leo, k"
"Alcoa","ERROR","","{""status"":""error"",""message"":""Property values were not valid: [{\""isValid\"":false,\""message\"":\""f5000 was not one of the allowed options: [architect, a_e, engineer, big_firm, developer, gc, sub, leo, k"
"C.H. Robinson","ERROR","","{""status"":""error"",""message"":""Property values were not valid: [{\""isValid\"":false,\""message\"":\""f5000 was not one of the allowed options: [architect, a_e, engineer, big_firm, developer, gc, sub, leo, k"
"Masco","ERROR","","{""status"":""error"",""message"":""Property values were not valid: [{\""isValid\"":false,\""message\"":\""f5000 was not one of the allowed options: [architect, a_e, engineer, big_firm, developer, gc, sub, leo, k"
"Heico","ERROR","","{""status"":""error"",""message"":""Property values were not valid: [{\""isValid\"":false,\""message\"":\""f5000 was not one of the allowed options: [architect, a_e, engineer, big_firm, developer, gc, sub, leo, k"
"Hyatt Hotels","ERROR","","{""status"":""error"",""message"":""Property values were not valid: [{\""isValid\"":false,\""message\"":\""f5000 was not one of the allowed options: [architect, a_e, engineer, big_firm, developer, gc, sub, leo, k"
"Brown-Forman","ERROR","","{""status"":""error"",""message"":""Property values were not valid: [{\""isValid\"":false,\""message\"":\""f5000 was not one of the allowed options: [architect, a_e, engineer, big_firm, developer, gc, sub, leo, k"
"APA","ERROR","","{""status"":""error"",""message"":""Property values were not valid: [{\""isValid\"":false,\""message\"":\""f5000 was not one of the allowed options: [architect, a_e, engineer, big_firm, developer, gc, sub, leo, k"
"Deckers Outdoor","ERROR","","{""status"":""error"",""message"":""Property values were not valid: [{\""isValid\"":false,\""message\"":\""f5000 was not one of the allowed options: [architect, a_e, engineer, big_firm, developer, gc, sub, leo, k"
"Rithm Capital","ERROR","","{""status"":""error"",""message"":""Property values were not valid: [{\""isValid\"":false,\""message\"":\""f5000 was not one of the allowed options: [architect, a_e, engineer, big_firm, developer, gc, sub, leo, k"
"CF Industries Holdings","ERROR","","{""status"":""error"",""message"":""Property values were not valid: [{\""isValid\"":false,\""message\"":\""f5000 was not one of the allowed options: [architect, a_e, engineer, big_firm, developer, gc, sub, leo, k"
"AGNC Investment","ERROR","","{""status"":""error"",""message"":""Property values were not valid: [{\""isValid\"":false,\""message\"":\""f5000 was not one of the allowed options: [architect, a_e, engineer, big_firm, developer, gc, sub, leo, k"
"Stifel Financial","ERROR","","{""status"":""error"",""message"":""Property values were not valid: [{\""isValid\"":false,\""message\"":\""f5000 was not one of the allowed options: [architect, a_e, engineer, big_firm, developer, gc, sub, leo, k"
"United Therapeutics","ERROR","","{""status"":""error"",""message"":""Property values were not valid: [{\""isValid\"":false,\""message\"":\""f5000 was not one of the allowed options: [architect, a_e, engineer, big_firm, developer, gc, sub, leo, k"
"Lennox International","ERROR","","{""status"":""error"",""message"":""Property values were not valid: [{\""isValid\"":false,\""message\"":\""f5000 was not one of the allowed options: [architect, a_e, engineer, big_firm, developer, gc, sub, leo, k"
"Franklin Resources","ERROR","","{""status"":""error"",""message"":""Property values were not valid: [{\""isValid\"":false,\""message\"":\""f5000 was not one of the allowed options: [architect, a_e, engineer, big_firm, developer, gc, sub, leo, k"
"CrowdStrike","SKIP-DUP","347000833731","existing bd_audience=end_user"
"Hubbell","ERROR","","{""status"":""error"",""message"":""Property values were not valid: [{\""isValid\"":false,\""message\"":\""f5000 was not one of the allowed options: [architect, a_e, engineer, big_firm, developer, gc, sub, leo, k"
"Eastman","ERROR","","{""status"":""error"",""message"":""Property values were not valid: [{\""isValid\"":false,\""message\"":\""f5000 was not one of the allowed options: [architect, a_e, engineer, big_firm, developer, gc, sub, leo, k"
"Tapestry","SKIP-DUP","343229119168","existing bd_audience=end_user"
"Brookfield Renewable Holdings","ERROR","","{""status"":""error"",""message"":""Property values were not valid: [{\""isValid\"":false,\""message\"":\""f5000 was not one of the allowed options: [architect, a_e, engineer, big_firm, developer, gc, sub, leo, k"
"Burlington Stores","ERROR","","{""status"":""error"",""message"":""Property values were not valid: [{\""isValid\"":false,\""message\"":\""f5000 was not one of the allowed options: [architect, a_e, engineer, big_firm, developer, gc, sub, leo, k"
"Brighthouse Financial","ERROR","","{""status"":""error"",""message"":""Property values were not valid: [{\""isValid\"":false,\""message\"":\""f5000 was not one of the allowed options: [architect, a_e, engineer, big_firm, developer, gc, sub, leo, k"
"Cleveland-Cliffs","ERROR","","{""status"":""error"",""message"":""Property values were not valid: [{\""isValid\"":false,\""message\"":\""f5000 was not one of the allowed options: [architect, a_e, engineer, big_firm, developer, gc, sub, leo, k"
"Goodyear","ERROR","","{""status"":""error"",""message"":""Property values were not valid: [{\""isValid\"":false,\""message\"":\""f5000 was not one of the allowed options: [architect, a_e, engineer, big_firm, developer, gc, sub, leo, k"
"Pinnacle West","ERROR","","{""status"":""error"",""message"":""Property values were not valid: [{\""isValid\"":false,\""message\"":\""f5000 was not one of the allowed options: [architect, a_e, engineer, big_firm, developer, gc, sub, leo, k"
"Dexcom","ERROR","","{""status"":""error"",""message"":""Property values were not valid: [{\""isValid\"":false,\""message\"":\""f5000 was not one of the allowed options: [architect, a_e, engineer, big_firm, developer, gc, sub, leo, k"
"News Corp","ERROR","","{""status"":""error"",""message"":""Property values were not valid: [{\""isValid\"":false,\""message\"":\""f5000 was not one of the allowed options: [architect, a_e, engineer, big_firm, developer, gc, sub, leo, k"
"Ansys","ERROR","","{""status"":""error"",""message"":""Property values were not valid: [{\""isValid\"":false,\""message\"":\""f5000 was not one of the allowed options: [architect, a_e, engineer, big_firm, developer, gc, sub, leo, k"
"HF Sinclair","ERROR","","{""status"":""error"",""message"":""Property values were not valid: [{\""isValid\"":false,\""message\"":\""f5000 was not one of the allowed options: [architect, a_e, engineer, big_firm, developer, gc, sub, leo, k"
"Keysight Technologies","ERROR","","{""status"":""error"",""message"":""Property values were not valid: [{\""isValid\"":false,\""message\"":\""f5000 was not one of the allowed options: [architect, a_e, engineer, big_firm, developer, gc, sub, leo, k"
"Liberty Broadband","ERROR","","{""status"":""error"",""message"":""Property values were not valid: [{\""isValid\"":false,\""message\"":\""f5000 was not one of the allowed options: [architect, a_e, engineer, big_firm, developer, gc, sub, leo, k"
"Church & Dwight","ERROR","","{""status"":""error"",""message"":""Property values were not valid: [{\""isValid\"":false,\""message\"":\""f5000 was not one of the allowed options: [architect, a_e, engineer, big_firm, developer, gc, sub, leo, k"
"Chewy","ERROR","","{""status"":""error"",""message"":""Property values were not valid: [{\""isValid\"":false,\""message\"":\""f5000 was not one of the allowed options: [architect, a_e, engineer, big_firm, developer, gc, sub, leo, k"
"Genworth Financial","ERROR","","{""status"":""error"",""message"":""Property values were not valid: [{\""isValid\"":false,\""message\"":\""f5000 was not one of the allowed options: [architect, a_e, engineer, big_firm, developer, gc, sub, leo, k"
"Caesars Entertainment","SKIP-DUP","159442410200","existing bd_audience=blank"
"Alexandria Real Estate Equities","ERROR","","{""status"":""error"",""message"":""Property values were not valid: [{\""isValid\"":false,\""message\"":\""f5000 was not one of the allowed options: [architect, a_e, engineer, big_firm, developer, gc, sub, leo, k"
"Avis Budget Group","ERROR","","{""status"":""error"",""message"":""Property values were not valid: [{\""isValid\"":false,\""message\"":\""f5000 was not one of the allowed options: [architect, a_e, engineer, big_firm, developer, gc, sub, leo, k"
"Essex Property Trust","ERROR","","{""status"":""error"",""message"":""Property values were not valid: [{\""isValid\"":false,\""message\"":\""f5000 was not one of the allowed options: [architect, a_e, engineer, big_firm, developer, gc, sub, leo, k"
"Lear","ERROR","","{""status"":""error"",""message"":""Property values were not valid: [{\""isValid\"":false,\""message\"":\""f5000 was not one of the allowed options: [architect, a_e, engineer, big_firm, developer, gc, sub, leo, k"
"Ralph Lauren","ERROR","","{""status"":""error"",""message"":""Property values were not valid: [{\""isValid\"":false,\""message\"":\""f5000 was not one of the allowed options: [architect, a_e, engineer, big_firm, developer, gc, sub, leo, k"
"Iron Mountain","ERROR","","{""status"":""error"",""message"":""Property values were not valid: [{\""isValid\"":false,\""message\"":\""f5000 was not one of the allowed options: [architect, a_e, engineer, big_firm, developer, gc, sub, leo, k"
"Atlassian","SKIP-DUP","159518483153","existing bd_audience=blank"
"The Mosaic Company","ERROR","","{""status"":""error"",""message"":""Property values were not valid: [{\""isValid\"":false,\""message\"":\""f5000 was not one of the allowed options: [architect, a_e, engineer, big_firm, developer, gc, sub, leo, k"
"World Fuel Services","ERROR","","{""status"":""error"",""message"":""Property values were not valid: [{\""isValid\"":false,\""message\"":\""f5000 was not one of the allowed options: [architect, a_e, engineer, big_firm, developer, gc, sub, leo, k"
"Campbell Soup","ERROR","","{""status"":""error"",""message"":""Property values were not valid: [{\""isValid\"":false,\""message\"":\""f5000 was not one of the allowed options: [architect, a_e, engineer, big_firm, developer, gc, sub, leo, k"
"Waters","ERROR","","{""status"":""error"",""message"":""Property values were not valid: [{\""isValid\"":false,\""message\"":\""f5000 was not one of the allowed options: [architect, a_e, engineer, big_firm, developer, gc, sub, leo, k"
"RPM International","ERROR","","{""status"":""error"",""message"":""Property values were not valid: [{\""isValid\"":false,\""message\"":\""f5000 was not one of the allowed options: [architect, a_e, engineer, big_firm, developer, gc, sub, leo, k"
"Invitation Homes","ERROR","","{""status"":""error"",""message"":""Property values were not valid: [{\""isValid\"":false,\""message\"":\""f5000 was not one of the allowed options: [architect, a_e, engineer, big_firm, developer, gc, sub, leo, k"
"Watsco","ERROR","","{""status"":""error"",""message"":""Property values were not valid: [{\""isValid\"":false,\""message\"":\""f5000 was not one of the allowed options: [architect, a_e, engineer, big_firm, developer, gc, sub, leo, k"
"Snowflake","ERROR","","{""status"":""error"",""message"":""Property values were not valid: [{\""isValid\"":false,\""message\"":\""f5000 was not one of the allowed options: [architect, a_e, engineer, big_firm, developer, gc, sub, leo, k"
"Invesco","ERROR","","{""status"":""error"",""message"":""Property values were not valid: [{\""isValid\"":false,\""message\"":\""f5000 was not one of the allowed options: [architect, a_e, engineer, big_firm, developer, gc, sub, leo, k"
"Tradeweb Markets","ERROR","","{""status"":""error"",""message"":""Property values were not valid: [{\""isValid\"":false,\""message\"":\""f5000 was not one of the allowed options: [architect, a_e, engineer, big_firm, developer, gc, sub, leo, k"
"Comfort Systems USA","SKIP-DUP","158857523942","existing bd_audience=blank"
"PBF Energy","ERROR","","{""status"":""error"",""message"":""Property values were not valid: [{\""isValid\"":false,\""message\"":\""f5000 was not one of the allowed options: [architect, a_e, engineer, big_firm, developer, gc, sub, leo, k"
"United Natural Foods","ERROR","","{""status"":""error"",""message"":""Property values were not valid: [{\""isValid\"":false,\""message\"":\""f5000 was not one of the allowed options: [architect, a_e, engineer, big_firm, developer, gc, sub, leo, k"
"Axon Enterprise","ERROR","","{""status"":""error"",""message"":""Property values were not valid: [{\""isValid\"":false,\""message\"":\""f5000 was not one of the allowed options: [architect, a_e, engineer, big_firm, developer, gc, sub, leo, k"
"Roblox","ERROR","","{""status"":""error"",""message"":""Property values were not valid: [{\""isValid\"":false,\""message\"":\""f5000 was not one of the allowed options: [architect, a_e, engineer, big_firm, developer, gc, sub, leo, k"
"Group 1 Automotive","ERROR","","{""status"":""error"",""message"":""Property values were not valid: [{\""isValid\"":false,\""message\"":\""f5000 was not one of the allowed options: [architect, a_e, engineer, big_firm, developer, gc, sub, leo, k"
"JM Smucker","ERROR","","{""status"":""error"",""message"":""Property values were not valid: [{\""isValid\"":false,\""message\"":\""f5000 was not one of the allowed options: [architect, a_e, engineer, big_firm, developer, gc, sub, leo, k"
"Gen Digital","ERROR","","{""status"":""error"",""message"":""Property values were not valid: [{\""isValid\"":false,\""message\"":\""f5000 was not one of the allowed options: [architect, a_e, engineer, big_firm, developer, gc, sub, leo, k"
"Cloudflare","ERROR","","{""status"":""error"",""message"":""Property values were not valid: [{\""isValid\"":false,\""message\"":\""f5000 was not one of the allowed options: [architect, a_e, engineer, big_firm, developer, gc, sub, leo, k"
"Globalfoundries","ERROR","","{""status"":""error"",""message"":""Property values were not valid: [{\""isValid\"":false,\""message\"":\""f5000 was not one of the allowed options: [architect, a_e, engineer, big_firm, developer, gc, sub, leo, k"
"Altice USA","SKIP-DUP","345638339317","existing bd_audience=end_user"
"Weyerhaeuser","ERROR","","{""status"":""error"",""message"":""Property values were not valid: [{\""isValid\"":false,\""message\"":\""f5000 was not one of the allowed options: [architect, a_e, engineer, big_firm, developer, gc, sub, leo, k"
"Rollins","ERROR","","{""status"":""error"",""message"":""Property values were not valid: [{\""isValid\"":false,\""message\"":\""f5000 was not one of the allowed options: [architect, a_e, engineer, big_firm, developer, gc, sub, leo, k"
"Take-Two Interactive Software","ERROR","","{""status"":""error"",""message"":""Property values were not valid: [{\""isValid\"":false,\""message\"":\""f5000 was not one of the allowed options: [architect, a_e, engineer, big_firm, developer, gc, sub, leo, k"
"Interpublic Group","ERROR","","{""status"":""error"",""message"":""Property values were not valid: [{\""isValid\"":false,\""message\"":\""f5000 was not one of the allowed options: [architect, a_e, engineer, big_firm, developer, gc, sub, leo, k"
"Gaming And Leisure Properties","ERROR","","{""status"":""error"",""message"":""Property values were not valid: [{\""isValid\"":false,\""message\"":\""f5000 was not one of the allowed options: [architect, a_e, engineer, big_firm, developer, gc, sub, leo, k"
"Erie Indemnity","ERROR","","{""status"":""error"",""message"":""Property values were not valid: [{\""isValid\"":false,\""message\"":\""f5000 was not one of the allowed options: [architect, a_e, engineer, big_firm, developer, gc, sub, leo, k"
"Huntington Ingalls Industries","ERROR","","{""status"":""error"",""message"":""Property values were not valid: [{\""isValid\"":false,\""message\"":\""f5000 was not one of the allowed options: [architect, a_e, engineer, big_firm, developer, gc, sub, leo, k"
"Datadog","ERROR","","{""status"":""error"",""message"":""Property values were not valid: [{\""isValid\"":false,\""message\"":\""f5000 was not one of the allowed options: [architect, a_e, engineer, big_firm, developer, gc, sub, leo, k"
"CoStar Group","ERROR","","{""status"":""error"",""message"":""Property values were not valid: [{\""isValid\"":false,\""message\"":\""f5000 was not one of the allowed options: [architect, a_e, engineer, big_firm, developer, gc, sub, leo, k"
"Clorox","ERROR","","{""status"":""error"",""message"":""Property values were not valid: [{\""isValid\"":false,\""message\"":\""f5000 was not one of the allowed options: [architect, a_e, engineer, big_firm, developer, gc, sub, leo, k"
"Hologic","ERROR","","{""status"":""error"",""message"":""Property values were not valid: [{\""isValid\"":false,\""message\"":\""f5000 was not one of the allowed options: [architect, a_e, engineer, big_firm, developer, gc, sub, leo, k"
"Coca-Cola Bottling Consolidated","ERROR","","{""status"":""error"",""message"":""Property values were not valid: [{\""isValid\"":false,\""message\"":\""f5000 was not one of the allowed options: [architect, a_e, engineer, big_firm, developer, gc, sub, leo, k"
"Aramark","SKIP-DUP","282673655497","existing bd_audience=blank"
"Zscaler","ERROR","","{""status"":""error"",""message"":""Property values were not valid: [{\""isValid\"":false,\""message\"":\""f5000 was not one of the allowed options: [architect, a_e, engineer, big_firm, developer, gc, sub, leo, k"
"Taylor Morrison","ERROR","","{""status"":""error"",""message"":""Property values were not valid: [{\""isValid\"":false,\""message\"":\""f5000 was not one of the allowed options: [architect, a_e, engineer, big_firm, developer, gc, sub, leo, k"
"Alnylam Pharmaceuticals","ERROR","","{""status"":""error"",""message"":""Property values were not valid: [{\""isValid\"":false,\""message\"":\""f5000 was not one of the allowed options: [architect, a_e, engineer, big_firm, developer, gc, sub, leo, k"
"Crown Holdings","ERROR","","{""status"":""error"",""message"":""Property values were not valid: [{\""isValid\"":false,\""message\"":\""f5000 was not one of the allowed options: [architect, a_e, engineer, big_firm, developer, gc, sub, leo, k"
"HubSpot","SKIP-DUP","159221545715","existing bd_audience=blank"
"Permian Resources","ERROR","","{""status"":""error"",""message"":""Property values were not valid: [{\""isValid\"":false,\""message\"":\""f5000 was not one of the allowed options: [architect, a_e, engineer, big_firm, developer, gc, sub, leo, k"
"Avnet","ERROR","","{""status"":""error"",""message"":""Property values were not valid: [{\""isValid\"":false,\""message\"":\""f5000 was not one of the allowed options: [architect, a_e, engineer, big_firm, developer, gc, sub, leo, k"
"Domino's Pizza","SKIP-DUP","159221531325","existing bd_audience=blank"
"Oshkosh","SKIP-DUP","159425830628","existing bd_audience=blank"
"Ryder System","ERROR","","{""status"":""error"",""message"":""Property values were not valid: [{\""isValid\"":false,\""message\"":\""f5000 was not one of the allowed options: [architect, a_e, engineer, big_firm, developer, gc, sub, leo, k"
"Microchip Technology","ERROR","","{""status"":""error"",""message"":""Property values were not valid: [{\""isValid\"":false,\""message\"":\""f5000 was not one of the allowed options: [architect, a_e, engineer, big_firm, developer, gc, sub, leo, k"
"Mid-america Apartment Communities","ERROR","","{""status"":""error"",""message"":""Property values were not valid: [{\""isValid\"":false,\""message\"":\""f5000 was not one of the allowed options: [architect, a_e, engineer, big_firm, developer, gc, sub, leo, k"
"Alaska Air Group","ERROR","","{""status"":""error"",""message"":""Property values were not valid: [{\""isValid\"":false,\""message\"":\""f5000 was not one of the allowed options: [architect, a_e, engineer, big_firm, developer, gc, sub, leo, k"
"CoreWeave","ERROR","","{""status"":""error"",""message"":""Property values were not valid: [{\""isValid\"":false,\""message\"":\""f5000 was not one of the allowed options: [architect, a_e, engineer, big_firm, developer, gc, sub, leo, k"
"Starwood Property Trust","ERROR","","{""status"":""error"",""message"":""Property values were not valid: [{\""isValid\"":false,\""message\"":\""f5000 was not one of the allowed options: [architect, a_e, engineer, big_firm, developer, gc, sub, leo, k"
"F5","ERROR","","{""status"":""error"",""message"":""Property values were not valid: [{\""isValid\"":false,\""message\"":\""f5000 was not one of the allowed options: [architect, a_e, engineer, big_firm, developer, gc, sub, leo, k"
"SLM","ERROR","","{""status"":""error"",""message"":""Property values were not valid: [{\""isValid\"":false,\""message\"":\""f5000 was not one of the allowed options: [architect, a_e, engineer, big_firm, developer, gc, sub, leo, k"
"Whirlpool","ERROR","","{""status"":""error"",""message"":""Property values were not valid: [{\""isValid\"":false,\""message\"":\""f5000 was not one of the allowed options: [architect, a_e, engineer, big_firm, developer, gc, sub, leo, k"
"Inhibrx Biosciences","ERROR","","{""status"":""error"",""message"":""Property values were not valid: [{\""isValid\"":false,\""message\"":\""f5000 was not one of the allowed options: [architect, a_e, engineer, big_firm, developer, gc, sub, leo, k"
"SiriusXM Holdings","ERROR","","{""status"":""error"",""message"":""Property values were not valid: [{\""isValid\"":false,\""message\"":\""f5000 was not one of the allowed options: [architect, a_e, engineer, big_firm, developer, gc, sub, leo, k"
"Sprouts Farmers Markets","ERROR","","{""status"":""error"",""message"":""Property values were not valid: [{\""isValid\"":false,\""message\"":\""f5000 was not one of the allowed options: [architect, a_e, engineer, big_firm, developer, gc, sub, leo, k"
"Asbury Automotive Group","ERROR","","{""status"":""error"",""message"":""Property values were not valid: [{\""isValid\"":false,\""message\"":\""f5000 was not one of the allowed options: [architect, a_e, engineer, big_firm, developer, gc, sub, leo, k"
"Essential Utilities","ERROR","","{""status"":""error"",""message"":""Property values were not valid: [{\""isValid\"":false,\""message\"":\""f5000 was not one of the allowed options: [architect, a_e, engineer, big_firm, developer, gc, sub, leo, k"
"Trade Desk","ERROR","","{""status"":""error"",""message"":""Property values were not valid: [{\""isValid\"":false,\""message\"":\""f5000 was not one of the allowed options: [architect, a_e, engineer, big_firm, developer, gc, sub, leo, k"
"Celanese","ERROR","","{""status"":""error"",""message"":""Property values were not valid: [{\""isValid\"":false,\""message\"":\""f5000 was not one of the allowed options: [architect, a_e, engineer, big_firm, developer, gc, sub, leo, k"
"Talen Energy","ERROR","","{""status"":""error"",""message"":""Property values were not valid: [{\""isValid\"":false,\""message\"":\""f5000 was not one of the allowed options: [architect, a_e, engineer, big_firm, developer, gc, sub, leo, k"
"FactSet Research Systems","ERROR","","{""status"":""error"",""message"":""Property values were not valid: [{\""isValid\"":false,\""message\"":\""f5000 was not one of the allowed options: [architect, a_e, engineer, big_firm, developer, gc, sub, leo, k"
"Kimco Realty","ERROR","","{""status"":""error"",""message"":""Property values were not valid: [{\""isValid\"":false,\""message\"":\""f5000 was not one of the allowed options: [architect, a_e, engineer, big_firm, developer, gc, sub, leo, k"
"MasTec","ERROR","","{""status"":""error"",""message"":""Property values were not valid: [{\""isValid\"":false,\""message\"":\""f5000 was not one of the allowed options: [architect, a_e, engineer, big_firm, developer, gc, sub, leo, k"
"Solventum","ERROR","","{""status"":""error"",""message"":""Property values were not valid: [{\""isValid\"":false,\""message\"":\""f5000 was not one of the allowed options: [architect, a_e, engineer, big_firm, developer, gc, sub, leo, k"
"Warner Music Group","ERROR","","{""status"":""error"",""message"":""Property values were not valid: [{\""isValid\"":false,\""message\"":\""f5000 was not one of the allowed options: [architect, a_e, engineer, big_firm, developer, gc, sub, leo, k"
"Navient","ERROR","","{""status"":""error"",""message"":""Property values were not valid: [{\""isValid\"":false,\""message\"":\""f5000 was not one of the allowed options: [architect, a_e, engineer, big_firm, developer, gc, sub, leo, k"
"Manpower","ERROR","","{""status"":""error"",""message"":""Property values were not valid: [{\""isValid\"":false,\""message\"":\""f5000 was not one of the allowed options: [architect, a_e, engineer, big_firm, developer, gc, sub, leo, k"
"Graphic Packaging","ERROR","","{""status"":""error"",""message"":""Property values were not valid: [{\""isValid\"":false,\""message\"":\""f5000 was not one of the allowed options: [architect, a_e, engineer, big_firm, developer, gc, sub, leo, k"
"Ubiquiti","ERROR","","{""status"":""error"",""message"":""Property values were not valid: [{\""isValid\"":false,\""message\"":\""f5000 was not one of the allowed options: [architect, a_e, engineer, big_firm, developer, gc, sub, leo, k"
"Tyler Technologies","ERROR","","{""status"":""error"",""message"":""Property values were not valid: [{\""isValid\"":false,\""message\"":\""f5000 was not one of the allowed options: [architect, a_e, engineer, big_firm, developer, gc, sub, leo, k"
"Samsara","ERROR","","{""status"":""error"",""message"":""Property values were not valid: [{\""isValid\"":false,\""message\"":\""f5000 was not one of the allowed options: [architect, a_e, engineer, big_firm, developer, gc, sub, leo, k"
"W. P. Carey","ERROR","","{""status"":""error"",""message"":""Property values were not valid: [{\""isValid\"":false,\""message\"":\""f5000 was not one of the allowed options: [architect, a_e, engineer, big_firm, developer, gc, sub, leo, k"
"Skechers USA","ERROR","","{""status"":""error"",""message"":""Property values were not valid: [{\""isValid\"":false,\""message\"":\""f5000 was not one of the allowed options: [architect, a_e, engineer, big_firm, developer, gc, sub, leo, k"
"Kohl's","SKIP-DUP","343196757739","existing bd_audience=end_user"
"BXP","ERROR","","{""status"":""error"",""message"":""Property values were not valid: [{\""isValid\"":false,\""message\"":\""f5000 was not one of the allowed options: [architect, a_e, engineer, big_firm, developer, gc, sub, leo, k"
"Liberty Media Corporation Series A Liberty Formula One","ERROR","","{""status"":""error"",""message"":""Property values were not valid: [{\""isValid\"":false,\""message\"":\""f5000 was not one of the allowed options: [architect, a_e, engineer, big_firm, developer, gc, sub, leo, k"
"Hertz Global Holdings","ERROR","","{""status"":""error"",""message"":""Property values were not valid: [{\""isValid\"":false,\""message\"":\""f5000 was not one of the allowed options: [architect, a_e, engineer, big_firm, developer, gc, sub, leo, k"
"Reddit","ERROR","","{""status"":""error"",""message"":""Property values were not valid: [{\""isValid\"":false,\""message\"":\""f5000 was not one of the allowed options: [architect, a_e, engineer, big_firm, developer, gc, sub, leo, k"
"NOV","ERROR","","{""status"":""error"",""message"":""Property values were not valid: [{\""isValid\"":false,\""message\"":\""f5000 was not one of the allowed options: [architect, a_e, engineer, big_firm, developer, gc, sub, leo, k"
"U-Haul Holding","ERROR","","{""status"":""error"",""message"":""Property values were not valid: [{\""isValid\"":false,\""message\"":\""f5000 was not one of the allowed options: [architect, a_e, engineer, big_firm, developer, gc, sub, leo, k"
"Bath & Body Works","ERROR","","{""status"":""error"",""message"":""Property values were not valid: [{\""isValid\"":false,\""message\"":\""f5000 was not one of the allowed options: [architect, a_e, engineer, big_firm, developer, gc, sub, leo, k"
"Berry Global Group","ERROR","","{""status"":""error"",""message"":""Property values were not valid: [{\""isValid\"":false,\""message\"":\""f5000 was not one of the allowed options: [architect, a_e, engineer, big_firm, developer, gc, sub, leo, k"