"slug","firm","domain"
"huntsville","ADC Engineering","adcengineering.com"
"huntsville","AECOM","aecom.com"
"huntsville","ARCADIS, U.S., Inc","arcadis.com"
"huntsville","Barge Design Solutions, Inc.","bargedesign.com"
"huntsville","Bear Steele Global, Ltd. Co.","bearsteele.com"
"huntsville","Black &amp; Veatch Special Projects Corp.","bv.com"
"huntsville","Blue Cypress Consulting","bluecypress-consulting.com"
"huntsville","Burns &amp; McDonnell","burnsmcd.com"
"huntsville","C.R. HIPP CONSTRUCTION INC","crhippconstruction.com"
"huntsville","Catawba Engineering &amp; Environmental Services","catawbacorps.com"
"huntsville","CEMS Engineering","cems-ae.com"
"huntsville","CMB Services, Inc.","cmbbuild.com"
"huntsville","Collins Engineers Inc.","collinsengr.com"
"huntsville","Constantine Engineering Associates, LLC","constantineengineering.com"
"huntsville","CTI and Associates, Inc.","cticompanies.com"
"huntsville","Edwards-Pitman Environmental, Inc","edwards-pitman.com"
"huntsville","EnSafe Inc.","ensafe.com"
"huntsville","FORTA Corporation","forta-ferro.com"
"huntsville","Gator Engineering &amp; Aquifer Restoration, Inc.","gearengineer.com"
"huntsville","GEL Laboratories","gel.com"
"huntsville","GeoStabilization International","geostabilization.com"
"huntsville","GHD Inc.","ghd.com"
"huntsville","Hana Engineers and Consultants, LLC","hanaengineers.com"
"huntsville","HDR","hdrinc.com"
"huntsville","Heritage Environmental Services, LLC","heritage-enviro.com"
"huntsville","K-Con Inc.","kconinc.com"
"huntsville","LBE, Inc.","lbeeng.com"
"huntsville","Leidos","leidos.com"
"huntsville","LJB Inc.","ljbinc.com"
"huntsville","Mahorsky Group, Inc.","mahorskygroup.com"
"huntsville","Mattern &amp; Craig","matternandcraig.com"
"huntsville","MBP","mbpce.com"
"huntsville","McKim &amp; Creed Inc.","mckimcreed.com"
"huntsville","Mead &amp; Hunt, Inc.","meadhunt.com"
"huntsville","Mill City Environmental Corp.","millcityenv.com"
"huntsville","Mortenson Construction","mortenson.com"
"huntsville","MPS Engineering and Construction","mpsgc.com"
"huntsville","OK2 Construction LCC","ok2construction.com"
"huntsville","Pond &amp; Company","pondco.com"
"huntsville","R2P","r2pdoors.com"
"huntsville","Raymond Engineering-Georgia, Inc.","raymond.global"
"huntsville","S&amp;ME, Inc.","smeinc.com"
"huntsville","SDR","gosdr.com"
"huntsville","Seres","seres-es.com"
"huntsville","Siemens Industries, Inc.","new.siemens.com"
"huntsville","Stantec, Inc.","stantec.com"
"huntsville","Terracon Consultants, Inc.","terracon.com"
"huntsville","Tetra Tech, Inc.","tetratech.com"
"huntsville","Thomas &amp; Hutton Engineering Co.","thomasandhutton.com"
"huntsville","Thunderbird-HRP JV, LLC","hrpassociates.com"
"huntsville","The Whiting-Turner Contracting Company","whiting-turner.com"
"huntsville","W. M. Jordan Company, Inc.","wmjordan.com"
"huntsville","Weston Solutions, Inc.","westonsolutions.com"
"huntsville","Wood","woodgroup.com"
"huntsville","Woolpert, Inc.","woolpert.com"
"huntsville","Zapata Group","zapatainc.com"
"huntsville","2026 SBC","samesbc.org"
"huntsville","2026 Capital Week","samecapweek.org"
"mobile","ADC Engineering","adcengineering.com"
"mobile","AECOM","aecom.com"
"mobile","ARCADIS, U.S., Inc","arcadis.com"
"mobile","Barge Design Solutions, Inc.","bargedesign.com"
"mobile","Bear Steele Global, Ltd. Co.","bearsteele.com"
"mobile","Black &amp; Veatch Special Projects Corp.","bv.com"
"mobile","Blue Cypress Consulting","bluecypress-consulting.com"
"mobile","Burns &amp; McDonnell","burnsmcd.com"
"mobile","C.R. HIPP CONSTRUCTION INC","crhippconstruction.com"
"mobile","Catawba Engineering &amp; Environmental Services","catawbacorps.com"
"mobile","CEMS Engineering","cems-ae.com"
"mobile","CMB Services, Inc.","cmbbuild.com"
"mobile","Collins Engineers Inc.","collinsengr.com"
"mobile","Constantine Engineering Associates, LLC","constantineengineering.com"
"mobile","CTI and Associates, Inc.","cticompanies.com"
"mobile","Edwards-Pitman Environmental, Inc","edwards-pitman.com"
"mobile","EnSafe Inc.","ensafe.com"
"mobile","FORTA Corporation","forta-ferro.com"
"mobile","Gator Engineering &amp; Aquifer Restoration, Inc.","gearengineer.com"
"mobile","GEL Laboratories","gel.com"
"mobile","GeoStabilization International","geostabilization.com"
"mobile","GHD Inc.","ghd.com"
"mobile","Hana Engineers and Consultants, LLC","hanaengineers.com"
"mobile","HDR","hdrinc.com"
"mobile","Heritage Environmental Services, LLC","heritage-enviro.com"
"mobile","K-Con Inc.","kconinc.com"
"mobile","LBE, Inc.","lbeeng.com"
"mobile","Leidos","leidos.com"
"mobile","LJB Inc.","ljbinc.com"
"mobile","Mahorsky Group, Inc.","mahorskygroup.com"
"mobile","Mattern &amp; Craig","matternandcraig.com"
"mobile","MBP","mbpce.com"
"mobile","McKim &amp; Creed Inc.","mckimcreed.com"
"mobile","Mead &amp; Hunt, Inc.","meadhunt.com"
"mobile","Mill City Environmental Corp.","millcityenv.com"
"mobile","Mortenson Construction","mortenson.com"
"mobile","MPS Engineering and Construction","mpsgc.com"
"mobile","OK2 Construction LCC","ok2construction.com"
"mobile","Pond &amp; Company","pondco.com"
"mobile","R2P","r2pdoors.com"
"mobile","Raymond Engineering-Georgia, Inc.","raymond.global"
"mobile","S&amp;ME, Inc.","smeinc.com"
"mobile","SDR","gosdr.com"
"mobile","Seres","seres-es.com"
"mobile","Siemens Industries, Inc.","new.siemens.com"
"mobile","Stantec, Inc.","stantec.com"
"mobile","Terracon Consultants, Inc.","terracon.com"
"mobile","Tetra Tech, Inc.","tetratech.com"
"mobile","Thomas &amp; Hutton Engineering Co.","thomasandhutton.com"
"mobile","Thunderbird-HRP JV, LLC","hrpassociates.com"
"mobile","The Whiting-Turner Contracting Company","whiting-turner.com"
"mobile","W. M. Jordan Company, Inc.","wmjordan.com"
"mobile","Weston Solutions, Inc.","westonsolutions.com"
"mobile","Wood","woodgroup.com"
"mobile","Woolpert, Inc.","woolpert.com"
"mobile","Zapata Group","zapatainc.com"
"mobile","2026 SBC","samesbc.org"
"mobile","2026 Capital Week","samecapweek.org"
"anchorage","ADC Engineering","adcengineering.com"
"anchorage","AECOM","aecom.com"
"anchorage","ARCADIS, U.S., Inc","arcadis.com"
"anchorage","Barge Design Solutions, Inc.","bargedesign.com"
"anchorage","Bear Steele Global, Ltd. Co.","bearsteele.com"
"anchorage","Black &amp; Veatch Special Projects Corp.","bv.com"
"anchorage","Blue Cypress Consulting","bluecypress-consulting.com"
"anchorage","Burns &amp; McDonnell","burnsmcd.com"
"anchorage","C.R. HIPP CONSTRUCTION INC","crhippconstruction.com"
"anchorage","Catawba Engineering &amp; Environmental Services","catawbacorps.com"
"anchorage","CEMS Engineering","cems-ae.com"
"anchorage","CMB Services, Inc.","cmbbuild.com"
"anchorage","Collins Engineers Inc.","collinsengr.com"
"anchorage","Constantine Engineering Associates, LLC","constantineengineering.com"
"anchorage","CTI and Associates, Inc.","cticompanies.com"
"anchorage","Edwards-Pitman Environmental, Inc","edwards-pitman.com"
"anchorage","EnSafe Inc.","ensafe.com"
"anchorage","FORTA Corporation","forta-ferro.com"
"anchorage","Gator Engineering &amp; Aquifer Restoration, Inc.","gearengineer.com"
"anchorage","GEL Laboratories","gel.com"
"anchorage","GeoStabilization International","geostabilization.com"
"anchorage","GHD Inc.","ghd.com"
"anchorage","Hana Engineers and Consultants, LLC","hanaengineers.com"
"anchorage","HDR","hdrinc.com"
"anchorage","Heritage Environmental Services, LLC","heritage-enviro.com"
"anchorage","K-Con Inc.","kconinc.com"
"anchorage","LBE, Inc.","lbeeng.com"
"anchorage","Leidos","leidos.com"
"anchorage","LJB Inc.","ljbinc.com"
"anchorage","Mahorsky Group, Inc.","mahorskygroup.com"
"anchorage","Mattern &amp; Craig","matternandcraig.com"
"anchorage","MBP","mbpce.com"
"anchorage","McKim &amp; Creed Inc.","mckimcreed.com"
"anchorage","Mead &amp; Hunt, Inc.","meadhunt.com"
"anchorage","Mill City Environmental Corp.","millcityenv.com"
"anchorage","Mortenson Construction","mortenson.com"
"anchorage","MPS Engineering and Construction","mpsgc.com"
"anchorage","OK2 Construction LCC","ok2construction.com"
"anchorage","Pond &amp; Company","pondco.com"
"anchorage","R2P","r2pdoors.com"
"anchorage","Raymond Engineering-Georgia, Inc.","raymond.global"
"anchorage","S&amp;ME, Inc.","smeinc.com"
"anchorage","SDR","gosdr.com"
"anchorage","Seres","seres-es.com"
"anchorage","Siemens Industries, Inc.","new.siemens.com"
"anchorage","Stantec, Inc.","stantec.com"
"anchorage","Terracon Consultants, Inc.","terracon.com"
"anchorage","Tetra Tech, Inc.","tetratech.com"
"anchorage","Thomas &amp; Hutton Engineering Co.","thomasandhutton.com"
"anchorage","Thunderbird-HRP JV, LLC","hrpassociates.com"
"anchorage","The Whiting-Turner Contracting Company","whiting-turner.com"
"anchorage","W. M. Jordan Company, Inc.","wmjordan.com"
"anchorage","Weston Solutions, Inc.","westonsolutions.com"
"anchorage","Wood","woodgroup.com"
"anchorage","Woolpert, Inc.","woolpert.com"
"anchorage","Zapata Group","zapatainc.com"
"anchorage","2026 SBC","samesbc.org"
"anchorage","2026 Capital Week","samecapweek.org"
"phoenix","ADC Engineering","adcengineering.com"
"phoenix","AECOM","aecom.com"
"phoenix","ARCADIS, U.S., Inc","arcadis.com"
"phoenix","Barge Design Solutions, Inc.","bargedesign.com"
"phoenix","Bear Steele Global, Ltd. Co.","bearsteele.com"
"phoenix","Black &amp; Veatch Special Projects Corp.","bv.com"
"phoenix","Blue Cypress Consulting","bluecypress-consulting.com"
"phoenix","Burns &amp; McDonnell","burnsmcd.com"
"phoenix","C.R. HIPP CONSTRUCTION INC","crhippconstruction.com"
"phoenix","Catawba Engineering &amp; Environmental Services","catawbacorps.com"
"phoenix","CEMS Engineering","cems-ae.com"
"phoenix","CMB Services, Inc.","cmbbuild.com"
"phoenix","Collins Engineers Inc.","collinsengr.com"
"phoenix","Constantine Engineering Associates, LLC","constantineengineering.com"
"phoenix","CTI and Associates, Inc.","cticompanies.com"
"phoenix","Edwards-Pitman Environmental, Inc","edwards-pitman.com"
"phoenix","EnSafe Inc.","ensafe.com"
"phoenix","FORTA Corporation","forta-ferro.com"
"phoenix","Gator Engineering &amp; Aquifer Restoration, Inc.","gearengineer.com"
"phoenix","GEL Laboratories","gel.com"
"phoenix","GeoStabilization International","geostabilization.com"
"phoenix","GHD Inc.","ghd.com"
"phoenix","Hana Engineers and Consultants, LLC","hanaengineers.com"
"phoenix","HDR","hdrinc.com"
"phoenix","Heritage Environmental Services, LLC","heritage-enviro.com"
"phoenix","K-Con Inc.","kconinc.com"
"phoenix","LBE, Inc.","lbeeng.com"
"phoenix","Leidos","leidos.com"
"phoenix","LJB Inc.","ljbinc.com"
"phoenix","Mahorsky Group, Inc.","mahorskygroup.com"
"phoenix","Mattern &amp; Craig","matternandcraig.com"
"phoenix","MBP","mbpce.com"
"phoenix","McKim &amp; Creed Inc.","mckimcreed.com"
"phoenix","Mead &amp; Hunt, Inc.","meadhunt.com"
"phoenix","Mill City Environmental Corp.","millcityenv.com"
"phoenix","Mortenson Construction","mortenson.com"
"phoenix","MPS Engineering and Construction","mpsgc.com"
"phoenix","OK2 Construction LCC","ok2construction.com"
"phoenix","Pond &amp; Company","pondco.com"
"phoenix","R2P","r2pdoors.com"
"phoenix","Raymond Engineering-Georgia, Inc.","raymond.global"
"phoenix","S&amp;ME, Inc.","smeinc.com"
"phoenix","SDR","gosdr.com"
"phoenix","Seres","seres-es.com"
"phoenix","Siemens Industries, Inc.","new.siemens.com"
"phoenix","Stantec, Inc.","stantec.com"
"phoenix","Terracon Consultants, Inc.","terracon.com"
"phoenix","Tetra Tech, Inc.","tetratech.com"
"phoenix","Thomas &amp; Hutton Engineering Co.","thomasandhutton.com"
"phoenix","Thunderbird-HRP JV, LLC","hrpassociates.com"
"phoenix","The Whiting-Turner Contracting Company","whiting-turner.com"
"phoenix","W. M. Jordan Company, Inc.","wmjordan.com"
"phoenix","Weston Solutions, Inc.","westonsolutions.com"
"phoenix","Wood","woodgroup.com"
"phoenix","Woolpert, Inc.","woolpert.com"
"phoenix","Zapata Group","zapatainc.com"
"phoenix","2026 SBC","samesbc.org"
"phoenix","2026 Capital Week","samecapweek.org"
"sa","ADC Engineering","adcengineering.com"
"sa","AECOM","aecom.com"
"sa","ARCADIS, U.S., Inc","arcadis.com"
"sa","Barge Design Solutions, Inc.","bargedesign.com"
"sa","Bear Steele Global, Ltd. Co.","bearsteele.com"
"sa","Black &amp; Veatch Special Projects Corp.","bv.com"
"sa","Blue Cypress Consulting","bluecypress-consulting.com"
"sa","Burns &amp; McDonnell","burnsmcd.com"
"sa","C.R. HIPP CONSTRUCTION INC","crhippconstruction.com"
"sa","Catawba Engineering &amp; Environmental Services","catawbacorps.com"
"sa","CEMS Engineering","cems-ae.com"
"sa","CMB Services, Inc.","cmbbuild.com"
"sa","Collins Engineers Inc.","collinsengr.com"
"sa","Constantine Engineering Associates, LLC","constantineengineering.com"
"sa","CTI and Associates, Inc.","cticompanies.com"
"sa","Edwards-Pitman Environmental, Inc","edwards-pitman.com"
"sa","EnSafe Inc.","ensafe.com"
"sa","FORTA Corporation","forta-ferro.com"
"sa","Gator Engineering &amp; Aquifer Restoration, Inc.","gearengineer.com"
"sa","GEL Laboratories","gel.com"
"sa","GeoStabilization International","geostabilization.com"
"sa","GHD Inc.","ghd.com"
"sa","Hana Engineers and Consultants, LLC","hanaengineers.com"
"sa","HDR","hdrinc.com"
"sa","Heritage Environmental Services, LLC","heritage-enviro.com"
"sa","K-Con Inc.","kconinc.com"
"sa","LBE, Inc.","lbeeng.com"
"sa","Leidos","leidos.com"
"sa","LJB Inc.","ljbinc.com"
"sa","Mahorsky Group, Inc.","mahorskygroup.com"
"sa","Mattern &amp; Craig","matternandcraig.com"
"sa","MBP","mbpce.com"
"sa","McKim &amp; Creed Inc.","mckimcreed.com"
"sa","Mead &amp; Hunt, Inc.","meadhunt.com"
"sa","Mill City Environmental Corp.","millcityenv.com"
"sa","Mortenson Construction","mortenson.com"
"sa","MPS Engineering and Construction","mpsgc.com"
"sa","OK2 Construction LCC","ok2construction.com"
"sa","Pond &amp; Company","pondco.com"
"sa","R2P","r2pdoors.com"
"sa","Raymond Engineering-Georgia, Inc.","raymond.global"
"sa","S&amp;ME, Inc.","smeinc.com"
"sa","SDR","gosdr.com"
"sa","Seres","seres-es.com"
"sa","Siemens Industries, Inc.","new.siemens.com"
"sa","Stantec, Inc.","stantec.com"
"sa","Terracon Consultants, Inc.","terracon.com"
"sa","Tetra Tech, Inc.","tetratech.com"
"sa","Thomas &amp; Hutton Engineering Co.","thomasandhutton.com"
"sa","Thunderbird-HRP JV, LLC","hrpassociates.com"
"sa","The Whiting-Turner Contracting Company","whiting-turner.com"
"sa","W. M. Jordan Company, Inc.","wmjordan.com"
"sa","Weston Solutions, Inc.","westonsolutions.com"
"sa","Wood","woodgroup.com"
"sa","Woolpert, Inc.","woolpert.com"
"sa","Zapata Group","zapatainc.com"
"sa","2026 SBC","samesbc.org"
"sa","2026 Capital Week","samecapweek.org"
"arkansas","ADC Engineering","adcengineering.com"
"arkansas","AECOM","aecom.com"
"arkansas","ARCADIS, U.S., Inc","arcadis.com"
"arkansas","Barge Design Solutions, Inc.","bargedesign.com"
"arkansas","Bear Steele Global, Ltd. Co.","bearsteele.com"
"arkansas","Black &amp; Veatch Special Projects Corp.","bv.com"
"arkansas","Blue Cypress Consulting","bluecypress-consulting.com"
"arkansas","Burns &amp; McDonnell","burnsmcd.com"
"arkansas","C.R. HIPP CONSTRUCTION INC","crhippconstruction.com"
"arkansas","Catawba Engineering &amp; Environmental Services","catawbacorps.com"
"arkansas","CEMS Engineering","cems-ae.com"
"arkansas","CMB Services, Inc.","cmbbuild.com"
"arkansas","Collins Engineers Inc.","collinsengr.com"
"arkansas","Constantine Engineering Associates, LLC","constantineengineering.com"
"arkansas","CTI and Associates, Inc.","cticompanies.com"
"arkansas","Edwards-Pitman Environmental, Inc","edwards-pitman.com"
"arkansas","EnSafe Inc.","ensafe.com"
"arkansas","FORTA Corporation","forta-ferro.com"
"arkansas","Gator Engineering &amp; Aquifer Restoration, Inc.","gearengineer.com"
"arkansas","GEL Laboratories","gel.com"
"arkansas","GeoStabilization International","geostabilization.com"
"arkansas","GHD Inc.","ghd.com"
"arkansas","Hana Engineers and Consultants, LLC","hanaengineers.com"
"arkansas","HDR","hdrinc.com"
"arkansas","Heritage Environmental Services, LLC","heritage-enviro.com"
"arkansas","K-Con Inc.","kconinc.com"
"arkansas","LBE, Inc.","lbeeng.com"
"arkansas","Leidos","leidos.com"
"arkansas","LJB Inc.","ljbinc.com"
"arkansas","Mahorsky Group, Inc.","mahorskygroup.com"
"arkansas","Mattern &amp; Craig","matternandcraig.com"
"arkansas","MBP","mbpce.com"
"arkansas","McKim &amp; Creed Inc.","mckimcreed.com"
"arkansas","Mead &amp; Hunt, Inc.","meadhunt.com"
"arkansas","Mill City Environmental Corp.","millcityenv.com"
"arkansas","Mortenson Construction","mortenson.com"
"arkansas","MPS Engineering and Construction","mpsgc.com"
"arkansas","OK2 Construction LCC","ok2construction.com"
"arkansas","Pond &amp; Company","pondco.com"
"arkansas","R2P","r2pdoors.com"
"arkansas","Raymond Engineering-Georgia, Inc.","raymond.global"
"arkansas","S&amp;ME, Inc.","smeinc.com"
"arkansas","SDR","gosdr.com"
"arkansas","Seres","seres-es.com"
"arkansas","Siemens Industries, Inc.","new.siemens.com"
"arkansas","Stantec, Inc.","stantec.com"
"arkansas","Terracon Consultants, Inc.","terracon.com"
"arkansas","Tetra Tech, Inc.","tetratech.com"
"arkansas","Thomas &amp; Hutton Engineering Co.","thomasandhutton.com"
"arkansas","Thunderbird-HRP JV, LLC","hrpassociates.com"
"arkansas","The Whiting-Turner Contracting Company","whiting-turner.com"
"arkansas","W. M. Jordan Company, Inc.","wmjordan.com"
"arkansas","Weston Solutions, Inc.","westonsolutions.com"
"arkansas","Wood","woodgroup.com"
"arkansas","Woolpert, Inc.","woolpert.com"
"arkansas","Zapata Group","zapatainc.com"
"arkansas","2026 SBC","samesbc.org"
"arkansas","2026 Capital Week","samecapweek.org"
"ie","ADC Engineering","adcengineering.com"
"ie","AECOM","aecom.com"
"ie","ARCADIS, U.S., Inc","arcadis.com"
"ie","Barge Design Solutions, Inc.","bargedesign.com"
"ie","Bear Steele Global, Ltd. Co.","bearsteele.com"
"ie","Black &amp; Veatch Special Projects Corp.","bv.com"
"ie","Blue Cypress Consulting","bluecypress-consulting.com"
"ie","Burns &amp; McDonnell","burnsmcd.com"
"ie","C.R. HIPP CONSTRUCTION INC","crhippconstruction.com"
"ie","Catawba Engineering &amp; Environmental Services","catawbacorps.com"
"ie","CEMS Engineering","cems-ae.com"
"ie","CMB Services, Inc.","cmbbuild.com"
"ie","Collins Engineers Inc.","collinsengr.com"
"ie","Constantine Engineering Associates, LLC","constantineengineering.com"
"ie","CTI and Associates, Inc.","cticompanies.com"
"ie","Edwards-Pitman Environmental, Inc","edwards-pitman.com"
"ie","EnSafe Inc.","ensafe.com"
"ie","FORTA Corporation","forta-ferro.com"
"ie","Gator Engineering &amp; Aquifer Restoration, Inc.","gearengineer.com"
"ie","GEL Laboratories","gel.com"
"ie","GeoStabilization International","geostabilization.com"
"ie","GHD Inc.","ghd.com"
"ie","Hana Engineers and Consultants, LLC","hanaengineers.com"
"ie","HDR","hdrinc.com"
"ie","Heritage Environmental Services, LLC","heritage-enviro.com"
"ie","K-Con Inc.","kconinc.com"
"ie","LBE, Inc.","lbeeng.com"
"ie","Leidos","leidos.com"
"ie","LJB Inc.","ljbinc.com"
"ie","Mahorsky Group, Inc.","mahorskygroup.com"
"ie","Mattern &amp; Craig","matternandcraig.com"
"ie","MBP","mbpce.com"
"ie","McKim &amp; Creed Inc.","mckimcreed.com"
"ie","Mead &amp; Hunt, Inc.","meadhunt.com"
"ie","Mill City Environmental Corp.","millcityenv.com"
"ie","Mortenson Construction","mortenson.com"
"ie","MPS Engineering and Construction","mpsgc.com"
"ie","OK2 Construction LCC","ok2construction.com"
"ie","Pond &amp; Company","pondco.com"
"ie","R2P","r2pdoors.com"
"ie","Raymond Engineering-Georgia, Inc.","raymond.global"
"ie","S&amp;ME, Inc.","smeinc.com"
"ie","SDR","gosdr.com"
"ie","Seres","seres-es.com"
"ie","Siemens Industries, Inc.","new.siemens.com"
"ie","Stantec, Inc.","stantec.com"
"ie","Terracon Consultants, Inc.","terracon.com"
"ie","Tetra Tech, Inc.","tetratech.com"
"ie","Thomas &amp; Hutton Engineering Co.","thomasandhutton.com"
"ie","Thunderbird-HRP JV, LLC","hrpassociates.com"
"ie","The Whiting-Turner Contracting Company","whiting-turner.com"
"ie","W. M. Jordan Company, Inc.","wmjordan.com"
"ie","Weston Solutions, Inc.","westonsolutions.com"
"ie","Wood","woodgroup.com"
"ie","Woolpert, Inc.","woolpert.com"
"ie","Zapata Group","zapatainc.com"
"ie","2026 SBC","samesbc.org"
"ie","2026 Capital Week","samecapweek.org"
"la","ADC Engineering","adcengineering.com"
"la","AECOM","aecom.com"
"la","ARCADIS, U.S., Inc","arcadis.com"
"la","Barge Design Solutions, Inc.","bargedesign.com"
"la","Bear Steele Global, Ltd. Co.","bearsteele.com"
"la","Black &amp; Veatch Special Projects Corp.","bv.com"
"la","Blue Cypress Consulting","bluecypress-consulting.com"
"la","Burns &amp; McDonnell","burnsmcd.com"
"la","C.R. HIPP CONSTRUCTION INC","crhippconstruction.com"
"la","Catawba Engineering &amp; Environmental Services","catawbacorps.com"
"la","CEMS Engineering","cems-ae.com"
"la","CMB Services, Inc.","cmbbuild.com"
"la","Collins Engineers Inc.","collinsengr.com"
"la","Constantine Engineering Associates, LLC","constantineengineering.com"
"la","CTI and Associates, Inc.","cticompanies.com"
"la","Edwards-Pitman Environmental, Inc","edwards-pitman.com"
"la","EnSafe Inc.","ensafe.com"
"la","FORTA Corporation","forta-ferro.com"
"la","Gator Engineering &amp; Aquifer Restoration, Inc.","gearengineer.com"
"la","GEL Laboratories","gel.com"
"la","GeoStabilization International","geostabilization.com"
"la","GHD Inc.","ghd.com"
"la","Hana Engineers and Consultants, LLC","hanaengineers.com"
"la","HDR","hdrinc.com"
"la","Heritage Environmental Services, LLC","heritage-enviro.com"
"la","K-Con Inc.","kconinc.com"
"la","LBE, Inc.","lbeeng.com"
"la","Leidos","leidos.com"
"la","LJB Inc.","ljbinc.com"
"la","Mahorsky Group, Inc.","mahorskygroup.com"
"la","Mattern &amp; Craig","matternandcraig.com"
"la","MBP","mbpce.com"
"la","McKim &amp; Creed Inc.","mckimcreed.com"
"la","Mead &amp; Hunt, Inc.","meadhunt.com"
"la","Mill City Environmental Corp.","millcityenv.com"
"la","Mortenson Construction","mortenson.com"
"la","MPS Engineering and Construction","mpsgc.com"
"la","OK2 Construction LCC","ok2construction.com"
"la","Pond &amp; Company","pondco.com"
"la","R2P","r2pdoors.com"
"la","Raymond Engineering-Georgia, Inc.","raymond.global"
"la","S&amp;ME, Inc.","smeinc.com"
"la","SDR","gosdr.com"
"la","Seres","seres-es.com"
"la","Siemens Industries, Inc.","new.siemens.com"
"la","Stantec, Inc.","stantec.com"
"la","Terracon Consultants, Inc.","terracon.com"
"la","Tetra Tech, Inc.","tetratech.com"
"la","Thomas &amp; Hutton Engineering Co.","thomasandhutton.com"
"la","Thunderbird-HRP JV, LLC","hrpassociates.com"
"la","The Whiting-Turner Contracting Company","whiting-turner.com"
"la","W. M. Jordan Company, Inc.","wmjordan.com"
"la","Weston Solutions, Inc.","westonsolutions.com"
"la","Wood","woodgroup.com"
"la","Woolpert, Inc.","woolpert.com"
"la","Zapata Group","zapatainc.com"
"la","2026 SBC","samesbc.org"
"la","2026 Capital Week","samecapweek.org"
"oc","ADC Engineering","adcengineering.com"
"oc","AECOM","aecom.com"
"oc","ARCADIS, U.S., Inc","arcadis.com"
"oc","Barge Design Solutions, Inc.","bargedesign.com"
"oc","Bear Steele Global, Ltd. Co.","bearsteele.com"
"oc","Black &amp; Veatch Special Projects Corp.","bv.com"
"oc","Blue Cypress Consulting","bluecypress-consulting.com"
"oc","Burns &amp; McDonnell","burnsmcd.com"
"oc","C.R. HIPP CONSTRUCTION INC","crhippconstruction.com"
"oc","Catawba Engineering &amp; Environmental Services","catawbacorps.com"
"oc","CEMS Engineering","cems-ae.com"
"oc","CMB Services, Inc.","cmbbuild.com"
"oc","Collins Engineers Inc.","collinsengr.com"
"oc","Constantine Engineering Associates, LLC","constantineengineering.com"
"oc","CTI and Associates, Inc.","cticompanies.com"
"oc","Edwards-Pitman Environmental, Inc","edwards-pitman.com"
"oc","EnSafe Inc.","ensafe.com"
"oc","FORTA Corporation","forta-ferro.com"
"oc","Gator Engineering &amp; Aquifer Restoration, Inc.","gearengineer.com"
"oc","GEL Laboratories","gel.com"
"oc","GeoStabilization International","geostabilization.com"
"oc","GHD Inc.","ghd.com"
"oc","Hana Engineers and Consultants, LLC","hanaengineers.com"
"oc","HDR","hdrinc.com"
"oc","Heritage Environmental Services, LLC","heritage-enviro.com"
"oc","K-Con Inc.","kconinc.com"
"oc","LBE, Inc.","lbeeng.com"
"oc","Leidos","leidos.com"
"oc","LJB Inc.","ljbinc.com"
"oc","Mahorsky Group, Inc.","mahorskygroup.com"
"oc","Mattern &amp; Craig","matternandcraig.com"
"oc","MBP","mbpce.com"
"oc","McKim &amp; Creed Inc.","mckimcreed.com"
"oc","Mead &amp; Hunt, Inc.","meadhunt.com"
"oc","Mill City Environmental Corp.","millcityenv.com"
"oc","Mortenson Construction","mortenson.com"
"oc","MPS Engineering and Construction","mpsgc.com"
"oc","OK2 Construction LCC","ok2construction.com"
"oc","Pond &amp; Company","pondco.com"
"oc","R2P","r2pdoors.com"
"oc","Raymond Engineering-Georgia, Inc.","raymond.global"
"oc","S&amp;ME, Inc.","smeinc.com"
"oc","SDR","gosdr.com"
"oc","Seres","seres-es.com"
"oc","Siemens Industries, Inc.","new.siemens.com"
"oc","Stantec, Inc.","stantec.com"
"oc","Terracon Consultants, Inc.","terracon.com"
"oc","Tetra Tech, Inc.","tetratech.com"
"oc","Thomas &amp; Hutton Engineering Co.","thomasandhutton.com"
"oc","Thunderbird-HRP JV, LLC","hrpassociates.com"
"oc","The Whiting-Turner Contracting Company","whiting-turner.com"
"oc","W. M. Jordan Company, Inc.","wmjordan.com"
"oc","Weston Solutions, Inc.","westonsolutions.com"
"oc","Wood","woodgroup.com"
"oc","Woolpert, Inc.","woolpert.com"
"oc","Zapata Group","zapatainc.com"
"oc","2026 SBC","samesbc.org"
"oc","2026 Capital Week","samecapweek.org"
"oxnard","ADC Engineering","adcengineering.com"
"oxnard","AECOM","aecom.com"
"oxnard","ARCADIS, U.S., Inc","arcadis.com"
"oxnard","Barge Design Solutions, Inc.","bargedesign.com"
"oxnard","Bear Steele Global, Ltd. Co.","bearsteele.com"
"oxnard","Black &amp; Veatch Special Projects Corp.","bv.com"
"oxnard","Blue Cypress Consulting","bluecypress-consulting.com"
"oxnard","Burns &amp; McDonnell","burnsmcd.com"
"oxnard","C.R. HIPP CONSTRUCTION INC","crhippconstruction.com"
"oxnard","Catawba Engineering &amp; Environmental Services","catawbacorps.com"
"oxnard","CEMS Engineering","cems-ae.com"
"oxnard","CMB Services, Inc.","cmbbuild.com"
"oxnard","Collins Engineers Inc.","collinsengr.com"
"oxnard","Constantine Engineering Associates, LLC","constantineengineering.com"
"oxnard","CTI and Associates, Inc.","cticompanies.com"
"oxnard","Edwards-Pitman Environmental, Inc","edwards-pitman.com"
"oxnard","EnSafe Inc.","ensafe.com"
"oxnard","FORTA Corporation","forta-ferro.com"
"oxnard","Gator Engineering &amp; Aquifer Restoration, Inc.","gearengineer.com"
"oxnard","GEL Laboratories","gel.com"
"oxnard","GeoStabilization International","geostabilization.com"
"oxnard","GHD Inc.","ghd.com"
"oxnard","Hana Engineers and Consultants, LLC","hanaengineers.com"
"oxnard","HDR","hdrinc.com"
"oxnard","Heritage Environmental Services, LLC","heritage-enviro.com"
"oxnard","K-Con Inc.","kconinc.com"
"oxnard","LBE, Inc.","lbeeng.com"
"oxnard","Leidos","leidos.com"
"oxnard","LJB Inc.","ljbinc.com"
"oxnard","Mahorsky Group, Inc.","mahorskygroup.com"
"oxnard","Mattern &amp; Craig","matternandcraig.com"
"oxnard","MBP","mbpce.com"
"oxnard","McKim &amp; Creed Inc.","mckimcreed.com"
"oxnard","Mead &amp; Hunt, Inc.","meadhunt.com"
"oxnard","Mill City Environmental Corp.","millcityenv.com"
"oxnard","Mortenson Construction","mortenson.com"
"oxnard","MPS Engineering and Construction","mpsgc.com"
"oxnard","OK2 Construction LCC","ok2construction.com"
"oxnard","Pond &amp; Company","pondco.com"
"oxnard","R2P","r2pdoors.com"
"oxnard","Raymond Engineering-Georgia, Inc.","raymond.global"
"oxnard","S&amp;ME, Inc.","smeinc.com"
"oxnard","SDR","gosdr.com"
"oxnard","Seres","seres-es.com"
"oxnard","Siemens Industries, Inc.","new.siemens.com"
"oxnard","Stantec, Inc.","stantec.com"
"oxnard","Terracon Consultants, Inc.","terracon.com"
"oxnard","Tetra Tech, Inc.","tetratech.com"
"oxnard","Thomas &amp; Hutton Engineering Co.","thomasandhutton.com"
"oxnard","Thunderbird-HRP JV, LLC","hrpassociates.com"
"oxnard","The Whiting-Turner Contracting Company","whiting-turner.com"
"oxnard","W. M. Jordan Company, Inc.","wmjordan.com"
"oxnard","Weston Solutions, Inc.","westonsolutions.com"
"oxnard","Wood","woodgroup.com"
"oxnard","Woolpert, Inc.","woolpert.com"
"oxnard","Zapata Group","zapatainc.com"
"oxnard","2026 SBC","samesbc.org"
"oxnard","2026 Capital Week","samecapweek.org"
"san-diego","ADC Engineering","adcengineering.com"
"san-diego","AECOM","aecom.com"
"san-diego","ARCADIS, U.S., Inc","arcadis.com"
"san-diego","Barge Design Solutions, Inc.","bargedesign.com"
"san-diego","Bear Steele Global, Ltd. Co.","bearsteele.com"
"san-diego","Black &amp; Veatch Special Projects Corp.","bv.com"
"san-diego","Blue Cypress Consulting","bluecypress-consulting.com"
"san-diego","Burns &amp; McDonnell","burnsmcd.com"
"san-diego","C.R. HIPP CONSTRUCTION INC","crhippconstruction.com"
"san-diego","Catawba Engineering &amp; Environmental Services","catawbacorps.com"
"san-diego","CEMS Engineering","cems-ae.com"
"san-diego","CMB Services, Inc.","cmbbuild.com"
"san-diego","Collins Engineers Inc.","collinsengr.com"
"san-diego","Constantine Engineering Associates, LLC","constantineengineering.com"
"san-diego","CTI and Associates, Inc.","cticompanies.com"
"san-diego","Edwards-Pitman Environmental, Inc","edwards-pitman.com"
"san-diego","EnSafe Inc.","ensafe.com"
"san-diego","FORTA Corporation","forta-ferro.com"
"san-diego","Gator Engineering &amp; Aquifer Restoration, Inc.","gearengineer.com"
"san-diego","GEL Laboratories","gel.com"
"san-diego","GeoStabilization International","geostabilization.com"
"san-diego","GHD Inc.","ghd.com"
"san-diego","Hana Engineers and Consultants, LLC","hanaengineers.com"
"san-diego","HDR","hdrinc.com"
"san-diego","Heritage Environmental Services, LLC","heritage-enviro.com"
"san-diego","K-Con Inc.","kconinc.com"
"san-diego","LBE, Inc.","lbeeng.com"
"san-diego","Leidos","leidos.com"
"san-diego","LJB Inc.","ljbinc.com"
"san-diego","Mahorsky Group, Inc.","mahorskygroup.com"
"san-diego","Mattern &amp; Craig","matternandcraig.com"
"san-diego","MBP","mbpce.com"
"san-diego","McKim &amp; Creed Inc.","mckimcreed.com"
"san-diego","Mead &amp; Hunt, Inc.","meadhunt.com"
"san-diego","Mill City Environmental Corp.","millcityenv.com"
"san-diego","Mortenson Construction","mortenson.com"
"san-diego","MPS Engineering and Construction","mpsgc.com"
"san-diego","OK2 Construction LCC","ok2construction.com"
"san-diego","Pond &amp; Company","pondco.com"
"san-diego","R2P","r2pdoors.com"
"san-diego","Raymond Engineering-Georgia, Inc.","raymond.global"
"san-diego","S&amp;ME, Inc.","smeinc.com"
"san-diego","SDR","gosdr.com"
"san-diego","Seres","seres-es.com"
"san-diego","Siemens Industries, Inc.","new.siemens.com"
"san-diego","Stantec, Inc.","stantec.com"
"san-diego","Terracon Consultants, Inc.","terracon.com"
"san-diego","Tetra Tech, Inc.","tetratech.com"
"san-diego","Thomas &amp; Hutton Engineering Co.","thomasandhutton.com"
"san-diego","Thunderbird-HRP JV, LLC","hrpassociates.com"
"san-diego","The Whiting-Turner Contracting Company","whiting-turner.com"
"san-diego","W. M. Jordan Company, Inc.","wmjordan.com"
"san-diego","Weston Solutions, Inc.","westonsolutions.com"
"san-diego","Wood","woodgroup.com"
"san-diego","Woolpert, Inc.","woolpert.com"
"san-diego","Zapata Group","zapatainc.com"
"san-diego","2026 SBC","samesbc.org"
"san-diego","2026 Capital Week","samecapweek.org"
"sf","ADC Engineering","adcengineering.com"
"sf","AECOM","aecom.com"
"sf","ARCADIS, U.S., Inc","arcadis.com"
"sf","Barge Design Solutions, Inc.","bargedesign.com"
"sf","Bear Steele Global, Ltd. Co.","bearsteele.com"
"sf","Black &amp; Veatch Special Projects Corp.","bv.com"
"sf","Blue Cypress Consulting","bluecypress-consulting.com"
"sf","Burns &amp; McDonnell","burnsmcd.com"
"sf","C.R. HIPP CONSTRUCTION INC","crhippconstruction.com"
"sf","Catawba Engineering &amp; Environmental Services","catawbacorps.com"
"sf","CEMS Engineering","cems-ae.com"
"sf","CMB Services, Inc.","cmbbuild.com"
"sf","Collins Engineers Inc.","collinsengr.com"
"sf","Constantine Engineering Associates, LLC","constantineengineering.com"
"sf","CTI and Associates, Inc.","cticompanies.com"
"sf","Edwards-Pitman Environmental, Inc","edwards-pitman.com"
"sf","EnSafe Inc.","ensafe.com"
"sf","FORTA Corporation","forta-ferro.com"
"sf","Gator Engineering &amp; Aquifer Restoration, Inc.","gearengineer.com"
"sf","GEL Laboratories","gel.com"
"sf","GeoStabilization International","geostabilization.com"
"sf","GHD Inc.","ghd.com"
"sf","Hana Engineers and Consultants, LLC","hanaengineers.com"
"sf","HDR","hdrinc.com"
"sf","Heritage Environmental Services, LLC","heritage-enviro.com"
"sf","K-Con Inc.","kconinc.com"
"sf","LBE, Inc.","lbeeng.com"
"sf","Leidos","leidos.com"
"sf","LJB Inc.","ljbinc.com"
"sf","Mahorsky Group, Inc.","mahorskygroup.com"
"sf","Mattern &amp; Craig","matternandcraig.com"
"sf","MBP","mbpce.com"
"sf","McKim &amp; Creed Inc.","mckimcreed.com"
"sf","Mead &amp; Hunt, Inc.","meadhunt.com"
"sf","Mill City Environmental Corp.","millcityenv.com"
"sf","Mortenson Construction","mortenson.com"
"sf","MPS Engineering and Construction","mpsgc.com"
"sf","OK2 Construction LCC","ok2construction.com"
"sf","Pond &amp; Company","pondco.com"
"sf","R2P","r2pdoors.com"
"sf","Raymond Engineering-Georgia, Inc.","raymond.global"
"sf","S&amp;ME, Inc.","smeinc.com"
"sf","SDR","gosdr.com"
"sf","Seres","seres-es.com"
"sf","Siemens Industries, Inc.","new.siemens.com"
"sf","Stantec, Inc.","stantec.com"
"sf","Terracon Consultants, Inc.","terracon.com"
"sf","Tetra Tech, Inc.","tetratech.com"
"sf","Thomas &amp; Hutton Engineering Co.","thomasandhutton.com"
"sf","Thunderbird-HRP JV, LLC","hrpassociates.com"
"sf","The Whiting-Turner Contracting Company","whiting-turner.com"
"sf","W. M. Jordan Company, Inc.","wmjordan.com"
"sf","Weston Solutions, Inc.","westonsolutions.com"
"sf","Wood","woodgroup.com"
"sf","Woolpert, Inc.","woolpert.com"
"sf","Zapata Group","zapatainc.com"
"sf","2026 SBC","samesbc.org"
"sf","2026 Capital Week","samecapweek.org"
"denver","ADC Engineering","adcengineering.com"
"denver","AECOM","aecom.com"
"denver","ARCADIS, U.S., Inc","arcadis.com"
"denver","Barge Design Solutions, Inc.","bargedesign.com"
"denver","Bear Steele Global, Ltd. Co.","bearsteele.com"
"denver","Black &amp; Veatch Special Projects Corp.","bv.com"
"denver","Blue Cypress Consulting","bluecypress-consulting.com"
"denver","Burns &amp; McDonnell","burnsmcd.com"
"denver","C.R. HIPP CONSTRUCTION INC","crhippconstruction.com"
"denver","Catawba Engineering &amp; Environmental Services","catawbacorps.com"
"denver","CEMS Engineering","cems-ae.com"
"denver","CMB Services, Inc.","cmbbuild.com"
"denver","Collins Engineers Inc.","collinsengr.com"
"denver","Constantine Engineering Associates, LLC","constantineengineering.com"
"denver","CTI and Associates, Inc.","cticompanies.com"
"denver","Edwards-Pitman Environmental, Inc","edwards-pitman.com"
"denver","EnSafe Inc.","ensafe.com"
"denver","FORTA Corporation","forta-ferro.com"
"denver","Gator Engineering &amp; Aquifer Restoration, Inc.","gearengineer.com"
"denver","GEL Laboratories","gel.com"
"denver","GeoStabilization International","geostabilization.com"
"denver","GHD Inc.","ghd.com"
"denver","Hana Engineers and Consultants, LLC","hanaengineers.com"
"denver","HDR","hdrinc.com"
"denver","Heritage Environmental Services, LLC","heritage-enviro.com"
"denver","K-Con Inc.","kconinc.com"
"denver","LBE, Inc.","lbeeng.com"
"denver","Leidos","leidos.com"
"denver","LJB Inc.","ljbinc.com"
"denver","Mahorsky Group, Inc.","mahorskygroup.com"
"denver","Mattern &amp; Craig","matternandcraig.com"
"denver","MBP","mbpce.com"
"denver","McKim &amp; Creed Inc.","mckimcreed.com"
"denver","Mead &amp; Hunt, Inc.","meadhunt.com"
"denver","Mill City Environmental Corp.","millcityenv.com"
"denver","Mortenson Construction","mortenson.com"
"denver","MPS Engineering and Construction","mpsgc.com"
"denver","OK2 Construction LCC","ok2construction.com"
"denver","Pond &amp; Company","pondco.com"
"denver","R2P","r2pdoors.com"
"denver","Raymond Engineering-Georgia, Inc.","raymond.global"
"denver","S&amp;ME, Inc.","smeinc.com"
"denver","SDR","gosdr.com"
"denver","Seres","seres-es.com"
"denver","Siemens Industries, Inc.","new.siemens.com"
"denver","Stantec, Inc.","stantec.com"
"denver","Terracon Consultants, Inc.","terracon.com"
"denver","Tetra Tech, Inc.","tetratech.com"
"denver","Thomas &amp; Hutton Engineering Co.","thomasandhutton.com"
"denver","Thunderbird-HRP JV, LLC","hrpassociates.com"
"denver","The Whiting-Turner Contracting Company","whiting-turner.com"
"denver","W. M. Jordan Company, Inc.","wmjordan.com"
"denver","Weston Solutions, Inc.","westonsolutions.com"
"denver","Wood","woodgroup.com"
"denver","Woolpert, Inc.","woolpert.com"
"denver","Zapata Group","zapatainc.com"
"denver","2026 SBC","samesbc.org"
"denver","2026 Capital Week","samecapweek.org"
"pikes-peak","ADC Engineering","adcengineering.com"
"pikes-peak","AECOM","aecom.com"
"pikes-peak","ARCADIS, U.S., Inc","arcadis.com"
"pikes-peak","Barge Design Solutions, Inc.","bargedesign.com"
"pikes-peak","Bear Steele Global, Ltd. Co.","bearsteele.com"
"pikes-peak","Black &amp; Veatch Special Projects Corp.","bv.com"
"pikes-peak","Blue Cypress Consulting","bluecypress-consulting.com"
"pikes-peak","Burns &amp; McDonnell","burnsmcd.com"
"pikes-peak","C.R. HIPP CONSTRUCTION INC","crhippconstruction.com"
"pikes-peak","Catawba Engineering &amp; Environmental Services","catawbacorps.com"
"pikes-peak","CEMS Engineering","cems-ae.com"
"pikes-peak","CMB Services, Inc.","cmbbuild.com"
"pikes-peak","Collins Engineers Inc.","collinsengr.com"
"pikes-peak","Constantine Engineering Associates, LLC","constantineengineering.com"
"pikes-peak","CTI and Associates, Inc.","cticompanies.com"
"pikes-peak","Edwards-Pitman Environmental, Inc","edwards-pitman.com"
"pikes-peak","EnSafe Inc.","ensafe.com"
"pikes-peak","FORTA Corporation","forta-ferro.com"
"pikes-peak","Gator Engineering &amp; Aquifer Restoration, Inc.","gearengineer.com"
"pikes-peak","GEL Laboratories","gel.com"
"pikes-peak","GeoStabilization International","geostabilization.com"
"pikes-peak","GHD Inc.","ghd.com"
"pikes-peak","Hana Engineers and Consultants, LLC","hanaengineers.com"
"pikes-peak","HDR","hdrinc.com"
"pikes-peak","Heritage Environmental Services, LLC","heritage-enviro.com"
"pikes-peak","K-Con Inc.","kconinc.com"
"pikes-peak","LBE, Inc.","lbeeng.com"
"pikes-peak","Leidos","leidos.com"
"pikes-peak","LJB Inc.","ljbinc.com"
"pikes-peak","Mahorsky Group, Inc.","mahorskygroup.com"
"pikes-peak","Mattern &amp; Craig","matternandcraig.com"
"pikes-peak","MBP","mbpce.com"
"pikes-peak","McKim &amp; Creed Inc.","mckimcreed.com"
"pikes-peak","Mead &amp; Hunt, Inc.","meadhunt.com"
"pikes-peak","Mill City Environmental Corp.","millcityenv.com"
"pikes-peak","Mortenson Construction","mortenson.com"
"pikes-peak","MPS Engineering and Construction","mpsgc.com"
"pikes-peak","OK2 Construction LCC","ok2construction.com"
"pikes-peak","Pond &amp; Company","pondco.com"
"pikes-peak","R2P","r2pdoors.com"
"pikes-peak","Raymond Engineering-Georgia, Inc.","raymond.global"
"pikes-peak","S&amp;ME, Inc.","smeinc.com"
"pikes-peak","SDR","gosdr.com"
"pikes-peak","Seres","seres-es.com"
"pikes-peak","Siemens Industries, Inc.","new.siemens.com"
"pikes-peak","Stantec, Inc.","stantec.com"
"pikes-peak","Terracon Consultants, Inc.","terracon.com"
"pikes-peak","Tetra Tech, Inc.","tetratech.com"
"pikes-peak","Thomas &amp; Hutton Engineering Co.","thomasandhutton.com"
"pikes-peak","Thunderbird-HRP JV, LLC","hrpassociates.com"
"pikes-peak","The Whiting-Turner Contracting Company","whiting-turner.com"
"pikes-peak","W. M. Jordan Company, Inc.","wmjordan.com"
"pikes-peak","Weston Solutions, Inc.","westonsolutions.com"
"pikes-peak","Wood","woodgroup.com"
"pikes-peak","Woolpert, Inc.","woolpert.com"
"pikes-peak","Zapata Group","zapatainc.com"
"pikes-peak","2026 SBC","samesbc.org"
"pikes-peak","2026 Capital Week","samecapweek.org"
"dcpost","ADC Engineering","adcengineering.com"
"dcpost","AECOM","aecom.com"
"dcpost","ARCADIS, U.S., Inc","arcadis.com"
"dcpost","Barge Design Solutions, Inc.","bargedesign.com"
"dcpost","Bear Steele Global, Ltd. Co.","bearsteele.com"
"dcpost","Black &amp; Veatch Special Projects Corp.","bv.com"
"dcpost","Blue Cypress Consulting","bluecypress-consulting.com"
"dcpost","Burns &amp; McDonnell","burnsmcd.com"
"dcpost","C.R. HIPP CONSTRUCTION INC","crhippconstruction.com"
"dcpost","Catawba Engineering &amp; Environmental Services","catawbacorps.com"
"dcpost","CEMS Engineering","cems-ae.com"
"dcpost","CMB Services, Inc.","cmbbuild.com"
"dcpost","Collins Engineers Inc.","collinsengr.com"
"dcpost","Constantine Engineering Associates, LLC","constantineengineering.com"
"dcpost","CTI and Associates, Inc.","cticompanies.com"
"dcpost","Edwards-Pitman Environmental, Inc","edwards-pitman.com"
"dcpost","EnSafe Inc.","ensafe.com"
"dcpost","FORTA Corporation","forta-ferro.com"
"dcpost","Gator Engineering &amp; Aquifer Restoration, Inc.","gearengineer.com"
"dcpost","GEL Laboratories","gel.com"
"dcpost","GeoStabilization International","geostabilization.com"
"dcpost","GHD Inc.","ghd.com"
"dcpost","Hana Engineers and Consultants, LLC","hanaengineers.com"
"dcpost","HDR","hdrinc.com"
"dcpost","Heritage Environmental Services, LLC","heritage-enviro.com"
"dcpost","K-Con Inc.","kconinc.com"
"dcpost","LBE, Inc.","lbeeng.com"
"dcpost","Leidos","leidos.com"
"dcpost","LJB Inc.","ljbinc.com"
"dcpost","Mahorsky Group, Inc.","mahorskygroup.com"
"dcpost","Mattern &amp; Craig","matternandcraig.com"
"dcpost","MBP","mbpce.com"
"dcpost","McKim &amp; Creed Inc.","mckimcreed.com"
"dcpost","Mead &amp; Hunt, Inc.","meadhunt.com"
"dcpost","Mill City Environmental Corp.","millcityenv.com"
"dcpost","Mortenson Construction","mortenson.com"
"dcpost","MPS Engineering and Construction","mpsgc.com"
"dcpost","OK2 Construction LCC","ok2construction.com"
"dcpost","Pond &amp; Company","pondco.com"
"dcpost","R2P","r2pdoors.com"
"dcpost","Raymond Engineering-Georgia, Inc.","raymond.global"
"dcpost","S&amp;ME, Inc.","smeinc.com"
"dcpost","SDR","gosdr.com"
"dcpost","Seres","seres-es.com"
"dcpost","Siemens Industries, Inc.","new.siemens.com"
"dcpost","Stantec, Inc.","stantec.com"
"dcpost","Terracon Consultants, Inc.","terracon.com"
"dcpost","Tetra Tech, Inc.","tetratech.com"
"dcpost","Thomas &amp; Hutton Engineering Co.","thomasandhutton.com"
"dcpost","Thunderbird-HRP JV, LLC","hrpassociates.com"
"dcpost","The Whiting-Turner Contracting Company","whiting-turner.com"
"dcpost","W. M. Jordan Company, Inc.","wmjordan.com"
"dcpost","Weston Solutions, Inc.","westonsolutions.com"
"dcpost","Wood","woodgroup.com"
"dcpost","Woolpert, Inc.","woolpert.com"
"dcpost","Zapata Group","zapatainc.com"
"dcpost","2026 SBC","samesbc.org"
"dcpost","2026 Capital Week","samecapweek.org"
"ec","ADC Engineering","adcengineering.com"
"ec","AECOM","aecom.com"
"ec","ARCADIS, U.S., Inc","arcadis.com"
"ec","Barge Design Solutions, Inc.","bargedesign.com"
"ec","Bear Steele Global, Ltd. Co.","bearsteele.com"
"ec","Black &amp; Veatch Special Projects Corp.","bv.com"
"ec","Blue Cypress Consulting","bluecypress-consulting.com"
"ec","Burns &amp; McDonnell","burnsmcd.com"
"ec","C.R. HIPP CONSTRUCTION INC","crhippconstruction.com"
"ec","Catawba Engineering &amp; Environmental Services","catawbacorps.com"
"ec","CEMS Engineering","cems-ae.com"
"ec","CMB Services, Inc.","cmbbuild.com"
"ec","Collins Engineers Inc.","collinsengr.com"
"ec","Constantine Engineering Associates, LLC","constantineengineering.com"
"ec","CTI and Associates, Inc.","cticompanies.com"
"ec","Edwards-Pitman Environmental, Inc","edwards-pitman.com"
"ec","EnSafe Inc.","ensafe.com"
"ec","FORTA Corporation","forta-ferro.com"
"ec","Gator Engineering &amp; Aquifer Restoration, Inc.","gearengineer.com"
"ec","GEL Laboratories","gel.com"
"ec","GeoStabilization International","geostabilization.com"
"ec","GHD Inc.","ghd.com"
"ec","Hana Engineers and Consultants, LLC","hanaengineers.com"
"ec","HDR","hdrinc.com"
"ec","Heritage Environmental Services, LLC","heritage-enviro.com"
"ec","K-Con Inc.","kconinc.com"
"ec","LBE, Inc.","lbeeng.com"
"ec","Leidos","leidos.com"
"ec","LJB Inc.","ljbinc.com"
"ec","Mahorsky Group, Inc.","mahorskygroup.com"
"ec","Mattern &amp; Craig","matternandcraig.com"
"ec","MBP","mbpce.com"
"ec","McKim &amp; Creed Inc.","mckimcreed.com"
"ec","Mead &amp; Hunt, Inc.","meadhunt.com"
"ec","Mill City Environmental Corp.","millcityenv.com"
"ec","Mortenson Construction","mortenson.com"
"ec","MPS Engineering and Construction","mpsgc.com"
"ec","OK2 Construction LCC","ok2construction.com"
"ec","Pond &amp; Company","pondco.com"
"ec","R2P","r2pdoors.com"
"ec","Raymond Engineering-Georgia, Inc.","raymond.global"
"ec","S&amp;ME, Inc.","smeinc.com"
"ec","SDR","gosdr.com"
"ec","Seres","seres-es.com"
"ec","Siemens Industries, Inc.","new.siemens.com"
"ec","Stantec, Inc.","stantec.com"
"ec","Terracon Consultants, Inc.","terracon.com"
"ec","Tetra Tech, Inc.","tetratech.com"
"ec","Thomas &amp; Hutton Engineering Co.","thomasandhutton.com"
"ec","Thunderbird-HRP JV, LLC","hrpassociates.com"
"ec","The Whiting-Turner Contracting Company","whiting-turner.com"
"ec","W. M. Jordan Company, Inc.","wmjordan.com"
"ec","Weston Solutions, Inc.","westonsolutions.com"
"ec","Wood","woodgroup.com"
"ec","Woolpert, Inc.","woolpert.com"
"ec","Zapata Group","zapatainc.com"
"ec","2026 SBC","samesbc.org"
"ec","2026 Capital Week","samecapweek.org"
"panamacity","ADC Engineering","adcengineering.com"
"panamacity","AECOM","aecom.com"
"panamacity","ARCADIS, U.S., Inc","arcadis.com"
"panamacity","Barge Design Solutions, Inc.","bargedesign.com"
"panamacity","Bear Steele Global, Ltd. Co.","bearsteele.com"
"panamacity","Black &amp; Veatch Special Projects Corp.","bv.com"
"panamacity","Blue Cypress Consulting","bluecypress-consulting.com"
"panamacity","Burns &amp; McDonnell","burnsmcd.com"
"panamacity","C.R. HIPP CONSTRUCTION INC","crhippconstruction.com"
"panamacity","Catawba Engineering &amp; Environmental Services","catawbacorps.com"
"panamacity","CEMS Engineering","cems-ae.com"
"panamacity","CMB Services, Inc.","cmbbuild.com"
"panamacity","Collins Engineers Inc.","collinsengr.com"
"panamacity","Constantine Engineering Associates, LLC","constantineengineering.com"
"panamacity","CTI and Associates, Inc.","cticompanies.com"
"panamacity","Edwards-Pitman Environmental, Inc","edwards-pitman.com"
"panamacity","EnSafe Inc.","ensafe.com"
"panamacity","FORTA Corporation","forta-ferro.com"
"panamacity","Gator Engineering &amp; Aquifer Restoration, Inc.","gearengineer.com"
"panamacity","GEL Laboratories","gel.com"
"panamacity","GeoStabilization International","geostabilization.com"
"panamacity","GHD Inc.","ghd.com"
"panamacity","Hana Engineers and Consultants, LLC","hanaengineers.com"
"panamacity","HDR","hdrinc.com"
"panamacity","Heritage Environmental Services, LLC","heritage-enviro.com"
"panamacity","K-Con Inc.","kconinc.com"
"panamacity","LBE, Inc.","lbeeng.com"
"panamacity","Leidos","leidos.com"
"panamacity","LJB Inc.","ljbinc.com"
"panamacity","Mahorsky Group, Inc.","mahorskygroup.com"
"panamacity","Mattern &amp; Craig","matternandcraig.com"
"panamacity","MBP","mbpce.com"
"panamacity","McKim &amp; Creed Inc.","mckimcreed.com"
"panamacity","Mead &amp; Hunt, Inc.","meadhunt.com"
"panamacity","Mill City Environmental Corp.","millcityenv.com"
"panamacity","Mortenson Construction","mortenson.com"
"panamacity","MPS Engineering and Construction","mpsgc.com"
"panamacity","OK2 Construction LCC","ok2construction.com"
"panamacity","Pond &amp; Company","pondco.com"
"panamacity","R2P","r2pdoors.com"
"panamacity","Raymond Engineering-Georgia, Inc.","raymond.global"
"panamacity","S&amp;ME, Inc.","smeinc.com"
"panamacity","SDR","gosdr.com"
"panamacity","Seres","seres-es.com"
"panamacity","Siemens Industries, Inc.","new.siemens.com"
"panamacity","Stantec, Inc.","stantec.com"
"panamacity","Terracon Consultants, Inc.","terracon.com"
"panamacity","Tetra Tech, Inc.","tetratech.com"
"panamacity","Thomas &amp; Hutton Engineering Co.","thomasandhutton.com"
"panamacity","Thunderbird-HRP JV, LLC","hrpassociates.com"
"panamacity","The Whiting-Turner Contracting Company","whiting-turner.com"
"panamacity","W. M. Jordan Company, Inc.","wmjordan.com"
"panamacity","Weston Solutions, Inc.","westonsolutions.com"
"panamacity","Wood","woodgroup.com"
"panamacity","Woolpert, Inc.","woolpert.com"
"panamacity","Zapata Group","zapatainc.com"
"panamacity","2026 SBC","samesbc.org"
"panamacity","2026 Capital Week","samecapweek.org"
"pensacola","ADC Engineering","adcengineering.com"
"pensacola","AECOM","aecom.com"
"pensacola","ARCADIS, U.S., Inc","arcadis.com"
"pensacola","Barge Design Solutions, Inc.","bargedesign.com"
"pensacola","Bear Steele Global, Ltd. Co.","bearsteele.com"
"pensacola","Black &amp; Veatch Special Projects Corp.","bv.com"
"pensacola","Blue Cypress Consulting","bluecypress-consulting.com"
"pensacola","Burns &amp; McDonnell","burnsmcd.com"
"pensacola","C.R. HIPP CONSTRUCTION INC","crhippconstruction.com"
"pensacola","Catawba Engineering &amp; Environmental Services","catawbacorps.com"
"pensacola","CEMS Engineering","cems-ae.com"
"pensacola","CMB Services, Inc.","cmbbuild.com"
"pensacola","Collins Engineers Inc.","collinsengr.com"
"pensacola","Constantine Engineering Associates, LLC","constantineengineering.com"
"pensacola","CTI and Associates, Inc.","cticompanies.com"
"pensacola","Edwards-Pitman Environmental, Inc","edwards-pitman.com"
"pensacola","EnSafe Inc.","ensafe.com"
"pensacola","FORTA Corporation","forta-ferro.com"
"pensacola","Gator Engineering &amp; Aquifer Restoration, Inc.","gearengineer.com"
"pensacola","GEL Laboratories","gel.com"
"pensacola","GeoStabilization International","geostabilization.com"
"pensacola","GHD Inc.","ghd.com"
"pensacola","Hana Engineers and Consultants, LLC","hanaengineers.com"
"pensacola","HDR","hdrinc.com"
"pensacola","Heritage Environmental Services, LLC","heritage-enviro.com"
"pensacola","K-Con Inc.","kconinc.com"
"pensacola","LBE, Inc.","lbeeng.com"
"pensacola","Leidos","leidos.com"
"pensacola","LJB Inc.","ljbinc.com"
"pensacola","Mahorsky Group, Inc.","mahorskygroup.com"
"pensacola","Mattern &amp; Craig","matternandcraig.com"
"pensacola","MBP","mbpce.com"
"pensacola","McKim &amp; Creed Inc.","mckimcreed.com"
"pensacola","Mead &amp; Hunt, Inc.","meadhunt.com"
"pensacola","Mill City Environmental Corp.","millcityenv.com"
"pensacola","Mortenson Construction","mortenson.com"
"pensacola","MPS Engineering and Construction","mpsgc.com"
"pensacola","OK2 Construction LCC","ok2construction.com"
"pensacola","Pond &amp; Company","pondco.com"
"pensacola","R2P","r2pdoors.com"
"pensacola","Raymond Engineering-Georgia, Inc.","raymond.global"
"pensacola","S&amp;ME, Inc.","smeinc.com"
"pensacola","SDR","gosdr.com"
"pensacola","Seres","seres-es.com"
"pensacola","Siemens Industries, Inc.","new.siemens.com"
"pensacola","Stantec, Inc.","stantec.com"
"pensacola","Terracon Consultants, Inc.","terracon.com"
"pensacola","Tetra Tech, Inc.","tetratech.com"
"pensacola","Thomas &amp; Hutton Engineering Co.","thomasandhutton.com"
"pensacola","Thunderbird-HRP JV, LLC","hrpassociates.com"
"pensacola","The Whiting-Turner Contracting Company","whiting-turner.com"
"pensacola","W. M. Jordan Company, Inc.","wmjordan.com"
"pensacola","Weston Solutions, Inc.","westonsolutions.com"
"pensacola","Wood","woodgroup.com"
"pensacola","Woolpert, Inc.","woolpert.com"
"pensacola","Zapata Group","zapatainc.com"
"pensacola","2026 SBC","samesbc.org"
"pensacola","2026 Capital Week","samecapweek.org"
"miami","ADC Engineering","adcengineering.com"
"miami","AECOM","aecom.com"
"miami","ARCADIS, U.S., Inc","arcadis.com"
"miami","Barge Design Solutions, Inc.","bargedesign.com"
"miami","Bear Steele Global, Ltd. Co.","bearsteele.com"
"miami","Black &amp; Veatch Special Projects Corp.","bv.com"
"miami","Blue Cypress Consulting","bluecypress-consulting.com"
"miami","Burns &amp; McDonnell","burnsmcd.com"
"miami","C.R. HIPP CONSTRUCTION INC","crhippconstruction.com"
"miami","Catawba Engineering &amp; Environmental Services","catawbacorps.com"
"miami","CEMS Engineering","cems-ae.com"
"miami","CMB Services, Inc.","cmbbuild.com"
"miami","Collins Engineers Inc.","collinsengr.com"
"miami","Constantine Engineering Associates, LLC","constantineengineering.com"
"miami","CTI and Associates, Inc.","cticompanies.com"
"miami","Edwards-Pitman Environmental, Inc","edwards-pitman.com"
"miami","EnSafe Inc.","ensafe.com"
"miami","FORTA Corporation","forta-ferro.com"
"miami","Gator Engineering &amp; Aquifer Restoration, Inc.","gearengineer.com"
"miami","GEL Laboratories","gel.com"
"miami","GeoStabilization International","geostabilization.com"
"miami","GHD Inc.","ghd.com"
"miami","Hana Engineers and Consultants, LLC","hanaengineers.com"
"miami","HDR","hdrinc.com"
"miami","Heritage Environmental Services, LLC","heritage-enviro.com"
"miami","K-Con Inc.","kconinc.com"
"miami","LBE, Inc.","lbeeng.com"
"miami","Leidos","leidos.com"
"miami","LJB Inc.","ljbinc.com"
"miami","Mahorsky Group, Inc.","mahorskygroup.com"
"miami","Mattern &amp; Craig","matternandcraig.com"
"miami","MBP","mbpce.com"
"miami","McKim &amp; Creed Inc.","mckimcreed.com"
"miami","Mead &amp; Hunt, Inc.","meadhunt.com"
"miami","Mill City Environmental Corp.","millcityenv.com"
"miami","Mortenson Construction","mortenson.com"
"miami","MPS Engineering and Construction","mpsgc.com"
"miami","OK2 Construction LCC","ok2construction.com"
"miami","Pond &amp; Company","pondco.com"
"miami","R2P","r2pdoors.com"
"miami","Raymond Engineering-Georgia, Inc.","raymond.global"
"miami","S&amp;ME, Inc.","smeinc.com"
"miami","SDR","gosdr.com"
"miami","Seres","seres-es.com"
"miami","Siemens Industries, Inc.","new.siemens.com"
"miami","Stantec, Inc.","stantec.com"
"miami","Terracon Consultants, Inc.","terracon.com"
"miami","Tetra Tech, Inc.","tetratech.com"
"miami","Thomas &amp; Hutton Engineering Co.","thomasandhutton.com"
"miami","Thunderbird-HRP JV, LLC","hrpassociates.com"
"miami","The Whiting-Turner Contracting Company","whiting-turner.com"
"miami","W. M. Jordan Company, Inc.","wmjordan.com"
"miami","Weston Solutions, Inc.","westonsolutions.com"
"miami","Wood","woodgroup.com"
"miami","Woolpert, Inc.","woolpert.com"
"miami","Zapata Group","zapatainc.com"
"miami","2026 SBC","samesbc.org"
"miami","2026 Capital Week","samecapweek.org"
"honolulu","ADC Engineering","adcengineering.com"
"honolulu","AECOM","aecom.com"
"honolulu","ARCADIS, U.S., Inc","arcadis.com"
"honolulu","Barge Design Solutions, Inc.","bargedesign.com"
"honolulu","Bear Steele Global, Ltd. Co.","bearsteele.com"
"honolulu","Black &amp; Veatch Special Projects Corp.","bv.com"
"honolulu","Blue Cypress Consulting","bluecypress-consulting.com"
"honolulu","Burns &amp; McDonnell","burnsmcd.com"
"honolulu","C.R. HIPP CONSTRUCTION INC","crhippconstruction.com"
"honolulu","Catawba Engineering &amp; Environmental Services","catawbacorps.com"
"honolulu","CEMS Engineering","cems-ae.com"
"honolulu","CMB Services, Inc.","cmbbuild.com"
"honolulu","Collins Engineers Inc.","collinsengr.com"
"honolulu","Constantine Engineering Associates, LLC","constantineengineering.com"
"honolulu","CTI and Associates, Inc.","cticompanies.com"
"honolulu","Edwards-Pitman Environmental, Inc","edwards-pitman.com"
"honolulu","EnSafe Inc.","ensafe.com"
"honolulu","FORTA Corporation","forta-ferro.com"
"honolulu","Gator Engineering &amp; Aquifer Restoration, Inc.","gearengineer.com"
"honolulu","GEL Laboratories","gel.com"
"honolulu","GeoStabilization International","geostabilization.com"
"honolulu","GHD Inc.","ghd.com"
"honolulu","Hana Engineers and Consultants, LLC","hanaengineers.com"
"honolulu","HDR","hdrinc.com"
"honolulu","Heritage Environmental Services, LLC","heritage-enviro.com"
"honolulu","K-Con Inc.","kconinc.com"
"honolulu","LBE, Inc.","lbeeng.com"
"honolulu","Leidos","leidos.com"
"honolulu","LJB Inc.","ljbinc.com"
"honolulu","Mahorsky Group, Inc.","mahorskygroup.com"
"honolulu","Mattern &amp; Craig","matternandcraig.com"
"honolulu","MBP","mbpce.com"
"honolulu","McKim &amp; Creed Inc.","mckimcreed.com"
"honolulu","Mead &amp; Hunt, Inc.","meadhunt.com"
"honolulu","Mill City Environmental Corp.","millcityenv.com"
"honolulu","Mortenson Construction","mortenson.com"
"honolulu","MPS Engineering and Construction","mpsgc.com"
"honolulu","OK2 Construction LCC","ok2construction.com"
"honolulu","Pond &amp; Company","pondco.com"
"honolulu","R2P","r2pdoors.com"
"honolulu","Raymond Engineering-Georgia, Inc.","raymond.global"
"honolulu","S&amp;ME, Inc.","smeinc.com"
"honolulu","SDR","gosdr.com"
"honolulu","Seres","seres-es.com"
"honolulu","Siemens Industries, Inc.","new.siemens.com"
"honolulu","Stantec, Inc.","stantec.com"
"honolulu","Terracon Consultants, Inc.","terracon.com"
"honolulu","Tetra Tech, Inc.","tetratech.com"
"honolulu","Thomas &amp; Hutton Engineering Co.","thomasandhutton.com"
"honolulu","Thunderbird-HRP JV, LLC","hrpassociates.com"
"honolulu","The Whiting-Turner Contracting Company","whiting-turner.com"
"honolulu","W. M. Jordan Company, Inc.","wmjordan.com"
"honolulu","Weston Solutions, Inc.","westonsolutions.com"
"honolulu","Wood","woodgroup.com"
"honolulu","Woolpert, Inc.","woolpert.com"
"honolulu","Zapata Group","zapatainc.com"
"honolulu","2026 SBC","samesbc.org"
"honolulu","2026 Capital Week","samecapweek.org"
"gemstate","ADC Engineering","adcengineering.com"
"gemstate","AECOM","aecom.com"
"gemstate","ARCADIS, U.S., Inc","arcadis.com"
"gemstate","Barge Design Solutions, Inc.","bargedesign.com"
"gemstate","Bear Steele Global, Ltd. Co.","bearsteele.com"
"gemstate","Black &amp; Veatch Special Projects Corp.","bv.com"
"gemstate","Blue Cypress Consulting","bluecypress-consulting.com"
"gemstate","Burns &amp; McDonnell","burnsmcd.com"
"gemstate","C.R. HIPP CONSTRUCTION INC","crhippconstruction.com"
"gemstate","Catawba Engineering &amp; Environmental Services","catawbacorps.com"
"gemstate","CEMS Engineering","cems-ae.com"
"gemstate","CMB Services, Inc.","cmbbuild.com"
"gemstate","Collins Engineers Inc.","collinsengr.com"
"gemstate","Constantine Engineering Associates, LLC","constantineengineering.com"
"gemstate","CTI and Associates, Inc.","cticompanies.com"
"gemstate","Edwards-Pitman Environmental, Inc","edwards-pitman.com"
"gemstate","EnSafe Inc.","ensafe.com"
"gemstate","FORTA Corporation","forta-ferro.com"
"gemstate","Gator Engineering &amp; Aquifer Restoration, Inc.","gearengineer.com"
"gemstate","GEL Laboratories","gel.com"
"gemstate","GeoStabilization International","geostabilization.com"
"gemstate","GHD Inc.","ghd.com"
"gemstate","Hana Engineers and Consultants, LLC","hanaengineers.com"
"gemstate","HDR","hdrinc.com"
"gemstate","Heritage Environmental Services, LLC","heritage-enviro.com"
"gemstate","K-Con Inc.","kconinc.com"
"gemstate","LBE, Inc.","lbeeng.com"
"gemstate","Leidos","leidos.com"
"gemstate","LJB Inc.","ljbinc.com"
"gemstate","Mahorsky Group, Inc.","mahorskygroup.com"
"gemstate","Mattern &amp; Craig","matternandcraig.com"
"gemstate","MBP","mbpce.com"
"gemstate","McKim &amp; Creed Inc.","mckimcreed.com"
"gemstate","Mead &amp; Hunt, Inc.","meadhunt.com"
"gemstate","Mill City Environmental Corp.","millcityenv.com"
"gemstate","Mortenson Construction","mortenson.com"
"gemstate","MPS Engineering and Construction","mpsgc.com"
"gemstate","OK2 Construction LCC","ok2construction.com"
"gemstate","Pond &amp; Company","pondco.com"
"gemstate","R2P","r2pdoors.com"
"gemstate","Raymond Engineering-Georgia, Inc.","raymond.global"
"gemstate","S&amp;ME, Inc.","smeinc.com"
"gemstate","SDR","gosdr.com"
"gemstate","Seres","seres-es.com"
"gemstate","Siemens Industries, Inc.","new.siemens.com"
"gemstate","Stantec, Inc.","stantec.com"
"gemstate","Terracon Consultants, Inc.","terracon.com"
"gemstate","Tetra Tech, Inc.","tetratech.com"
"gemstate","Thomas &amp; Hutton Engineering Co.","thomasandhutton.com"
"gemstate","Thunderbird-HRP JV, LLC","hrpassociates.com"
"gemstate","The Whiting-Turner Contracting Company","whiting-turner.com"
"gemstate","W. M. Jordan Company, Inc.","wmjordan.com"
"gemstate","Weston Solutions, Inc.","westonsolutions.com"
"gemstate","Wood","woodgroup.com"
"gemstate","Woolpert, Inc.","woolpert.com"
"gemstate","Zapata Group","zapatainc.com"
"gemstate","2026 SBC","samesbc.org"
"gemstate","2026 Capital Week","samecapweek.org"
"illini","ADC Engineering","adcengineering.com"
"illini","AECOM","aecom.com"
"illini","ARCADIS, U.S., Inc","arcadis.com"
"illini","Barge Design Solutions, Inc.","bargedesign.com"
"illini","Bear Steele Global, Ltd. Co.","bearsteele.com"
"illini","Black &amp; Veatch Special Projects Corp.","bv.com"
"illini","Blue Cypress Consulting","bluecypress-consulting.com"
"illini","Burns &amp; McDonnell","burnsmcd.com"
"illini","C.R. HIPP CONSTRUCTION INC","crhippconstruction.com"
"illini","Catawba Engineering &amp; Environmental Services","catawbacorps.com"
"illini","CEMS Engineering","cems-ae.com"
"illini","CMB Services, Inc.","cmbbuild.com"
"illini","Collins Engineers Inc.","collinsengr.com"
"illini","Constantine Engineering Associates, LLC","constantineengineering.com"
"illini","CTI and Associates, Inc.","cticompanies.com"
"illini","Edwards-Pitman Environmental, Inc","edwards-pitman.com"
"illini","EnSafe Inc.","ensafe.com"
"illini","FORTA Corporation","forta-ferro.com"
"illini","Gator Engineering &amp; Aquifer Restoration, Inc.","gearengineer.com"
"illini","GEL Laboratories","gel.com"
"illini","GeoStabilization International","geostabilization.com"
"illini","GHD Inc.","ghd.com"
"illini","Hana Engineers and Consultants, LLC","hanaengineers.com"
"illini","HDR","hdrinc.com"
"illini","Heritage Environmental Services, LLC","heritage-enviro.com"
"illini","K-Con Inc.","kconinc.com"
"illini","LBE, Inc.","lbeeng.com"
"illini","Leidos","leidos.com"
"illini","LJB Inc.","ljbinc.com"
"illini","Mahorsky Group, Inc.","mahorskygroup.com"
"illini","Mattern &amp; Craig","matternandcraig.com"
"illini","MBP","mbpce.com"
"illini","McKim &amp; Creed Inc.","mckimcreed.com"
"illini","Mead &amp; Hunt, Inc.","meadhunt.com"
"illini","Mill City Environmental Corp.","millcityenv.com"
"illini","Mortenson Construction","mortenson.com"
"illini","MPS Engineering and Construction","mpsgc.com"
"illini","OK2 Construction LCC","ok2construction.com"
"illini","Pond &amp; Company","pondco.com"
"illini","R2P","r2pdoors.com"
"illini","Raymond Engineering-Georgia, Inc.","raymond.global"
"illini","S&amp;ME, Inc.","smeinc.com"
"illini","SDR","gosdr.com"
"illini","Seres","seres-es.com"
"illini","Siemens Industries, Inc.","new.siemens.com"
"illini","Stantec, Inc.","stantec.com"
"illini","Terracon Consultants, Inc.","terracon.com"
"illini","Tetra Tech, Inc.","tetratech.com"
"illini","Thomas &amp; Hutton Engineering Co.","thomasandhutton.com"
"illini","Thunderbird-HRP JV, LLC","hrpassociates.com"
"illini","The Whiting-Turner Contracting Company","whiting-turner.com"
"illini","W. M. Jordan Company, Inc.","wmjordan.com"
"illini","Weston Solutions, Inc.","westonsolutions.com"
"illini","Wood","woodgroup.com"
"illini","Woolpert, Inc.","woolpert.com"
"illini","Zapata Group","zapatainc.com"
"illini","2026 SBC","samesbc.org"
"illini","2026 Capital Week","samecapweek.org"
"lakemichigan","ADC Engineering","adcengineering.com"
"lakemichigan","AECOM","aecom.com"
"lakemichigan","ARCADIS, U.S., Inc","arcadis.com"
"lakemichigan","Barge Design Solutions, Inc.","bargedesign.com"
"lakemichigan","Bear Steele Global, Ltd. Co.","bearsteele.com"
"lakemichigan","Black &amp; Veatch Special Projects Corp.","bv.com"
"lakemichigan","Blue Cypress Consulting","bluecypress-consulting.com"
"lakemichigan","Burns &amp; McDonnell","burnsmcd.com"
"lakemichigan","C.R. HIPP CONSTRUCTION INC","crhippconstruction.com"
"lakemichigan","Catawba Engineering &amp; Environmental Services","catawbacorps.com"
"lakemichigan","CEMS Engineering","cems-ae.com"
"lakemichigan","CMB Services, Inc.","cmbbuild.com"
"lakemichigan","Collins Engineers Inc.","collinsengr.com"
"lakemichigan","Constantine Engineering Associates, LLC","constantineengineering.com"
"lakemichigan","CTI and Associates, Inc.","cticompanies.com"
"lakemichigan","Edwards-Pitman Environmental, Inc","edwards-pitman.com"
"lakemichigan","EnSafe Inc.","ensafe.com"
"lakemichigan","FORTA Corporation","forta-ferro.com"
"lakemichigan","Gator Engineering &amp; Aquifer Restoration, Inc.","gearengineer.com"
"lakemichigan","GEL Laboratories","gel.com"
"lakemichigan","GeoStabilization International","geostabilization.com"
"lakemichigan","GHD Inc.","ghd.com"
"lakemichigan","Hana Engineers and Consultants, LLC","hanaengineers.com"
"lakemichigan","HDR","hdrinc.com"
"lakemichigan","Heritage Environmental Services, LLC","heritage-enviro.com"
"lakemichigan","K-Con Inc.","kconinc.com"
"lakemichigan","LBE, Inc.","lbeeng.com"
"lakemichigan","Leidos","leidos.com"
"lakemichigan","LJB Inc.","ljbinc.com"
"lakemichigan","Mahorsky Group, Inc.","mahorskygroup.com"
"lakemichigan","Mattern &amp; Craig","matternandcraig.com"
"lakemichigan","MBP","mbpce.com"
"lakemichigan","McKim &amp; Creed Inc.","mckimcreed.com"
"lakemichigan","Mead &amp; Hunt, Inc.","meadhunt.com"
"lakemichigan","Mill City Environmental Corp.","millcityenv.com"
"lakemichigan","Mortenson Construction","mortenson.com"
"lakemichigan","MPS Engineering and Construction","mpsgc.com"
"lakemichigan","OK2 Construction LCC","ok2construction.com"
"lakemichigan","Pond &amp; Company","pondco.com"
"lakemichigan","R2P","r2pdoors.com"
"lakemichigan","Raymond Engineering-Georgia, Inc.","raymond.global"
"lakemichigan","S&amp;ME, Inc.","smeinc.com"
"lakemichigan","SDR","gosdr.com"
"lakemichigan","Seres","seres-es.com"
"lakemichigan","Siemens Industries, Inc.","new.siemens.com"
"lakemichigan","Stantec, Inc.","stantec.com"
"lakemichigan","Terracon Consultants, Inc.","terracon.com"
"lakemichigan","Tetra Tech, Inc.","tetratech.com"
"lakemichigan","Thomas &amp; Hutton Engineering Co.","thomasandhutton.com"
"lakemichigan","Thunderbird-HRP JV, LLC","hrpassociates.com"
"lakemichigan","The Whiting-Turner Contracting Company","whiting-turner.com"
"lakemichigan","W. M. Jordan Company, Inc.","wmjordan.com"
"lakemichigan","Weston Solutions, Inc.","westonsolutions.com"
"lakemichigan","Wood","woodgroup.com"
"lakemichigan","Woolpert, Inc.","woolpert.com"
"lakemichigan","Zapata Group","zapatainc.com"
"lakemichigan","2026 SBC","samesbc.org"
"lakemichigan","2026 Capital Week","samecapweek.org"
"rockisland","ADC Engineering","adcengineering.com"
"rockisland","AECOM","aecom.com"
"rockisland","ARCADIS, U.S., Inc","arcadis.com"
"rockisland","Barge Design Solutions, Inc.","bargedesign.com"
"rockisland","Bear Steele Global, Ltd. Co.","bearsteele.com"
"rockisland","Black &amp; Veatch Special Projects Corp.","bv.com"
"rockisland","Blue Cypress Consulting","bluecypress-consulting.com"
"rockisland","Burns &amp; McDonnell","burnsmcd.com"
"rockisland","C.R. HIPP CONSTRUCTION INC","crhippconstruction.com"
"rockisland","Catawba Engineering &amp; Environmental Services","catawbacorps.com"
"rockisland","CEMS Engineering","cems-ae.com"
"rockisland","CMB Services, Inc.","cmbbuild.com"
"rockisland","Collins Engineers Inc.","collinsengr.com"
"rockisland","Constantine Engineering Associates, LLC","constantineengineering.com"
"rockisland","CTI and Associates, Inc.","cticompanies.com"
"rockisland","Edwards-Pitman Environmental, Inc","edwards-pitman.com"
"rockisland","EnSafe Inc.","ensafe.com"
"rockisland","FORTA Corporation","forta-ferro.com"
"rockisland","Gator Engineering &amp; Aquifer Restoration, Inc.","gearengineer.com"
"rockisland","GEL Laboratories","gel.com"
"rockisland","GeoStabilization International","geostabilization.com"
"rockisland","GHD Inc.","ghd.com"
"rockisland","Hana Engineers and Consultants, LLC","hanaengineers.com"
"rockisland","HDR","hdrinc.com"
"rockisland","Heritage Environmental Services, LLC","heritage-enviro.com"
"rockisland","K-Con Inc.","kconinc.com"
"rockisland","LBE, Inc.","lbeeng.com"
"rockisland","Leidos","leidos.com"
"rockisland","LJB Inc.","ljbinc.com"
"rockisland","Mahorsky Group, Inc.","mahorskygroup.com"
"rockisland","Mattern &amp; Craig","matternandcraig.com"
"rockisland","MBP","mbpce.com"
"rockisland","McKim &amp; Creed Inc.","mckimcreed.com"
"rockisland","Mead &amp; Hunt, Inc.","meadhunt.com"
"rockisland","Mill City Environmental Corp.","millcityenv.com"
"rockisland","Mortenson Construction","mortenson.com"
"rockisland","MPS Engineering and Construction","mpsgc.com"
"rockisland","OK2 Construction LCC","ok2construction.com"
"rockisland","Pond &amp; Company","pondco.com"
"rockisland","R2P","r2pdoors.com"
"rockisland","Raymond Engineering-Georgia, Inc.","raymond.global"
"rockisland","S&amp;ME, Inc.","smeinc.com"
"rockisland","SDR","gosdr.com"
"rockisland","Seres","seres-es.com"
"rockisland","Siemens Industries, Inc.","new.siemens.com"
"rockisland","Stantec, Inc.","stantec.com"
"rockisland","Terracon Consultants, Inc.","terracon.com"
"rockisland","Tetra Tech, Inc.","tetratech.com"
"rockisland","Thomas &amp; Hutton Engineering Co.","thomasandhutton.com"
"rockisland","Thunderbird-HRP JV, LLC","hrpassociates.com"
"rockisland","The Whiting-Turner Contracting Company","whiting-turner.com"
"rockisland","W. M. Jordan Company, Inc.","wmjordan.com"
"rockisland","Weston Solutions, Inc.","westonsolutions.com"
"rockisland","Wood","woodgroup.com"
"rockisland","Woolpert, Inc.","woolpert.com"
"rockisland","Zapata Group","zapatainc.com"
"rockisland","2026 SBC","samesbc.org"
"rockisland","2026 Capital Week","samecapweek.org"
"scott-field","ADC Engineering","adcengineering.com"
"scott-field","AECOM","aecom.com"
"scott-field","ARCADIS, U.S., Inc","arcadis.com"
"scott-field","Barge Design Solutions, Inc.","bargedesign.com"
"scott-field","Bear Steele Global, Ltd. Co.","bearsteele.com"
"scott-field","Black &amp; Veatch Special Projects Corp.","bv.com"
"scott-field","Blue Cypress Consulting","bluecypress-consulting.com"
"scott-field","Burns &amp; McDonnell","burnsmcd.com"
"scott-field","C.R. HIPP CONSTRUCTION INC","crhippconstruction.com"
"scott-field","Catawba Engineering &amp; Environmental Services","catawbacorps.com"
"scott-field","CEMS Engineering","cems-ae.com"
"scott-field","CMB Services, Inc.","cmbbuild.com"
"scott-field","Collins Engineers Inc.","collinsengr.com"
"scott-field","Constantine Engineering Associates, LLC","constantineengineering.com"
"scott-field","CTI and Associates, Inc.","cticompanies.com"
"scott-field","Edwards-Pitman Environmental, Inc","edwards-pitman.com"
"scott-field","EnSafe Inc.","ensafe.com"
"scott-field","FORTA Corporation","forta-ferro.com"
"scott-field","Gator Engineering &amp; Aquifer Restoration, Inc.","gearengineer.com"
"scott-field","GEL Laboratories","gel.com"
"scott-field","GeoStabilization International","geostabilization.com"
"scott-field","GHD Inc.","ghd.com"
"scott-field","Hana Engineers and Consultants, LLC","hanaengineers.com"
"scott-field","HDR","hdrinc.com"
"scott-field","Heritage Environmental Services, LLC","heritage-enviro.com"
"scott-field","K-Con Inc.","kconinc.com"
"scott-field","LBE, Inc.","lbeeng.com"
"scott-field","Leidos","leidos.com"
"scott-field","LJB Inc.","ljbinc.com"
"scott-field","Mahorsky Group, Inc.","mahorskygroup.com"
"scott-field","Mattern &amp; Craig","matternandcraig.com"
"scott-field","MBP","mbpce.com"
"scott-field","McKim &amp; Creed Inc.","mckimcreed.com"
"scott-field","Mead &amp; Hunt, Inc.","meadhunt.com"
"scott-field","Mill City Environmental Corp.","millcityenv.com"
"scott-field","Mortenson Construction","mortenson.com"
"scott-field","MPS Engineering and Construction","mpsgc.com"
"scott-field","OK2 Construction LCC","ok2construction.com"
"scott-field","Pond &amp; Company","pondco.com"
"scott-field","R2P","r2pdoors.com"
"scott-field","Raymond Engineering-Georgia, Inc.","raymond.global"
"scott-field","S&amp;ME, Inc.","smeinc.com"
"scott-field","SDR","gosdr.com"
"scott-field","Seres","seres-es.com"
"scott-field","Siemens Industries, Inc.","new.siemens.com"
"scott-field","Stantec, Inc.","stantec.com"
"scott-field","Terracon Consultants, Inc.","terracon.com"
"scott-field","Tetra Tech, Inc.","tetratech.com"
"scott-field","Thomas &amp; Hutton Engineering Co.","thomasandhutton.com"
"scott-field","Thunderbird-HRP JV, LLC","hrpassociates.com"
"scott-field","The Whiting-Turner Contracting Company","whiting-turner.com"
"scott-field","W. M. Jordan Company, Inc.","wmjordan.com"
"scott-field","Weston Solutions, Inc.","westonsolutions.com"
"scott-field","Wood","woodgroup.com"
"scott-field","Woolpert, Inc.","woolpert.com"
"scott-field","Zapata Group","zapatainc.com"
"scott-field","2026 SBC","samesbc.org"
"scott-field","2026 Capital Week","samecapweek.org"
"kentuckiana","ADC Engineering","adcengineering.com"
"kentuckiana","AECOM","aecom.com"
"kentuckiana","ARCADIS, U.S., Inc","arcadis.com"
"kentuckiana","Barge Design Solutions, Inc.","bargedesign.com"
"kentuckiana","Bear Steele Global, Ltd. Co.","bearsteele.com"
"kentuckiana","Black &amp; Veatch Special Projects Corp.","bv.com"
"kentuckiana","Blue Cypress Consulting","bluecypress-consulting.com"
"kentuckiana","Burns &amp; McDonnell","burnsmcd.com"
"kentuckiana","C.R. HIPP CONSTRUCTION INC","crhippconstruction.com"
"kentuckiana","Catawba Engineering &amp; Environmental Services","catawbacorps.com"
"kentuckiana","CEMS Engineering","cems-ae.com"
"kentuckiana","CMB Services, Inc.","cmbbuild.com"
"kentuckiana","Collins Engineers Inc.","collinsengr.com"
"kentuckiana","Constantine Engineering Associates, LLC","constantineengineering.com"
"kentuckiana","CTI and Associates, Inc.","cticompanies.com"
"kentuckiana","Edwards-Pitman Environmental, Inc","edwards-pitman.com"
"kentuckiana","EnSafe Inc.","ensafe.com"
"kentuckiana","FORTA Corporation","forta-ferro.com"
"kentuckiana","Gator Engineering &amp; Aquifer Restoration, Inc.","gearengineer.com"
"kentuckiana","GEL Laboratories","gel.com"
"kentuckiana","GeoStabilization International","geostabilization.com"
"kentuckiana","GHD Inc.","ghd.com"
"kentuckiana","Hana Engineers and Consultants, LLC","hanaengineers.com"
"kentuckiana","HDR","hdrinc.com"
"kentuckiana","Heritage Environmental Services, LLC","heritage-enviro.com"
"kentuckiana","K-Con Inc.","kconinc.com"
"kentuckiana","LBE, Inc.","lbeeng.com"
"kentuckiana","Leidos","leidos.com"
"kentuckiana","LJB Inc.","ljbinc.com"
"kentuckiana","Mahorsky Group, Inc.","mahorskygroup.com"
"kentuckiana","Mattern &amp; Craig","matternandcraig.com"
"kentuckiana","MBP","mbpce.com"
"kentuckiana","McKim &amp; Creed Inc.","mckimcreed.com"
"kentuckiana","Mead &amp; Hunt, Inc.","meadhunt.com"
"kentuckiana","Mill City Environmental Corp.","millcityenv.com"
"kentuckiana","Mortenson Construction","mortenson.com"
"kentuckiana","MPS Engineering and Construction","mpsgc.com"
"kentuckiana","OK2 Construction LCC","ok2construction.com"
"kentuckiana","Pond &amp; Company","pondco.com"
"kentuckiana","R2P","r2pdoors.com"
"kentuckiana","Raymond Engineering-Georgia, Inc.","raymond.global"
"kentuckiana","S&amp;ME, Inc.","smeinc.com"
"kentuckiana","SDR","gosdr.com"
"kentuckiana","Seres","seres-es.com"
"kentuckiana","Siemens Industries, Inc.","new.siemens.com"
"kentuckiana","Stantec, Inc.","stantec.com"
"kentuckiana","Terracon Consultants, Inc.","terracon.com"
"kentuckiana","Tetra Tech, Inc.","tetratech.com"
"kentuckiana","Thomas &amp; Hutton Engineering Co.","thomasandhutton.com"
"kentuckiana","Thunderbird-HRP JV, LLC","hrpassociates.com"
"kentuckiana","The Whiting-Turner Contracting Company","whiting-turner.com"
"kentuckiana","W. M. Jordan Company, Inc.","wmjordan.com"
"kentuckiana","Weston Solutions, Inc.","westonsolutions.com"
"kentuckiana","Wood","woodgroup.com"
"kentuckiana","Woolpert, Inc.","woolpert.com"
"kentuckiana","Zapata Group","zapatainc.com"
"kentuckiana","2026 SBC","samesbc.org"
"kentuckiana","2026 Capital Week","samecapweek.org"
"louisiana","ADC Engineering","adcengineering.com"
"louisiana","AECOM","aecom.com"
"louisiana","ARCADIS, U.S., Inc","arcadis.com"
"louisiana","Barge Design Solutions, Inc.","bargedesign.com"
"louisiana","Bear Steele Global, Ltd. Co.","bearsteele.com"
"louisiana","Black &amp; Veatch Special Projects Corp.","bv.com"
"louisiana","Blue Cypress Consulting","bluecypress-consulting.com"
"louisiana","Burns &amp; McDonnell","burnsmcd.com"
"louisiana","C.R. HIPP CONSTRUCTION INC","crhippconstruction.com"
"louisiana","Catawba Engineering &amp; Environmental Services","catawbacorps.com"
"louisiana","CEMS Engineering","cems-ae.com"
"louisiana","CMB Services, Inc.","cmbbuild.com"
"louisiana","Collins Engineers Inc.","collinsengr.com"
"louisiana","Constantine Engineering Associates, LLC","constantineengineering.com"
"louisiana","CTI and Associates, Inc.","cticompanies.com"
"louisiana","Edwards-Pitman Environmental, Inc","edwards-pitman.com"
"louisiana","EnSafe Inc.","ensafe.com"
"louisiana","FORTA Corporation","forta-ferro.com"
"louisiana","Gator Engineering &amp; Aquifer Restoration, Inc.","gearengineer.com"
"louisiana","GEL Laboratories","gel.com"
"louisiana","GeoStabilization International","geostabilization.com"
"louisiana","GHD Inc.","ghd.com"
"louisiana","Hana Engineers and Consultants, LLC","hanaengineers.com"
"louisiana","HDR","hdrinc.com"
"louisiana","Heritage Environmental Services, LLC","heritage-enviro.com"
"louisiana","K-Con Inc.","kconinc.com"
"louisiana","LBE, Inc.","lbeeng.com"
"louisiana","Leidos","leidos.com"
"louisiana","LJB Inc.","ljbinc.com"
"louisiana","Mahorsky Group, Inc.","mahorskygroup.com"
"louisiana","Mattern &amp; Craig","matternandcraig.com"
"louisiana","MBP","mbpce.com"
"louisiana","McKim &amp; Creed Inc.","mckimcreed.com"
"louisiana","Mead &amp; Hunt, Inc.","meadhunt.com"
"louisiana","Mill City Environmental Corp.","millcityenv.com"
"louisiana","Mortenson Construction","mortenson.com"
"louisiana","MPS Engineering and Construction","mpsgc.com"
"louisiana","OK2 Construction LCC","ok2construction.com"
"louisiana","Pond &amp; Company","pondco.com"
"louisiana","R2P","r2pdoors.com"
"louisiana","Raymond Engineering-Georgia, Inc.","raymond.global"
"louisiana","S&amp;ME, Inc.","smeinc.com"
"louisiana","SDR","gosdr.com"
"louisiana","Seres","seres-es.com"
"louisiana","Siemens Industries, Inc.","new.siemens.com"
"louisiana","Stantec, Inc.","stantec.com"
"louisiana","Terracon Consultants, Inc.","terracon.com"
"louisiana","Tetra Tech, Inc.","tetratech.com"
"louisiana","Thomas &amp; Hutton Engineering Co.","thomasandhutton.com"
"louisiana","Thunderbird-HRP JV, LLC","hrpassociates.com"
"louisiana","The Whiting-Turner Contracting Company","whiting-turner.com"
"louisiana","W. M. Jordan Company, Inc.","wmjordan.com"
"louisiana","Weston Solutions, Inc.","westonsolutions.com"
"louisiana","Wood","woodgroup.com"
"louisiana","Woolpert, Inc.","woolpert.com"
"louisiana","Zapata Group","zapatainc.com"
"louisiana","2026 SBC","samesbc.org"
"louisiana","2026 Capital Week","samecapweek.org"
"baltimore","ADC Engineering","adcengineering.com"
"baltimore","AECOM","aecom.com"
"baltimore","ARCADIS, U.S., Inc","arcadis.com"
"baltimore","Barge Design Solutions, Inc.","bargedesign.com"
"baltimore","Bear Steele Global, Ltd. Co.","bearsteele.com"
"baltimore","Black &amp; Veatch Special Projects Corp.","bv.com"
"baltimore","Blue Cypress Consulting","bluecypress-consulting.com"
"baltimore","Burns &amp; McDonnell","burnsmcd.com"
"baltimore","C.R. HIPP CONSTRUCTION INC","crhippconstruction.com"
"baltimore","Catawba Engineering &amp; Environmental Services","catawbacorps.com"
"baltimore","CEMS Engineering","cems-ae.com"
"baltimore","CMB Services, Inc.","cmbbuild.com"
"baltimore","Collins Engineers Inc.","collinsengr.com"
"baltimore","Constantine Engineering Associates, LLC","constantineengineering.com"
"baltimore","CTI and Associates, Inc.","cticompanies.com"
"baltimore","Edwards-Pitman Environmental, Inc","edwards-pitman.com"
"baltimore","EnSafe Inc.","ensafe.com"
"baltimore","FORTA Corporation","forta-ferro.com"
"baltimore","Gator Engineering &amp; Aquifer Restoration, Inc.","gearengineer.com"
"baltimore","GEL Laboratories","gel.com"
"baltimore","GeoStabilization International","geostabilization.com"
"baltimore","GHD Inc.","ghd.com"
"baltimore","Hana Engineers and Consultants, LLC","hanaengineers.com"
"baltimore","HDR","hdrinc.com"
"baltimore","Heritage Environmental Services, LLC","heritage-enviro.com"
"baltimore","K-Con Inc.","kconinc.com"
"baltimore","LBE, Inc.","lbeeng.com"
"baltimore","Leidos","leidos.com"
"baltimore","LJB Inc.","ljbinc.com"
"baltimore","Mahorsky Group, Inc.","mahorskygroup.com"
"baltimore","Mattern &amp; Craig","matternandcraig.com"
"baltimore","MBP","mbpce.com"
"baltimore","McKim &amp; Creed Inc.","mckimcreed.com"
"baltimore","Mead &amp; Hunt, Inc.","meadhunt.com"
"baltimore","Mill City Environmental Corp.","millcityenv.com"
"baltimore","Mortenson Construction","mortenson.com"
"baltimore","MPS Engineering and Construction","mpsgc.com"
"baltimore","OK2 Construction LCC","ok2construction.com"
"baltimore","Pond &amp; Company","pondco.com"
"baltimore","R2P","r2pdoors.com"
"baltimore","Raymond Engineering-Georgia, Inc.","raymond.global"
"baltimore","S&amp;ME, Inc.","smeinc.com"
"baltimore","SDR","gosdr.com"
"baltimore","Seres","seres-es.com"
"baltimore","Siemens Industries, Inc.","new.siemens.com"
"baltimore","Stantec, Inc.","stantec.com"
"baltimore","Terracon Consultants, Inc.","terracon.com"
"baltimore","Tetra Tech, Inc.","tetratech.com"
"baltimore","Thomas &amp; Hutton Engineering Co.","thomasandhutton.com"
"baltimore","Thunderbird-HRP JV, LLC","hrpassociates.com"
"baltimore","The Whiting-Turner Contracting Company","whiting-turner.com"
"baltimore","W. M. Jordan Company, Inc.","wmjordan.com"
"baltimore","Weston Solutions, Inc.","westonsolutions.com"
"baltimore","Wood","woodgroup.com"
"baltimore","Woolpert, Inc.","woolpert.com"
"baltimore","Zapata Group","zapatainc.com"
"baltimore","2026 SBC","samesbc.org"
"baltimore","2026 Capital Week","samecapweek.org"
"chesapeake","ADC Engineering","adcengineering.com"
"chesapeake","AECOM","aecom.com"
"chesapeake","ARCADIS, U.S., Inc","arcadis.com"
"chesapeake","Barge Design Solutions, Inc.","bargedesign.com"
"chesapeake","Bear Steele Global, Ltd. Co.","bearsteele.com"
"chesapeake","Black &amp; Veatch Special Projects Corp.","bv.com"
"chesapeake","Blue Cypress Consulting","bluecypress-consulting.com"
"chesapeake","Burns &amp; McDonnell","burnsmcd.com"
"chesapeake","C.R. HIPP CONSTRUCTION INC","crhippconstruction.com"
"chesapeake","Catawba Engineering &amp; Environmental Services","catawbacorps.com"
"chesapeake","CEMS Engineering","cems-ae.com"
"chesapeake","CMB Services, Inc.","cmbbuild.com"
"chesapeake","Collins Engineers Inc.","collinsengr.com"
"chesapeake","Constantine Engineering Associates, LLC","constantineengineering.com"
"chesapeake","CTI and Associates, Inc.","cticompanies.com"
"chesapeake","Edwards-Pitman Environmental, Inc","edwards-pitman.com"
"chesapeake","EnSafe Inc.","ensafe.com"
"chesapeake","FORTA Corporation","forta-ferro.com"
"chesapeake","Gator Engineering &amp; Aquifer Restoration, Inc.","gearengineer.com"
"chesapeake","GEL Laboratories","gel.com"
"chesapeake","GeoStabilization International","geostabilization.com"
"chesapeake","GHD Inc.","ghd.com"
"chesapeake","Hana Engineers and Consultants, LLC","hanaengineers.com"
"chesapeake","HDR","hdrinc.com"
"chesapeake","Heritage Environmental Services, LLC","heritage-enviro.com"
"chesapeake","K-Con Inc.","kconinc.com"
"chesapeake","LBE, Inc.","lbeeng.com"
"chesapeake","Leidos","leidos.com"
"chesapeake","LJB Inc.","ljbinc.com"
"chesapeake","Mahorsky Group, Inc.","mahorskygroup.com"
"chesapeake","Mattern &amp; Craig","matternandcraig.com"
"chesapeake","MBP","mbpce.com"
"chesapeake","McKim &amp; Creed Inc.","mckimcreed.com"
"chesapeake","Mead &amp; Hunt, Inc.","meadhunt.com"
"chesapeake","Mill City Environmental Corp.","millcityenv.com"
"chesapeake","Mortenson Construction","mortenson.com"
"chesapeake","MPS Engineering and Construction","mpsgc.com"
"chesapeake","OK2 Construction LCC","ok2construction.com"
"chesapeake","Pond &amp; Company","pondco.com"
"chesapeake","R2P","r2pdoors.com"
"chesapeake","Raymond Engineering-Georgia, Inc.","raymond.global"
"chesapeake","S&amp;ME, Inc.","smeinc.com"
"chesapeake","SDR","gosdr.com"
"chesapeake","Seres","seres-es.com"
"chesapeake","Siemens Industries, Inc.","new.siemens.com"
"chesapeake","Stantec, Inc.","stantec.com"
"chesapeake","Terracon Consultants, Inc.","terracon.com"
"chesapeake","Tetra Tech, Inc.","tetratech.com"
"chesapeake","Thomas &amp; Hutton Engineering Co.","thomasandhutton.com"
"chesapeake","Thunderbird-HRP JV, LLC","hrpassociates.com"
"chesapeake","The Whiting-Turner Contracting Company","whiting-turner.com"
"chesapeake","W. M. Jordan Company, Inc.","wmjordan.com"
"chesapeake","Weston Solutions, Inc.","westonsolutions.com"
"chesapeake","Wood","woodgroup.com"
"chesapeake","Woolpert, Inc.","woolpert.com"
"chesapeake","Zapata Group","zapatainc.com"
"chesapeake","2026 SBC","samesbc.org"
"chesapeake","2026 Capital Week","samecapweek.org"
"midmd","ADC Engineering","adcengineering.com"
"midmd","AECOM","aecom.com"
"midmd","ARCADIS, U.S., Inc","arcadis.com"
"midmd","Barge Design Solutions, Inc.","bargedesign.com"
"midmd","Bear Steele Global, Ltd. Co.","bearsteele.com"
"midmd","Black &amp; Veatch Special Projects Corp.","bv.com"
"midmd","Blue Cypress Consulting","bluecypress-consulting.com"
"midmd","Burns &amp; McDonnell","burnsmcd.com"
"midmd","C.R. HIPP CONSTRUCTION INC","crhippconstruction.com"
"midmd","Catawba Engineering &amp; Environmental Services","catawbacorps.com"
"midmd","CEMS Engineering","cems-ae.com"
"midmd","CMB Services, Inc.","cmbbuild.com"
"midmd","Collins Engineers Inc.","collinsengr.com"
"midmd","Constantine Engineering Associates, LLC","constantineengineering.com"
"midmd","CTI and Associates, Inc.","cticompanies.com"
"midmd","Edwards-Pitman Environmental, Inc","edwards-pitman.com"
"midmd","EnSafe Inc.","ensafe.com"
"midmd","FORTA Corporation","forta-ferro.com"
"midmd","Gator Engineering &amp; Aquifer Restoration, Inc.","gearengineer.com"
"midmd","GEL Laboratories","gel.com"
"midmd","GeoStabilization International","geostabilization.com"
"midmd","GHD Inc.","ghd.com"
"midmd","Hana Engineers and Consultants, LLC","hanaengineers.com"
"midmd","HDR","hdrinc.com"
"midmd","Heritage Environmental Services, LLC","heritage-enviro.com"
"midmd","K-Con Inc.","kconinc.com"
"midmd","LBE, Inc.","lbeeng.com"
"midmd","Leidos","leidos.com"
"midmd","LJB Inc.","ljbinc.com"
"midmd","Mahorsky Group, Inc.","mahorskygroup.com"
"midmd","Mattern &amp; Craig","matternandcraig.com"
"midmd","MBP","mbpce.com"
"midmd","McKim &amp; Creed Inc.","mckimcreed.com"
"midmd","Mead &amp; Hunt, Inc.","meadhunt.com"
"midmd","Mill City Environmental Corp.","millcityenv.com"
"midmd","Mortenson Construction","mortenson.com"
"midmd","MPS Engineering and Construction","mpsgc.com"
"midmd","OK2 Construction LCC","ok2construction.com"
"midmd","Pond &amp; Company","pondco.com"
"midmd","R2P","r2pdoors.com"
"midmd","Raymond Engineering-Georgia, Inc.","raymond.global"
"midmd","S&amp;ME, Inc.","smeinc.com"
"midmd","SDR","gosdr.com"
"midmd","Seres","seres-es.com"
"midmd","Siemens Industries, Inc.","new.siemens.com"
"midmd","Stantec, Inc.","stantec.com"
"midmd","Terracon Consultants, Inc.","terracon.com"
"midmd","Tetra Tech, Inc.","tetratech.com"
"midmd","Thomas &amp; Hutton Engineering Co.","thomasandhutton.com"
"midmd","Thunderbird-HRP JV, LLC","hrpassociates.com"
"midmd","The Whiting-Turner Contracting Company","whiting-turner.com"
"midmd","W. M. Jordan Company, Inc.","wmjordan.com"
"midmd","Weston Solutions, Inc.","westonsolutions.com"
"midmd","Wood","woodgroup.com"
"midmd","Woolpert, Inc.","woolpert.com"
"midmd","Zapata Group","zapatainc.com"
"midmd","2026 SBC","samesbc.org"
"midmd","2026 Capital Week","samecapweek.org"
"boston","ADC Engineering","adcengineering.com"
"boston","AECOM","aecom.com"
"boston","ARCADIS, U.S., Inc","arcadis.com"
"boston","Barge Design Solutions, Inc.","bargedesign.com"
"boston","Bear Steele Global, Ltd. Co.","bearsteele.com"
"boston","Black &amp; Veatch Special Projects Corp.","bv.com"
"boston","Blue Cypress Consulting","bluecypress-consulting.com"
"boston","Burns &amp; McDonnell","burnsmcd.com"
"boston","C.R. HIPP CONSTRUCTION INC","crhippconstruction.com"
"boston","Catawba Engineering &amp; Environmental Services","catawbacorps.com"
"boston","CEMS Engineering","cems-ae.com"
"boston","CMB Services, Inc.","cmbbuild.com"
"boston","Collins Engineers Inc.","collinsengr.com"
"boston","Constantine Engineering Associates, LLC","constantineengineering.com"
"boston","CTI and Associates, Inc.","cticompanies.com"
"boston","Edwards-Pitman Environmental, Inc","edwards-pitman.com"
"boston","EnSafe Inc.","ensafe.com"
"boston","FORTA Corporation","forta-ferro.com"
"boston","Gator Engineering &amp; Aquifer Restoration, Inc.","gearengineer.com"
"boston","GEL Laboratories","gel.com"
"boston","GeoStabilization International","geostabilization.com"
"boston","GHD Inc.","ghd.com"
"boston","Hana Engineers and Consultants, LLC","hanaengineers.com"
"boston","HDR","hdrinc.com"
"boston","Heritage Environmental Services, LLC","heritage-enviro.com"
"boston","K-Con Inc.","kconinc.com"
"boston","LBE, Inc.","lbeeng.com"
"boston","Leidos","leidos.com"
"boston","LJB Inc.","ljbinc.com"
"boston","Mahorsky Group, Inc.","mahorskygroup.com"
"boston","Mattern &amp; Craig","matternandcraig.com"
"boston","MBP","mbpce.com"
"boston","McKim &amp; Creed Inc.","mckimcreed.com"
"boston","Mead &amp; Hunt, Inc.","meadhunt.com"
"boston","Mill City Environmental Corp.","millcityenv.com"
"boston","Mortenson Construction","mortenson.com"
"boston","MPS Engineering and Construction","mpsgc.com"
"boston","OK2 Construction LCC","ok2construction.com"
"boston","Pond &amp; Company","pondco.com"
"boston","R2P","r2pdoors.com"
"boston","Raymond Engineering-Georgia, Inc.","raymond.global"
"boston","S&amp;ME, Inc.","smeinc.com"
"boston","SDR","gosdr.com"
"boston","Seres","seres-es.com"
"boston","Siemens Industries, Inc.","new.siemens.com"
"boston","Stantec, Inc.","stantec.com"
"boston","Terracon Consultants, Inc.","terracon.com"
"boston","Tetra Tech, Inc.","tetratech.com"
"boston","Thomas &amp; Hutton Engineering Co.","thomasandhutton.com"
"boston","Thunderbird-HRP JV, LLC","hrpassociates.com"
"boston","The Whiting-Turner Contracting Company","whiting-turner.com"
"boston","W. M. Jordan Company, Inc.","wmjordan.com"
"boston","Weston Solutions, Inc.","westonsolutions.com"
"boston","Wood","woodgroup.com"
"boston","Woolpert, Inc.","woolpert.com"
"boston","Zapata Group","zapatainc.com"
"boston","2026 SBC","samesbc.org"
"boston","2026 Capital Week","samecapweek.org"
"detroit","ADC Engineering","adcengineering.com"
"detroit","AECOM","aecom.com"
"detroit","ARCADIS, U.S., Inc","arcadis.com"
"detroit","Barge Design Solutions, Inc.","bargedesign.com"
"detroit","Bear Steele Global, Ltd. Co.","bearsteele.com"
"detroit","Black &amp; Veatch Special Projects Corp.","bv.com"
"detroit","Blue Cypress Consulting","bluecypress-consulting.com"
"detroit","Burns &amp; McDonnell","burnsmcd.com"
"detroit","C.R. HIPP CONSTRUCTION INC","crhippconstruction.com"
"detroit","Catawba Engineering &amp; Environmental Services","catawbacorps.com"
"detroit","CEMS Engineering","cems-ae.com"
"detroit","CMB Services, Inc.","cmbbuild.com"
"detroit","Collins Engineers Inc.","collinsengr.com"
"detroit","Constantine Engineering Associates, LLC","constantineengineering.com"
"detroit","CTI and Associates, Inc.","cticompanies.com"
"detroit","Edwards-Pitman Environmental, Inc","edwards-pitman.com"
"detroit","EnSafe Inc.","ensafe.com"
"detroit","FORTA Corporation","forta-ferro.com"
"detroit","Gator Engineering &amp; Aquifer Restoration, Inc.","gearengineer.com"
"detroit","GEL Laboratories","gel.com"
"detroit","GeoStabilization International","geostabilization.com"
"detroit","GHD Inc.","ghd.com"
"detroit","Hana Engineers and Consultants, LLC","hanaengineers.com"
"detroit","HDR","hdrinc.com"
"detroit","Heritage Environmental Services, LLC","heritage-enviro.com"
"detroit","K-Con Inc.","kconinc.com"
"detroit","LBE, Inc.","lbeeng.com"
"detroit","Leidos","leidos.com"
"detroit","LJB Inc.","ljbinc.com"
"detroit","Mahorsky Group, Inc.","mahorskygroup.com"
"detroit","Mattern &amp; Craig","matternandcraig.com"
"detroit","MBP","mbpce.com"
"detroit","McKim &amp; Creed Inc.","mckimcreed.com"
"detroit","Mead &amp; Hunt, Inc.","meadhunt.com"
"detroit","Mill City Environmental Corp.","millcityenv.com"
"detroit","Mortenson Construction","mortenson.com"
"detroit","MPS Engineering and Construction","mpsgc.com"
"detroit","OK2 Construction LCC","ok2construction.com"
"detroit","Pond &amp; Company","pondco.com"
"detroit","R2P","r2pdoors.com"
"detroit","Raymond Engineering-Georgia, Inc.","raymond.global"
"detroit","S&amp;ME, Inc.","smeinc.com"
"detroit","SDR","gosdr.com"
"detroit","Seres","seres-es.com"
"detroit","Siemens Industries, Inc.","new.siemens.com"
"detroit","Stantec, Inc.","stantec.com"
"detroit","Terracon Consultants, Inc.","terracon.com"
"detroit","Tetra Tech, Inc.","tetratech.com"
"detroit","Thomas &amp; Hutton Engineering Co.","thomasandhutton.com"
"detroit","Thunderbird-HRP JV, LLC","hrpassociates.com"
"detroit","The Whiting-Turner Contracting Company","whiting-turner.com"
"detroit","W. M. Jordan Company, Inc.","wmjordan.com"
"detroit","Weston Solutions, Inc.","westonsolutions.com"
"detroit","Wood","woodgroup.com"
"detroit","Woolpert, Inc.","woolpert.com"
"detroit","Zapata Group","zapatainc.com"
"detroit","2026 SBC","samesbc.org"
"detroit","2026 Capital Week","samecapweek.org"
"minneapolis","ADC Engineering","adcengineering.com"
"minneapolis","AECOM","aecom.com"
"minneapolis","ARCADIS, U.S., Inc","arcadis.com"
"minneapolis","Barge Design Solutions, Inc.","bargedesign.com"
"minneapolis","Bear Steele Global, Ltd. Co.","bearsteele.com"
"minneapolis","Black &amp; Veatch Special Projects Corp.","bv.com"
"minneapolis","Blue Cypress Consulting","bluecypress-consulting.com"
"minneapolis","Burns &amp; McDonnell","burnsmcd.com"
"minneapolis","C.R. HIPP CONSTRUCTION INC","crhippconstruction.com"
"minneapolis","Catawba Engineering &amp; Environmental Services","catawbacorps.com"
"minneapolis","CEMS Engineering","cems-ae.com"
"minneapolis","CMB Services, Inc.","cmbbuild.com"
"minneapolis","Collins Engineers Inc.","collinsengr.com"
"minneapolis","Constantine Engineering Associates, LLC","constantineengineering.com"
"minneapolis","CTI and Associates, Inc.","cticompanies.com"
"minneapolis","Edwards-Pitman Environmental, Inc","edwards-pitman.com"
"minneapolis","EnSafe Inc.","ensafe.com"
"minneapolis","FORTA Corporation","forta-ferro.com"
"minneapolis","Gator Engineering &amp; Aquifer Restoration, Inc.","gearengineer.com"
"minneapolis","GEL Laboratories","gel.com"
"minneapolis","GeoStabilization International","geostabilization.com"
"minneapolis","GHD Inc.","ghd.com"
"minneapolis","Hana Engineers and Consultants, LLC","hanaengineers.com"
"minneapolis","HDR","hdrinc.com"
"minneapolis","Heritage Environmental Services, LLC","heritage-enviro.com"
"minneapolis","K-Con Inc.","kconinc.com"
"minneapolis","LBE, Inc.","lbeeng.com"
"minneapolis","Leidos","leidos.com"
"minneapolis","LJB Inc.","ljbinc.com"
"minneapolis","Mahorsky Group, Inc.","mahorskygroup.com"
"minneapolis","Mattern &amp; Craig","matternandcraig.com"
"minneapolis","MBP","mbpce.com"
"minneapolis","McKim &amp; Creed Inc.","mckimcreed.com"
"minneapolis","Mead &amp; Hunt, Inc.","meadhunt.com"
"minneapolis","Mill City Environmental Corp.","millcityenv.com"
"minneapolis","Mortenson Construction","mortenson.com"
"minneapolis","MPS Engineering and Construction","mpsgc.com"
"minneapolis","OK2 Construction LCC","ok2construction.com"
"minneapolis","Pond &amp; Company","pondco.com"
"minneapolis","R2P","r2pdoors.com"
"minneapolis","Raymond Engineering-Georgia, Inc.","raymond.global"
"minneapolis","S&amp;ME, Inc.","smeinc.com"
"minneapolis","SDR","gosdr.com"
"minneapolis","Seres","seres-es.com"
"minneapolis","Siemens Industries, Inc.","new.siemens.com"
"minneapolis","Stantec, Inc.","stantec.com"
"minneapolis","Terracon Consultants, Inc.","terracon.com"
"minneapolis","Tetra Tech, Inc.","tetratech.com"
"minneapolis","Thomas &amp; Hutton Engineering Co.","thomasandhutton.com"
"minneapolis","Thunderbird-HRP JV, LLC","hrpassociates.com"
"minneapolis","The Whiting-Turner Contracting Company","whiting-turner.com"
"minneapolis","W. M. Jordan Company, Inc.","wmjordan.com"
"minneapolis","Weston Solutions, Inc.","westonsolutions.com"
"minneapolis","Wood","woodgroup.com"
"minneapolis","Woolpert, Inc.","woolpert.com"
"minneapolis","Zapata Group","zapatainc.com"
"minneapolis","2026 SBC","samesbc.org"
"minneapolis","2026 Capital Week","samecapweek.org"
"vicksburg","ADC Engineering","adcengineering.com"
"vicksburg","AECOM","aecom.com"
"vicksburg","ARCADIS, U.S., Inc","arcadis.com"
"vicksburg","Barge Design Solutions, Inc.","bargedesign.com"
"vicksburg","Bear Steele Global, Ltd. Co.","bearsteele.com"
"vicksburg","Black &amp; Veatch Special Projects Corp.","bv.com"
"vicksburg","Blue Cypress Consulting","bluecypress-consulting.com"
"vicksburg","Burns &amp; McDonnell","burnsmcd.com"
"vicksburg","C.R. HIPP CONSTRUCTION INC","crhippconstruction.com"
"vicksburg","Catawba Engineering &amp; Environmental Services","catawbacorps.com"
"vicksburg","CEMS Engineering","cems-ae.com"
"vicksburg","CMB Services, Inc.","cmbbuild.com"
"vicksburg","Collins Engineers Inc.","collinsengr.com"
"vicksburg","Constantine Engineering Associates, LLC","constantineengineering.com"
"vicksburg","CTI and Associates, Inc.","cticompanies.com"
"vicksburg","Edwards-Pitman Environmental, Inc","edwards-pitman.com"
"vicksburg","EnSafe Inc.","ensafe.com"
"vicksburg","FORTA Corporation","forta-ferro.com"
"vicksburg","Gator Engineering &amp; Aquifer Restoration, Inc.","gearengineer.com"
"vicksburg","GEL Laboratories","gel.com"
"vicksburg","GeoStabilization International","geostabilization.com"
"vicksburg","GHD Inc.","ghd.com"
"vicksburg","Hana Engineers and Consultants, LLC","hanaengineers.com"
"vicksburg","HDR","hdrinc.com"
"vicksburg","Heritage Environmental Services, LLC","heritage-enviro.com"
"vicksburg","K-Con Inc.","kconinc.com"
"vicksburg","LBE, Inc.","lbeeng.com"
"vicksburg","Leidos","leidos.com"
"vicksburg","LJB Inc.","ljbinc.com"
"vicksburg","Mahorsky Group, Inc.","mahorskygroup.com"
"vicksburg","Mattern &amp; Craig","matternandcraig.com"
"vicksburg","MBP","mbpce.com"
"vicksburg","McKim &amp; Creed Inc.","mckimcreed.com"
"vicksburg","Mead &amp; Hunt, Inc.","meadhunt.com"
"vicksburg","Mill City Environmental Corp.","millcityenv.com"
"vicksburg","Mortenson Construction","mortenson.com"
"vicksburg","MPS Engineering and Construction","mpsgc.com"
"vicksburg","OK2 Construction LCC","ok2construction.com"
"vicksburg","Pond &amp; Company","pondco.com"
"vicksburg","R2P","r2pdoors.com"
"vicksburg","Raymond Engineering-Georgia, Inc.","raymond.global"
"vicksburg","S&amp;ME, Inc.","smeinc.com"
"vicksburg","SDR","gosdr.com"
"vicksburg","Seres","seres-es.com"
"vicksburg","Siemens Industries, Inc.","new.siemens.com"
"vicksburg","Stantec, Inc.","stantec.com"
"vicksburg","Terracon Consultants, Inc.","terracon.com"
"vicksburg","Tetra Tech, Inc.","tetratech.com"
"vicksburg","Thomas &amp; Hutton Engineering Co.","thomasandhutton.com"
"vicksburg","Thunderbird-HRP JV, LLC","hrpassociates.com"
"vicksburg","The Whiting-Turner Contracting Company","whiting-turner.com"
"vicksburg","W. M. Jordan Company, Inc.","wmjordan.com"
"vicksburg","Weston Solutions, Inc.","westonsolutions.com"
"vicksburg","Wood","woodgroup.com"
"vicksburg","Woolpert, Inc.","woolpert.com"
"vicksburg","Zapata Group","zapatainc.com"
"vicksburg","2026 SBC","samesbc.org"
"vicksburg","2026 Capital Week","samecapweek.org"
"flw","ADC Engineering","adcengineering.com"
"flw","AECOM","aecom.com"
"flw","ARCADIS, U.S., Inc","arcadis.com"
"flw","Barge Design Solutions, Inc.","bargedesign.com"
"flw","Bear Steele Global, Ltd. Co.","bearsteele.com"
"flw","Black &amp; Veatch Special Projects Corp.","bv.com"
"flw","Blue Cypress Consulting","bluecypress-consulting.com"
"flw","Burns &amp; McDonnell","burnsmcd.com"
"flw","C.R. HIPP CONSTRUCTION INC","crhippconstruction.com"
"flw","Catawba Engineering &amp; Environmental Services","catawbacorps.com"
"flw","CEMS Engineering","cems-ae.com"
"flw","CMB Services, Inc.","cmbbuild.com"
"flw","Collins Engineers Inc.","collinsengr.com"
"flw","Constantine Engineering Associates, LLC","constantineengineering.com"
"flw","CTI and Associates, Inc.","cticompanies.com"
"flw","Edwards-Pitman Environmental, Inc","edwards-pitman.com"
"flw","EnSafe Inc.","ensafe.com"
"flw","FORTA Corporation","forta-ferro.com"
"flw","Gator Engineering &amp; Aquifer Restoration, Inc.","gearengineer.com"
"flw","GEL Laboratories","gel.com"
"flw","GeoStabilization International","geostabilization.com"
"flw","GHD Inc.","ghd.com"
"flw","Hana Engineers and Consultants, LLC","hanaengineers.com"
"flw","HDR","hdrinc.com"
"flw","Heritage Environmental Services, LLC","heritage-enviro.com"
"flw","K-Con Inc.","kconinc.com"
"flw","LBE, Inc.","lbeeng.com"
"flw","Leidos","leidos.com"
"flw","LJB Inc.","ljbinc.com"
"flw","Mahorsky Group, Inc.","mahorskygroup.com"
"flw","Mattern &amp; Craig","matternandcraig.com"
"flw","MBP","mbpce.com"
"flw","McKim &amp; Creed Inc.","mckimcreed.com"
"flw","Mead &amp; Hunt, Inc.","meadhunt.com"
"flw","Mill City Environmental Corp.","millcityenv.com"
"flw","Mortenson Construction","mortenson.com"
"flw","MPS Engineering and Construction","mpsgc.com"
"flw","OK2 Construction LCC","ok2construction.com"
"flw","Pond &amp; Company","pondco.com"
"flw","R2P","r2pdoors.com"
"flw","Raymond Engineering-Georgia, Inc.","raymond.global"
"flw","S&amp;ME, Inc.","smeinc.com"
"flw","SDR","gosdr.com"
"flw","Seres","seres-es.com"
"flw","Siemens Industries, Inc.","new.siemens.com"
"flw","Stantec, Inc.","stantec.com"
"flw","Terracon Consultants, Inc.","terracon.com"
"flw","Tetra Tech, Inc.","tetratech.com"
"flw","Thomas &amp; Hutton Engineering Co.","thomasandhutton.com"
"flw","Thunderbird-HRP JV, LLC","hrpassociates.com"
"flw","The Whiting-Turner Contracting Company","whiting-turner.com"
"flw","W. M. Jordan Company, Inc.","wmjordan.com"
"flw","Weston Solutions, Inc.","westonsolutions.com"
"flw","Wood","woodgroup.com"
"flw","Woolpert, Inc.","woolpert.com"
"flw","Zapata Group","zapatainc.com"
"flw","2026 SBC","samesbc.org"
"flw","2026 Capital Week","samecapweek.org"
"gkc","ADC Engineering","adcengineering.com"
"gkc","AECOM","aecom.com"
"gkc","ARCADIS, U.S., Inc","arcadis.com"
"gkc","Barge Design Solutions, Inc.","bargedesign.com"
"gkc","Bear Steele Global, Ltd. Co.","bearsteele.com"
"gkc","Black &amp; Veatch Special Projects Corp.","bv.com"
"gkc","Blue Cypress Consulting","bluecypress-consulting.com"
"gkc","Burns &amp; McDonnell","burnsmcd.com"
"gkc","C.R. HIPP CONSTRUCTION INC","crhippconstruction.com"
"gkc","Catawba Engineering &amp; Environmental Services","catawbacorps.com"
"gkc","CEMS Engineering","cems-ae.com"
"gkc","CMB Services, Inc.","cmbbuild.com"
"gkc","Collins Engineers Inc.","collinsengr.com"
"gkc","Constantine Engineering Associates, LLC","constantineengineering.com"
"gkc","CTI and Associates, Inc.","cticompanies.com"
"gkc","Edwards-Pitman Environmental, Inc","edwards-pitman.com"
"gkc","EnSafe Inc.","ensafe.com"
"gkc","FORTA Corporation","forta-ferro.com"
"gkc","Gator Engineering &amp; Aquifer Restoration, Inc.","gearengineer.com"
"gkc","GEL Laboratories","gel.com"
"gkc","GeoStabilization International","geostabilization.com"
"gkc","GHD Inc.","ghd.com"
"gkc","Hana Engineers and Consultants, LLC","hanaengineers.com"
"gkc","HDR","hdrinc.com"
"gkc","Heritage Environmental Services, LLC","heritage-enviro.com"
"gkc","K-Con Inc.","kconinc.com"
"gkc","LBE, Inc.","lbeeng.com"
"gkc","Leidos","leidos.com"
"gkc","LJB Inc.","ljbinc.com"
"gkc","Mahorsky Group, Inc.","mahorskygroup.com"
"gkc","Mattern &amp; Craig","matternandcraig.com"
"gkc","MBP","mbpce.com"
"gkc","McKim &amp; Creed Inc.","mckimcreed.com"
"gkc","Mead &amp; Hunt, Inc.","meadhunt.com"
"gkc","Mill City Environmental Corp.","millcityenv.com"
"gkc","Mortenson Construction","mortenson.com"
"gkc","MPS Engineering and Construction","mpsgc.com"
"gkc","OK2 Construction LCC","ok2construction.com"
"gkc","Pond &amp; Company","pondco.com"
"gkc","R2P","r2pdoors.com"
"gkc","Raymond Engineering-Georgia, Inc.","raymond.global"
"gkc","S&amp;ME, Inc.","smeinc.com"
"gkc","SDR","gosdr.com"
"gkc","Seres","seres-es.com"
"gkc","Siemens Industries, Inc.","new.siemens.com"
"gkc","Stantec, Inc.","stantec.com"
"gkc","Terracon Consultants, Inc.","terracon.com"
"gkc","Tetra Tech, Inc.","tetratech.com"
"gkc","Thomas &amp; Hutton Engineering Co.","thomasandhutton.com"
"gkc","Thunderbird-HRP JV, LLC","hrpassociates.com"
"gkc","The Whiting-Turner Contracting Company","whiting-turner.com"
"gkc","W. M. Jordan Company, Inc.","wmjordan.com"
"gkc","Weston Solutions, Inc.","westonsolutions.com"
"gkc","Wood","woodgroup.com"
"gkc","Woolpert, Inc.","woolpert.com"
"gkc","Zapata Group","zapatainc.com"
"gkc","2026 SBC","samesbc.org"
"gkc","2026 Capital Week","samecapweek.org"
"st-louis","ADC Engineering","adcengineering.com"
"st-louis","AECOM","aecom.com"
"st-louis","ARCADIS, U.S., Inc","arcadis.com"
"st-louis","Barge Design Solutions, Inc.","bargedesign.com"
"st-louis","Bear Steele Global, Ltd. Co.","bearsteele.com"
"st-louis","Black &amp; Veatch Special Projects Corp.","bv.com"
"st-louis","Blue Cypress Consulting","bluecypress-consulting.com"
"st-louis","Burns &amp; McDonnell","burnsmcd.com"
"st-louis","C.R. HIPP CONSTRUCTION INC","crhippconstruction.com"
"st-louis","Catawba Engineering &amp; Environmental Services","catawbacorps.com"
"st-louis","CEMS Engineering","cems-ae.com"
"st-louis","CMB Services, Inc.","cmbbuild.com"
"st-louis","Collins Engineers Inc.","collinsengr.com"
"st-louis","Constantine Engineering Associates, LLC","constantineengineering.com"
"st-louis","CTI and Associates, Inc.","cticompanies.com"
"st-louis","Edwards-Pitman Environmental, Inc","edwards-pitman.com"
"st-louis","EnSafe Inc.","ensafe.com"
"st-louis","FORTA Corporation","forta-ferro.com"
"st-louis","Gator Engineering &amp; Aquifer Restoration, Inc.","gearengineer.com"
"st-louis","GEL Laboratories","gel.com"
"st-louis","GeoStabilization International","geostabilization.com"
"st-louis","GHD Inc.","ghd.com"
"st-louis","Hana Engineers and Consultants, LLC","hanaengineers.com"
"st-louis","HDR","hdrinc.com"
"st-louis","Heritage Environmental Services, LLC","heritage-enviro.com"
"st-louis","K-Con Inc.","kconinc.com"
"st-louis","LBE, Inc.","lbeeng.com"
"st-louis","Leidos","leidos.com"
"st-louis","LJB Inc.","ljbinc.com"
"st-louis","Mahorsky Group, Inc.","mahorskygroup.com"
"st-louis","Mattern &amp; Craig","matternandcraig.com"
"st-louis","MBP","mbpce.com"
"st-louis","McKim &amp; Creed Inc.","mckimcreed.com"
"st-louis","Mead &amp; Hunt, Inc.","meadhunt.com"
"st-louis","Mill City Environmental Corp.","millcityenv.com"
"st-louis","Mortenson Construction","mortenson.com"
"st-louis","MPS Engineering and Construction","mpsgc.com"
"st-louis","OK2 Construction LCC","ok2construction.com"
"st-louis","Pond &amp; Company","pondco.com"
"st-louis","R2P","r2pdoors.com"
"st-louis","Raymond Engineering-Georgia, Inc.","raymond.global"
"st-louis","S&amp;ME, Inc.","smeinc.com"
"st-louis","SDR","gosdr.com"
"st-louis","Seres","seres-es.com"
"st-louis","Siemens Industries, Inc.","new.siemens.com"
"st-louis","Stantec, Inc.","stantec.com"
"st-louis","Terracon Consultants, Inc.","terracon.com"
"st-louis","Tetra Tech, Inc.","tetratech.com"
"st-louis","Thomas &amp; Hutton Engineering Co.","thomasandhutton.com"
"st-louis","Thunderbird-HRP JV, LLC","hrpassociates.com"
"st-louis","The Whiting-Turner Contracting Company","whiting-turner.com"
"st-louis","W. M. Jordan Company, Inc.","wmjordan.com"
"st-louis","Weston Solutions, Inc.","westonsolutions.com"
"st-louis","Wood","woodgroup.com"
"st-louis","Woolpert, Inc.","woolpert.com"
"st-louis","Zapata Group","zapatainc.com"
"st-louis","2026 SBC","samesbc.org"
"st-louis","2026 Capital Week","samecapweek.org"
"bigsky","ADC Engineering","adcengineering.com"
"bigsky","AECOM","aecom.com"
"bigsky","ARCADIS, U.S., Inc","arcadis.com"
"bigsky","Barge Design Solutions, Inc.","bargedesign.com"
"bigsky","Bear Steele Global, Ltd. Co.","bearsteele.com"
"bigsky","Black &amp; Veatch Special Projects Corp.","bv.com"
"bigsky","Blue Cypress Consulting","bluecypress-consulting.com"
"bigsky","Burns &amp; McDonnell","burnsmcd.com"
"bigsky","C.R. HIPP CONSTRUCTION INC","crhippconstruction.com"
"bigsky","Catawba Engineering &amp; Environmental Services","catawbacorps.com"
"bigsky","CEMS Engineering","cems-ae.com"
"bigsky","CMB Services, Inc.","cmbbuild.com"
"bigsky","Collins Engineers Inc.","collinsengr.com"
"bigsky","Constantine Engineering Associates, LLC","constantineengineering.com"
"bigsky","CTI and Associates, Inc.","cticompanies.com"
"bigsky","Edwards-Pitman Environmental, Inc","edwards-pitman.com"
"bigsky","EnSafe Inc.","ensafe.com"
"bigsky","FORTA Corporation","forta-ferro.com"
"bigsky","Gator Engineering &amp; Aquifer Restoration, Inc.","gearengineer.com"
"bigsky","GEL Laboratories","gel.com"
"bigsky","GeoStabilization International","geostabilization.com"
"bigsky","GHD Inc.","ghd.com"
"bigsky","Hana Engineers and Consultants, LLC","hanaengineers.com"
"bigsky","HDR","hdrinc.com"
"bigsky","Heritage Environmental Services, LLC","heritage-enviro.com"
"bigsky","K-Con Inc.","kconinc.com"
"bigsky","LBE, Inc.","lbeeng.com"
"bigsky","Leidos","leidos.com"
"bigsky","LJB Inc.","ljbinc.com"
"bigsky","Mahorsky Group, Inc.","mahorskygroup.com"
"bigsky","Mattern &amp; Craig","matternandcraig.com"
"bigsky","MBP","mbpce.com"
"bigsky","McKim &amp; Creed Inc.","mckimcreed.com"
"bigsky","Mead &amp; Hunt, Inc.","meadhunt.com"
"bigsky","Mill City Environmental Corp.","millcityenv.com"
"bigsky","Mortenson Construction","mortenson.com"
"bigsky","MPS Engineering and Construction","mpsgc.com"
"bigsky","OK2 Construction LCC","ok2construction.com"
"bigsky","Pond &amp; Company","pondco.com"
"bigsky","R2P","r2pdoors.com"
"bigsky","Raymond Engineering-Georgia, Inc.","raymond.global"
"bigsky","S&amp;ME, Inc.","smeinc.com"
"bigsky","SDR","gosdr.com"
"bigsky","Seres","seres-es.com"
"bigsky","Siemens Industries, Inc.","new.siemens.com"
"bigsky","Stantec, Inc.","stantec.com"
"bigsky","Terracon Consultants, Inc.","terracon.com"
"bigsky","Tetra Tech, Inc.","tetratech.com"
"bigsky","Thomas &amp; Hutton Engineering Co.","thomasandhutton.com"
"bigsky","Thunderbird-HRP JV, LLC","hrpassociates.com"
"bigsky","The Whiting-Turner Contracting Company","whiting-turner.com"
"bigsky","W. M. Jordan Company, Inc.","wmjordan.com"
"bigsky","Weston Solutions, Inc.","westonsolutions.com"
"bigsky","Wood","woodgroup.com"
"bigsky","Woolpert, Inc.","woolpert.com"
"bigsky","Zapata Group","zapatainc.com"
"bigsky","2026 SBC","samesbc.org"
"bigsky","2026 Capital Week","samecapweek.org"
"omaha","ADC Engineering","adcengineering.com"
"omaha","AECOM","aecom.com"
"omaha","ARCADIS, U.S., Inc","arcadis.com"
"omaha","Barge Design Solutions, Inc.","bargedesign.com"
"omaha","Bear Steele Global, Ltd. Co.","bearsteele.com"
"omaha","Black &amp; Veatch Special Projects Corp.","bv.com"
"omaha","Blue Cypress Consulting","bluecypress-consulting.com"
"omaha","Burns &amp; McDonnell","burnsmcd.com"
"omaha","C.R. HIPP CONSTRUCTION INC","crhippconstruction.com"
"omaha","Catawba Engineering &amp; Environmental Services","catawbacorps.com"
"omaha","CEMS Engineering","cems-ae.com"
"omaha","CMB Services, Inc.","cmbbuild.com"
"omaha","Collins Engineers Inc.","collinsengr.com"
"omaha","Constantine Engineering Associates, LLC","constantineengineering.com"
"omaha","CTI and Associates, Inc.","cticompanies.com"
"omaha","Edwards-Pitman Environmental, Inc","edwards-pitman.com"
"omaha","EnSafe Inc.","ensafe.com"
"omaha","FORTA Corporation","forta-ferro.com"
"omaha","Gator Engineering &amp; Aquifer Restoration, Inc.","gearengineer.com"
"omaha","GEL Laboratories","gel.com"
"omaha","GeoStabilization International","geostabilization.com"
"omaha","GHD Inc.","ghd.com"
"omaha","Hana Engineers and Consultants, LLC","hanaengineers.com"
"omaha","HDR","hdrinc.com"
"omaha","Heritage Environmental Services, LLC","heritage-enviro.com"
"omaha","K-Con Inc.","kconinc.com"
"omaha","LBE, Inc.","lbeeng.com"
"omaha","Leidos","leidos.com"
"omaha","LJB Inc.","ljbinc.com"
"omaha","Mahorsky Group, Inc.","mahorskygroup.com"
"omaha","Mattern &amp; Craig","matternandcraig.com"
"omaha","MBP","mbpce.com"
"omaha","McKim &amp; Creed Inc.","mckimcreed.com"
"omaha","Mead &amp; Hunt, Inc.","meadhunt.com"
"omaha","Mill City Environmental Corp.","millcityenv.com"
"omaha","Mortenson Construction","mortenson.com"
"omaha","MPS Engineering and Construction","mpsgc.com"
"omaha","OK2 Construction LCC","ok2construction.com"
"omaha","Pond &amp; Company","pondco.com"
"omaha","R2P","r2pdoors.com"
"omaha","Raymond Engineering-Georgia, Inc.","raymond.global"
"omaha","S&amp;ME, Inc.","smeinc.com"
"omaha","SDR","gosdr.com"
"omaha","Seres","seres-es.com"
"omaha","Siemens Industries, Inc.","new.siemens.com"
"omaha","Stantec, Inc.","stantec.com"
"omaha","Terracon Consultants, Inc.","terracon.com"
"omaha","Tetra Tech, Inc.","tetratech.com"
"omaha","Thomas &amp; Hutton Engineering Co.","thomasandhutton.com"
"omaha","Thunderbird-HRP JV, LLC","hrpassociates.com"
"omaha","The Whiting-Turner Contracting Company","whiting-turner.com"
"omaha","W. M. Jordan Company, Inc.","wmjordan.com"
"omaha","Weston Solutions, Inc.","westonsolutions.com"
"omaha","Wood","woodgroup.com"
"omaha","Woolpert, Inc.","woolpert.com"
"omaha","Zapata Group","zapatainc.com"
"omaha","2026 SBC","samesbc.org"
"omaha","2026 Capital Week","samecapweek.org"
"nevada","ADC Engineering","adcengineering.com"
"nevada","AECOM","aecom.com"
"nevada","ARCADIS, U.S., Inc","arcadis.com"
"nevada","Barge Design Solutions, Inc.","bargedesign.com"
"nevada","Bear Steele Global, Ltd. Co.","bearsteele.com"
"nevada","Black &amp; Veatch Special Projects Corp.","bv.com"
"nevada","Blue Cypress Consulting","bluecypress-consulting.com"
"nevada","Burns &amp; McDonnell","burnsmcd.com"
"nevada","C.R. HIPP CONSTRUCTION INC","crhippconstruction.com"
"nevada","Catawba Engineering &amp; Environmental Services","catawbacorps.com"
"nevada","CEMS Engineering","cems-ae.com"
"nevada","CMB Services, Inc.","cmbbuild.com"
"nevada","Collins Engineers Inc.","collinsengr.com"
"nevada","Constantine Engineering Associates, LLC","constantineengineering.com"
"nevada","CTI and Associates, Inc.","cticompanies.com"
"nevada","Edwards-Pitman Environmental, Inc","edwards-pitman.com"
"nevada","EnSafe Inc.","ensafe.com"
"nevada","FORTA Corporation","forta-ferro.com"
"nevada","Gator Engineering &amp; Aquifer Restoration, Inc.","gearengineer.com"
"nevada","GEL Laboratories","gel.com"
"nevada","GeoStabilization International","geostabilization.com"
"nevada","GHD Inc.","ghd.com"
"nevada","Hana Engineers and Consultants, LLC","hanaengineers.com"
"nevada","HDR","hdrinc.com"
"nevada","Heritage Environmental Services, LLC","heritage-enviro.com"
"nevada","K-Con Inc.","kconinc.com"
"nevada","LBE, Inc.","lbeeng.com"
"nevada","Leidos","leidos.com"
"nevada","LJB Inc.","ljbinc.com"
"nevada","Mahorsky Group, Inc.","mahorskygroup.com"
"nevada","Mattern &amp; Craig","matternandcraig.com"
"nevada","MBP","mbpce.com"
"nevada","McKim &amp; Creed Inc.","mckimcreed.com"
"nevada","Mead &amp; Hunt, Inc.","meadhunt.com"
"nevada","Mill City Environmental Corp.","millcityenv.com"
"nevada","Mortenson Construction","mortenson.com"
"nevada","MPS Engineering and Construction","mpsgc.com"
"nevada","OK2 Construction LCC","ok2construction.com"
"nevada","Pond &amp; Company","pondco.com"
"nevada","R2P","r2pdoors.com"
"nevada","Raymond Engineering-Georgia, Inc.","raymond.global"
"nevada","S&amp;ME, Inc.","smeinc.com"
"nevada","SDR","gosdr.com"
"nevada","Seres","seres-es.com"
"nevada","Siemens Industries, Inc.","new.siemens.com"
"nevada","Stantec, Inc.","stantec.com"
"nevada","Terracon Consultants, Inc.","terracon.com"
"nevada","Tetra Tech, Inc.","tetratech.com"
"nevada","Thomas &amp; Hutton Engineering Co.","thomasandhutton.com"
"nevada","Thunderbird-HRP JV, LLC","hrpassociates.com"
"nevada","The Whiting-Turner Contracting Company","whiting-turner.com"
"nevada","W. M. Jordan Company, Inc.","wmjordan.com"
"nevada","Weston Solutions, Inc.","westonsolutions.com"
"nevada","Wood","woodgroup.com"
"nevada","Woolpert, Inc.","woolpert.com"
"nevada","Zapata Group","zapatainc.com"
"nevada","2026 SBC","samesbc.org"
"nevada","2026 Capital Week","samecapweek.org"
"piscataqua","ADC Engineering","adcengineering.com"
"piscataqua","AECOM","aecom.com"
"piscataqua","ARCADIS, U.S., Inc","arcadis.com"
"piscataqua","Barge Design Solutions, Inc.","bargedesign.com"
"piscataqua","Bear Steele Global, Ltd. Co.","bearsteele.com"
"piscataqua","Black &amp; Veatch Special Projects Corp.","bv.com"
"piscataqua","Blue Cypress Consulting","bluecypress-consulting.com"
"piscataqua","Burns &amp; McDonnell","burnsmcd.com"
"piscataqua","C.R. HIPP CONSTRUCTION INC","crhippconstruction.com"
"piscataqua","Catawba Engineering &amp; Environmental Services","catawbacorps.com"
"piscataqua","CEMS Engineering","cems-ae.com"
"piscataqua","CMB Services, Inc.","cmbbuild.com"
"piscataqua","Collins Engineers Inc.","collinsengr.com"
"piscataqua","Constantine Engineering Associates, LLC","constantineengineering.com"
"piscataqua","CTI and Associates, Inc.","cticompanies.com"
"piscataqua","Edwards-Pitman Environmental, Inc","edwards-pitman.com"
"piscataqua","EnSafe Inc.","ensafe.com"
"piscataqua","FORTA Corporation","forta-ferro.com"
"piscataqua","Gator Engineering &amp; Aquifer Restoration, Inc.","gearengineer.com"
"piscataqua","GEL Laboratories","gel.com"
"piscataqua","GeoStabilization International","geostabilization.com"
"piscataqua","GHD Inc.","ghd.com"
"piscataqua","Hana Engineers and Consultants, LLC","hanaengineers.com"
"piscataqua","HDR","hdrinc.com"
"piscataqua","Heritage Environmental Services, LLC","heritage-enviro.com"
"piscataqua","K-Con Inc.","kconinc.com"
"piscataqua","LBE, Inc.","lbeeng.com"
"piscataqua","Leidos","leidos.com"
"piscataqua","LJB Inc.","ljbinc.com"
"piscataqua","Mahorsky Group, Inc.","mahorskygroup.com"
"piscataqua","Mattern &amp; Craig","matternandcraig.com"
"piscataqua","MBP","mbpce.com"
"piscataqua","McKim &amp; Creed Inc.","mckimcreed.com"
"piscataqua","Mead &amp; Hunt, Inc.","meadhunt.com"
"piscataqua","Mill City Environmental Corp.","millcityenv.com"
"piscataqua","Mortenson Construction","mortenson.com"
"piscataqua","MPS Engineering and Construction","mpsgc.com"
"piscataqua","OK2 Construction LCC","ok2construction.com"
"piscataqua","Pond &amp; Company","pondco.com"
"piscataqua","R2P","r2pdoors.com"
"piscataqua","Raymond Engineering-Georgia, Inc.","raymond.global"
"piscataqua","S&amp;ME, Inc.","smeinc.com"
"piscataqua","SDR","gosdr.com"
"piscataqua","Seres","seres-es.com"
"piscataqua","Siemens Industries, Inc.","new.siemens.com"
"piscataqua","Stantec, Inc.","stantec.com"
"piscataqua","Terracon Consultants, Inc.","terracon.com"
"piscataqua","Tetra Tech, Inc.","tetratech.com"
"piscataqua","Thomas &amp; Hutton Engineering Co.","thomasandhutton.com"
"piscataqua","Thunderbird-HRP JV, LLC","hrpassociates.com"
"piscataqua","The Whiting-Turner Contracting Company","whiting-turner.com"
"piscataqua","W. M. Jordan Company, Inc.","wmjordan.com"
"piscataqua","Weston Solutions, Inc.","westonsolutions.com"
"piscataqua","Wood","woodgroup.com"
"piscataqua","Woolpert, Inc.","woolpert.com"
"piscataqua","Zapata Group","zapatainc.com"
"piscataqua","2026 SBC","samesbc.org"
"piscataqua","2026 Capital Week","samecapweek.org"
"nj","Hager- Richter Geoscience, Inc.","hager-richter.net"
"nj","AECOM","aecom.com"
"nj","HDR","hdrinc.com"
"nj","Alliant Corporation","alliantcorp.com"
"nj","Heritage Environmental Services, LLC","heritage-enviro.com"
"nj","Andana Consulting","andanaconsulting.com"
"nj","Hirani Engineering &amp; Land Surveying, P.C.","hiranigroup.com"
"nj","BEM Systems Inc.","bemsys.com"
"nj","I.C.E. Service Group, Inc.","iceservicegroup.com"
"nj","Bering Straits Technical Services, LLC","beringstraits.com"
"nj","Borbas Surveying &amp; Mapping, LLC","borbas.com"
"nj","Bristol Industries","bristol-companies.com"
"nj","Jingoli Power, LLC","jingolipower.com"
"nj","Burgos Group, LLC","burgosgroup.com"
"nj","Kiewit","kiewit.com"
"nj","Burns &amp; McDonnell","burnsmcd.com"
"nj","MBP","mbpce.com"
"nj","CDM Smith","cdmsmith.com"
"nj","McLaren Engineering Group","mgmclaren.com"
"nj","Cherokee Nation Businesses","cherokeenationbusinesses.com"
"nj","Michael Baker Corporation","mbakerintl.com"
"nj","Cherokee Nation Construction Services","cherokee-federal.com"
"nj","Montrose Environmental Group","montrose-env.com"
"nj","Clean Harbors Environmental Services","cleanharbors.com"
"nj","Crawford Environmental Services","crawfordenvironmental.com"
"nj","Pavement Surface Coatings","pavementsurfacecoatings.com"
"nj","Dewberry","dewberry.com"
"nj","Princeton Hydro","princetonhydro.com"
"nj","E2 Project Management","e2pm.com"
"nj","Resource Options, Inc.","resourceoptions.com"
"nj","EA Engineering, Science, and Technology, Inc.","eaest.com"
"nj","Sevenson Environmental Services Inc.","sevenson.com"
"nj","Eastern Fire And Safety","easternfiresafety.com"
"nj","Siemens Industries Inc.","usa.siemens.com"
"nj","EG&amp;R Engineering PC","egrengineering.com"
"nj","Sovereign Consulting Inc.","sovcon.com"
"nj","Elite CAD Designs","elitecaddesign.net"
"nj","Spiniello Companies","spiniello.com"
"nj","ENGenuity Infrastructure","engenuitynj.com"
"nj","Stantec, Inc.","stantec.com"
"nj","Enovate","enovateengineering.com"
"nj","STV Inc.","stvinc.com"
"nj","Enviroscapes, Inc.","enviroscapesinc.com"
"nj","SumCo Eco-Contracting","sumcoeco.com"
"nj","Equity Environmental Engineering LLC","equityenvironmental.com"
"nj","Terracon Consultants, Inc.","terracon.com"
"nj","EwingCole","ewingcole.com"
"nj","Tetra Tech Inc.","tetratech.com"
"nj","First Environment, Inc.","firstenvironment.com"
"nj","TTI Environmental, Inc.","ttienvinc.com"
"nj","VRX, Inc.","vrxglobal.com"
"nj","Gannett Fleming Inc.","gannettfleming.com"
"nj","GeoTrek Environmental and Surveying, LLC","geotrekenv.com"
"nj","Wood","woodgroup.com"
"nj","Greenman Pedersen Inc. (GPI)","gpinet.com"
"nj","GZA GeoEnvironmental Inc.","gza.com"
"nj","YU &amp; Associates, Inc.","yu-associates.com"
"nj","2026 SBC","samesbc.org"
"nj","2026 Capital Week","samecapweek.org"
"albuquerque","ADC Engineering","adcengineering.com"
"albuquerque","AECOM","aecom.com"
"albuquerque","ARCADIS, U.S., Inc","arcadis.com"
"albuquerque","Barge Design Solutions, Inc.","bargedesign.com"
"albuquerque","Bear Steele Global, Ltd. Co.","bearsteele.com"
"albuquerque","Black &amp; Veatch Special Projects Corp.","bv.com"
"albuquerque","Blue Cypress Consulting","bluecypress-consulting.com"
"albuquerque","Burns &amp; McDonnell","burnsmcd.com"
"albuquerque","C.R. HIPP CONSTRUCTION INC","crhippconstruction.com"
"albuquerque","Catawba Engineering &amp; Environmental Services","catawbacorps.com"
"albuquerque","CEMS Engineering","cems-ae.com"
"albuquerque","CMB Services, Inc.","cmbbuild.com"
"albuquerque","Collins Engineers Inc.","collinsengr.com"
"albuquerque","Constantine Engineering Associates, LLC","constantineengineering.com"
"albuquerque","CTI and Associates, Inc.","cticompanies.com"
"albuquerque","Edwards-Pitman Environmental, Inc","edwards-pitman.com"
"albuquerque","EnSafe Inc.","ensafe.com"
"albuquerque","FORTA Corporation","forta-ferro.com"
"albuquerque","Gator Engineering &amp; Aquifer Restoration, Inc.","gearengineer.com"
"albuquerque","GEL Laboratories","gel.com"
"albuquerque","GeoStabilization International","geostabilization.com"
"albuquerque","GHD Inc.","ghd.com"
"albuquerque","Hana Engineers and Consultants, LLC","hanaengineers.com"
"albuquerque","HDR","hdrinc.com"
"albuquerque","Heritage Environmental Services, LLC","heritage-enviro.com"
"albuquerque","K-Con Inc.","kconinc.com"
"albuquerque","LBE, Inc.","lbeeng.com"
"albuquerque","Leidos","leidos.com"
"albuquerque","LJB Inc.","ljbinc.com"
"albuquerque","Mahorsky Group, Inc.","mahorskygroup.com"
"albuquerque","Mattern &amp; Craig","matternandcraig.com"
"albuquerque","MBP","mbpce.com"
"albuquerque","McKim &amp; Creed Inc.","mckimcreed.com"
"albuquerque","Mead &amp; Hunt, Inc.","meadhunt.com"
"albuquerque","Mill City Environmental Corp.","millcityenv.com"
"albuquerque","Mortenson Construction","mortenson.com"
"albuquerque","MPS Engineering and Construction","mpsgc.com"
"albuquerque","OK2 Construction LCC","ok2construction.com"
"albuquerque","Pond &amp; Company","pondco.com"
"albuquerque","R2P","r2pdoors.com"
"albuquerque","Raymond Engineering-Georgia, Inc.","raymond.global"
"albuquerque","S&amp;ME, Inc.","smeinc.com"
"albuquerque","SDR","gosdr.com"
"albuquerque","Seres","seres-es.com"
"albuquerque","Siemens Industries, Inc.","new.siemens.com"
"albuquerque","Stantec, Inc.","stantec.com"
"albuquerque","Terracon Consultants, Inc.","terracon.com"
"albuquerque","Tetra Tech, Inc.","tetratech.com"
"albuquerque","Thomas &amp; Hutton Engineering Co.","thomasandhutton.com"
"albuquerque","Thunderbird-HRP JV, LLC","hrpassociates.com"
"albuquerque","The Whiting-Turner Contracting Company","whiting-turner.com"
"albuquerque","W. M. Jordan Company, Inc.","wmjordan.com"
"albuquerque","Weston Solutions, Inc.","westonsolutions.com"
"albuquerque","Wood","woodgroup.com"
"albuquerque","Woolpert, Inc.","woolpert.com"
"albuquerque","Zapata Group","zapatainc.com"
"albuquerque","2026 SBC","samesbc.org"
"albuquerque","2026 Capital Week","samecapweek.org"
"tularosa","ADC Engineering","adcengineering.com"
"tularosa","AECOM","aecom.com"
"tularosa","ARCADIS, U.S., Inc","arcadis.com"
"tularosa","Barge Design Solutions, Inc.","bargedesign.com"
"tularosa","Bear Steele Global, Ltd. Co.","bearsteele.com"
"tularosa","Black &amp; Veatch Special Projects Corp.","bv.com"
"tularosa","Blue Cypress Consulting","bluecypress-consulting.com"
"tularosa","Burns &amp; McDonnell","burnsmcd.com"
"tularosa","C.R. HIPP CONSTRUCTION INC","crhippconstruction.com"
"tularosa","Catawba Engineering &amp; Environmental Services","catawbacorps.com"
"tularosa","CEMS Engineering","cems-ae.com"
"tularosa","CMB Services, Inc.","cmbbuild.com"
"tularosa","Collins Engineers Inc.","collinsengr.com"
"tularosa","Constantine Engineering Associates, LLC","constantineengineering.com"
"tularosa","CTI and Associates, Inc.","cticompanies.com"
"tularosa","Edwards-Pitman Environmental, Inc","edwards-pitman.com"
"tularosa","EnSafe Inc.","ensafe.com"
"tularosa","FORTA Corporation","forta-ferro.com"
"tularosa","Gator Engineering &amp; Aquifer Restoration, Inc.","gearengineer.com"
"tularosa","GEL Laboratories","gel.com"
"tularosa","GeoStabilization International","geostabilization.com"
"tularosa","GHD Inc.","ghd.com"
"tularosa","Hana Engineers and Consultants, LLC","hanaengineers.com"
"tularosa","HDR","hdrinc.com"
"tularosa","Heritage Environmental Services, LLC","heritage-enviro.com"
"tularosa","K-Con Inc.","kconinc.com"
"tularosa","LBE, Inc.","lbeeng.com"
"tularosa","Leidos","leidos.com"
"tularosa","LJB Inc.","ljbinc.com"
"tularosa","Mahorsky Group, Inc.","mahorskygroup.com"
"tularosa","Mattern &amp; Craig","matternandcraig.com"
"tularosa","MBP","mbpce.com"
"tularosa","McKim &amp; Creed Inc.","mckimcreed.com"
"tularosa","Mead &amp; Hunt, Inc.","meadhunt.com"
"tularosa","Mill City Environmental Corp.","millcityenv.com"
"tularosa","Mortenson Construction","mortenson.com"
"tularosa","MPS Engineering and Construction","mpsgc.com"
"tularosa","OK2 Construction LCC","ok2construction.com"
"tularosa","Pond &amp; Company","pondco.com"
"tularosa","R2P","r2pdoors.com"
"tularosa","Raymond Engineering-Georgia, Inc.","raymond.global"
"tularosa","S&amp;ME, Inc.","smeinc.com"
"tularosa","SDR","gosdr.com"
"tularosa","Seres","seres-es.com"
"tularosa","Siemens Industries, Inc.","new.siemens.com"
"tularosa","Stantec, Inc.","stantec.com"
"tularosa","Terracon Consultants, Inc.","terracon.com"
"tularosa","Tetra Tech, Inc.","tetratech.com"
"tularosa","Thomas &amp; Hutton Engineering Co.","thomasandhutton.com"
"tularosa","Thunderbird-HRP JV, LLC","hrpassociates.com"
"tularosa","The Whiting-Turner Contracting Company","whiting-turner.com"
"tularosa","W. M. Jordan Company, Inc.","wmjordan.com"
"tularosa","Weston Solutions, Inc.","westonsolutions.com"
"tularosa","Wood","woodgroup.com"
"tularosa","Woolpert, Inc.","woolpert.com"
"tularosa","Zapata Group","zapatainc.com"
"tularosa","2026 SBC","samesbc.org"
"tularosa","2026 Capital Week","samecapweek.org"
"buffalo","ADC Engineering","adcengineering.com"
"buffalo","AECOM","aecom.com"
"buffalo","ARCADIS, U.S., Inc","arcadis.com"
"buffalo","Barge Design Solutions, Inc.","bargedesign.com"
"buffalo","Bear Steele Global, Ltd. Co.","bearsteele.com"
"buffalo","Black &amp; Veatch Special Projects Corp.","bv.com"
"buffalo","Blue Cypress Consulting","bluecypress-consulting.com"
"buffalo","Burns &amp; McDonnell","burnsmcd.com"
"buffalo","C.R. HIPP CONSTRUCTION INC","crhippconstruction.com"
"buffalo","Catawba Engineering &amp; Environmental Services","catawbacorps.com"
"buffalo","CEMS Engineering","cems-ae.com"
"buffalo","CMB Services, Inc.","cmbbuild.com"
"buffalo","Collins Engineers Inc.","collinsengr.com"
"buffalo","Constantine Engineering Associates, LLC","constantineengineering.com"
"buffalo","CTI and Associates, Inc.","cticompanies.com"
"buffalo","Edwards-Pitman Environmental, Inc","edwards-pitman.com"
"buffalo","EnSafe Inc.","ensafe.com"
"buffalo","FORTA Corporation","forta-ferro.com"
"buffalo","Gator Engineering &amp; Aquifer Restoration, Inc.","gearengineer.com"
"buffalo","GEL Laboratories","gel.com"
"buffalo","GeoStabilization International","geostabilization.com"
"buffalo","GHD Inc.","ghd.com"
"buffalo","Hana Engineers and Consultants, LLC","hanaengineers.com"
"buffalo","HDR","hdrinc.com"
"buffalo","Heritage Environmental Services, LLC","heritage-enviro.com"
"buffalo","K-Con Inc.","kconinc.com"
"buffalo","LBE, Inc.","lbeeng.com"
"buffalo","Leidos","leidos.com"
"buffalo","LJB Inc.","ljbinc.com"
"buffalo","Mahorsky Group, Inc.","mahorskygroup.com"
"buffalo","Mattern &amp; Craig","matternandcraig.com"
"buffalo","MBP","mbpce.com"
"buffalo","McKim &amp; Creed Inc.","mckimcreed.com"
"buffalo","Mead &amp; Hunt, Inc.","meadhunt.com"
"buffalo","Mill City Environmental Corp.","millcityenv.com"
"buffalo","Mortenson Construction","mortenson.com"
"buffalo","MPS Engineering and Construction","mpsgc.com"
"buffalo","OK2 Construction LCC","ok2construction.com"
"buffalo","Pond &amp; Company","pondco.com"
"buffalo","R2P","r2pdoors.com"
"buffalo","Raymond Engineering-Georgia, Inc.","raymond.global"
"buffalo","S&amp;ME, Inc.","smeinc.com"
"buffalo","SDR","gosdr.com"
"buffalo","Seres","seres-es.com"
"buffalo","Siemens Industries, Inc.","new.siemens.com"
"buffalo","Stantec, Inc.","stantec.com"
"buffalo","Terracon Consultants, Inc.","terracon.com"
"buffalo","Tetra Tech, Inc.","tetratech.com"
"buffalo","Thomas &amp; Hutton Engineering Co.","thomasandhutton.com"
"buffalo","Thunderbird-HRP JV, LLC","hrpassociates.com"
"buffalo","The Whiting-Turner Contracting Company","whiting-turner.com"
"buffalo","W. M. Jordan Company, Inc.","wmjordan.com"
"buffalo","Weston Solutions, Inc.","westonsolutions.com"
"buffalo","Wood","woodgroup.com"
"buffalo","Woolpert, Inc.","woolpert.com"
"buffalo","Zapata Group","zapatainc.com"
"buffalo","2026 SBC","samesbc.org"
"buffalo","2026 Capital Week","samecapweek.org"
"ftbragg","ADC Engineering","adcengineering.com"
"ftbragg","AECOM","aecom.com"
"ftbragg","ARCADIS, U.S., Inc","arcadis.com"
"ftbragg","Barge Design Solutions, Inc.","bargedesign.com"
"ftbragg","Bear Steele Global, Ltd. Co.","bearsteele.com"
"ftbragg","Black &amp; Veatch Special Projects Corp.","bv.com"
"ftbragg","Blue Cypress Consulting","bluecypress-consulting.com"
"ftbragg","Burns &amp; McDonnell","burnsmcd.com"
"ftbragg","C.R. HIPP CONSTRUCTION INC","crhippconstruction.com"
"ftbragg","Catawba Engineering &amp; Environmental Services","catawbacorps.com"
"ftbragg","CEMS Engineering","cems-ae.com"
"ftbragg","CMB Services, Inc.","cmbbuild.com"
"ftbragg","Collins Engineers Inc.","collinsengr.com"
"ftbragg","Constantine Engineering Associates, LLC","constantineengineering.com"
"ftbragg","CTI and Associates, Inc.","cticompanies.com"
"ftbragg","Edwards-Pitman Environmental, Inc","edwards-pitman.com"
"ftbragg","EnSafe Inc.","ensafe.com"
"ftbragg","FORTA Corporation","forta-ferro.com"
"ftbragg","Gator Engineering &amp; Aquifer Restoration, Inc.","gearengineer.com"
"ftbragg","GEL Laboratories","gel.com"
"ftbragg","GeoStabilization International","geostabilization.com"
"ftbragg","GHD Inc.","ghd.com"
"ftbragg","Hana Engineers and Consultants, LLC","hanaengineers.com"
"ftbragg","HDR","hdrinc.com"
"ftbragg","Heritage Environmental Services, LLC","heritage-enviro.com"
"ftbragg","K-Con Inc.","kconinc.com"
"ftbragg","LBE, Inc.","lbeeng.com"
"ftbragg","Leidos","leidos.com"
"ftbragg","LJB Inc.","ljbinc.com"
"ftbragg","Mahorsky Group, Inc.","mahorskygroup.com"
"ftbragg","Mattern &amp; Craig","matternandcraig.com"
"ftbragg","MBP","mbpce.com"
"ftbragg","McKim &amp; Creed Inc.","mckimcreed.com"
"ftbragg","Mead &amp; Hunt, Inc.","meadhunt.com"
"ftbragg","Mill City Environmental Corp.","millcityenv.com"
"ftbragg","Mortenson Construction","mortenson.com"
"ftbragg","MPS Engineering and Construction","mpsgc.com"
"ftbragg","OK2 Construction LCC","ok2construction.com"
"ftbragg","Pond &amp; Company","pondco.com"
"ftbragg","R2P","r2pdoors.com"
"ftbragg","Raymond Engineering-Georgia, Inc.","raymond.global"
"ftbragg","S&amp;ME, Inc.","smeinc.com"
"ftbragg","SDR","gosdr.com"
"ftbragg","Seres","seres-es.com"
"ftbragg","Siemens Industries, Inc.","new.siemens.com"
"ftbragg","Stantec, Inc.","stantec.com"
"ftbragg","Terracon Consultants, Inc.","terracon.com"
"ftbragg","Tetra Tech, Inc.","tetratech.com"
"ftbragg","Thomas &amp; Hutton Engineering Co.","thomasandhutton.com"
"ftbragg","Thunderbird-HRP JV, LLC","hrpassociates.com"
"ftbragg","The Whiting-Turner Contracting Company","whiting-turner.com"
"ftbragg","W. M. Jordan Company, Inc.","wmjordan.com"
"ftbragg","Weston Solutions, Inc.","westonsolutions.com"
"ftbragg","Wood","woodgroup.com"
"ftbragg","Woolpert, Inc.","woolpert.com"
"ftbragg","Zapata Group","zapatainc.com"
"ftbragg","2026 SBC","samesbc.org"
"ftbragg","2026 Capital Week","samecapweek.org"
"cf","ADC Engineering","adcengineering.com"
"cf","AECOM","aecom.com"
"cf","ARCADIS, U.S., Inc","arcadis.com"
"cf","Barge Design Solutions, Inc.","bargedesign.com"
"cf","Bear Steele Global, Ltd. Co.","bearsteele.com"
"cf","Black &amp; Veatch Special Projects Corp.","bv.com"
"cf","Blue Cypress Consulting","bluecypress-consulting.com"
"cf","Burns &amp; McDonnell","burnsmcd.com"
"cf","C.R. HIPP CONSTRUCTION INC","crhippconstruction.com"
"cf","Catawba Engineering &amp; Environmental Services","catawbacorps.com"
"cf","CEMS Engineering","cems-ae.com"
"cf","CMB Services, Inc.","cmbbuild.com"
"cf","Collins Engineers Inc.","collinsengr.com"
"cf","Constantine Engineering Associates, LLC","constantineengineering.com"
"cf","CTI and Associates, Inc.","cticompanies.com"
"cf","Edwards-Pitman Environmental, Inc","edwards-pitman.com"
"cf","EnSafe Inc.","ensafe.com"
"cf","FORTA Corporation","forta-ferro.com"
"cf","Gator Engineering &amp; Aquifer Restoration, Inc.","gearengineer.com"
"cf","GEL Laboratories","gel.com"
"cf","GeoStabilization International","geostabilization.com"
"cf","GHD Inc.","ghd.com"
"cf","Hana Engineers and Consultants, LLC","hanaengineers.com"
"cf","HDR","hdrinc.com"
"cf","Heritage Environmental Services, LLC","heritage-enviro.com"
"cf","K-Con Inc.","kconinc.com"
"cf","LBE, Inc.","lbeeng.com"
"cf","Leidos","leidos.com"
"cf","LJB Inc.","ljbinc.com"
"cf","Mahorsky Group, Inc.","mahorskygroup.com"
"cf","Mattern &amp; Craig","matternandcraig.com"
"cf","MBP","mbpce.com"
"cf","McKim &amp; Creed Inc.","mckimcreed.com"
"cf","Mead &amp; Hunt, Inc.","meadhunt.com"
"cf","Mill City Environmental Corp.","millcityenv.com"
"cf","Mortenson Construction","mortenson.com"
"cf","MPS Engineering and Construction","mpsgc.com"
"cf","OK2 Construction LCC","ok2construction.com"
"cf","Pond &amp; Company","pondco.com"
"cf","R2P","r2pdoors.com"
"cf","Raymond Engineering-Georgia, Inc.","raymond.global"
"cf","S&amp;ME, Inc.","smeinc.com"
"cf","SDR","gosdr.com"
"cf","Seres","seres-es.com"
"cf","Siemens Industries, Inc.","new.siemens.com"
"cf","Stantec, Inc.","stantec.com"
"cf","Terracon Consultants, Inc.","terracon.com"
"cf","Tetra Tech, Inc.","tetratech.com"
"cf","Thomas &amp; Hutton Engineering Co.","thomasandhutton.com"
"cf","Thunderbird-HRP JV, LLC","hrpassociates.com"
"cf","The Whiting-Turner Contracting Company","whiting-turner.com"
"cf","W. M. Jordan Company, Inc.","wmjordan.com"
"cf","Weston Solutions, Inc.","westonsolutions.com"
"cf","Wood","woodgroup.com"
"cf","Woolpert, Inc.","woolpert.com"
"cf","Zapata Group","zapatainc.com"
"cf","2026 SBC","samesbc.org"
"cf","2026 Capital Week","samecapweek.org"
"cc","ADC Engineering","adcengineering.com"
"cc","AECOM","aecom.com"
"cc","ARCADIS, U.S., Inc","arcadis.com"
"cc","Barge Design Solutions, Inc.","bargedesign.com"
"cc","Bear Steele Global, Ltd. Co.","bearsteele.com"
"cc","Black &amp; Veatch Special Projects Corp.","bv.com"
"cc","Blue Cypress Consulting","bluecypress-consulting.com"
"cc","Burns &amp; McDonnell","burnsmcd.com"
"cc","C.R. HIPP CONSTRUCTION INC","crhippconstruction.com"
"cc","Catawba Engineering &amp; Environmental Services","catawbacorps.com"
"cc","CEMS Engineering","cems-ae.com"
"cc","CMB Services, Inc.","cmbbuild.com"
"cc","Collins Engineers Inc.","collinsengr.com"
"cc","Constantine Engineering Associates, LLC","constantineengineering.com"
"cc","CTI and Associates, Inc.","cticompanies.com"
"cc","Edwards-Pitman Environmental, Inc","edwards-pitman.com"
"cc","EnSafe Inc.","ensafe.com"
"cc","FORTA Corporation","forta-ferro.com"
"cc","Gator Engineering &amp; Aquifer Restoration, Inc.","gearengineer.com"
"cc","GEL Laboratories","gel.com"
"cc","GeoStabilization International","geostabilization.com"
"cc","GHD Inc.","ghd.com"
"cc","Hana Engineers and Consultants, LLC","hanaengineers.com"
"cc","HDR","hdrinc.com"
"cc","Heritage Environmental Services, LLC","heritage-enviro.com"
"cc","K-Con Inc.","kconinc.com"
"cc","LBE, Inc.","lbeeng.com"
"cc","Leidos","leidos.com"
"cc","LJB Inc.","ljbinc.com"
"cc","Mahorsky Group, Inc.","mahorskygroup.com"
"cc","Mattern &amp; Craig","matternandcraig.com"
"cc","MBP","mbpce.com"
"cc","McKim &amp; Creed Inc.","mckimcreed.com"
"cc","Mead &amp; Hunt, Inc.","meadhunt.com"
"cc","Mill City Environmental Corp.","millcityenv.com"
"cc","Mortenson Construction","mortenson.com"
"cc","MPS Engineering and Construction","mpsgc.com"
"cc","OK2 Construction LCC","ok2construction.com"
"cc","Pond &amp; Company","pondco.com"
"cc","R2P","r2pdoors.com"
"cc","Raymond Engineering-Georgia, Inc.","raymond.global"
"cc","S&amp;ME, Inc.","smeinc.com"
"cc","SDR","gosdr.com"
"cc","Seres","seres-es.com"
"cc","Siemens Industries, Inc.","new.siemens.com"
"cc","Stantec, Inc.","stantec.com"
"cc","Terracon Consultants, Inc.","terracon.com"
"cc","Tetra Tech, Inc.","tetratech.com"
"cc","Thomas &amp; Hutton Engineering Co.","thomasandhutton.com"
"cc","Thunderbird-HRP JV, LLC","hrpassociates.com"
"cc","The Whiting-Turner Contracting Company","whiting-turner.com"
"cc","W. M. Jordan Company, Inc.","wmjordan.com"
"cc","Weston Solutions, Inc.","westonsolutions.com"
"cc","Wood","woodgroup.com"
"cc","Woolpert, Inc.","woolpert.com"
"cc","Zapata Group","zapatainc.com"
"cc","2026 SBC","samesbc.org"
"cc","2026 Capital Week","samecapweek.org"
"minot","ADC Engineering","adcengineering.com"
"minot","AECOM","aecom.com"
"minot","ARCADIS, U.S., Inc","arcadis.com"
"minot","Barge Design Solutions, Inc.","bargedesign.com"
"minot","Bear Steele Global, Ltd. Co.","bearsteele.com"
"minot","Black &amp; Veatch Special Projects Corp.","bv.com"
"minot","Blue Cypress Consulting","bluecypress-consulting.com"
"minot","Burns &amp; McDonnell","burnsmcd.com"
"minot","C.R. HIPP CONSTRUCTION INC","crhippconstruction.com"
"minot","Catawba Engineering &amp; Environmental Services","catawbacorps.com"
"minot","CEMS Engineering","cems-ae.com"
"minot","CMB Services, Inc.","cmbbuild.com"
"minot","Collins Engineers Inc.","collinsengr.com"
"minot","Constantine Engineering Associates, LLC","constantineengineering.com"
"minot","CTI and Associates, Inc.","cticompanies.com"
"minot","Edwards-Pitman Environmental, Inc","edwards-pitman.com"
"minot","EnSafe Inc.","ensafe.com"
"minot","FORTA Corporation","forta-ferro.com"
"minot","Gator Engineering &amp; Aquifer Restoration, Inc.","gearengineer.com"
"minot","GEL Laboratories","gel.com"
"minot","GeoStabilization International","geostabilization.com"
"minot","GHD Inc.","ghd.com"
"minot","Hana Engineers and Consultants, LLC","hanaengineers.com"
"minot","HDR","hdrinc.com"
"minot","Heritage Environmental Services, LLC","heritage-enviro.com"
"minot","K-Con Inc.","kconinc.com"
"minot","LBE, Inc.","lbeeng.com"
"minot","Leidos","leidos.com"
"minot","LJB Inc.","ljbinc.com"
"minot","Mahorsky Group, Inc.","mahorskygroup.com"
"minot","Mattern &amp; Craig","matternandcraig.com"
"minot","MBP","mbpce.com"
"minot","McKim &amp; Creed Inc.","mckimcreed.com"
"minot","Mead &amp; Hunt, Inc.","meadhunt.com"
"minot","Mill City Environmental Corp.","millcityenv.com"
"minot","Mortenson Construction","mortenson.com"
"minot","MPS Engineering and Construction","mpsgc.com"
"minot","OK2 Construction LCC","ok2construction.com"
"minot","Pond &amp; Company","pondco.com"
"minot","R2P","r2pdoors.com"
"minot","Raymond Engineering-Georgia, Inc.","raymond.global"
"minot","S&amp;ME, Inc.","smeinc.com"
"minot","SDR","gosdr.com"
"minot","Seres","seres-es.com"
"minot","Siemens Industries, Inc.","new.siemens.com"
"minot","Stantec, Inc.","stantec.com"
"minot","Terracon Consultants, Inc.","terracon.com"
"minot","Tetra Tech, Inc.","tetratech.com"
"minot","Thomas &amp; Hutton Engineering Co.","thomasandhutton.com"
"minot","Thunderbird-HRP JV, LLC","hrpassociates.com"
"minot","The Whiting-Turner Contracting Company","whiting-turner.com"
"minot","W. M. Jordan Company, Inc.","wmjordan.com"
"minot","Weston Solutions, Inc.","westonsolutions.com"
"minot","Wood","woodgroup.com"
"minot","Woolpert, Inc.","woolpert.com"
"minot","Zapata Group","zapatainc.com"
"minot","2026 SBC","samesbc.org"
"minot","2026 Capital Week","samecapweek.org"
"cleveland","ADC Engineering","adcengineering.com"
"cleveland","AECOM","aecom.com"
"cleveland","ARCADIS, U.S., Inc","arcadis.com"
"cleveland","Barge Design Solutions, Inc.","bargedesign.com"
"cleveland","Bear Steele Global, Ltd. Co.","bearsteele.com"
"cleveland","Black &amp; Veatch Special Projects Corp.","bv.com"
"cleveland","Blue Cypress Consulting","bluecypress-consulting.com"
"cleveland","Burns &amp; McDonnell","burnsmcd.com"
"cleveland","C.R. HIPP CONSTRUCTION INC","crhippconstruction.com"
"cleveland","Catawba Engineering &amp; Environmental Services","catawbacorps.com"
"cleveland","CEMS Engineering","cems-ae.com"
"cleveland","CMB Services, Inc.","cmbbuild.com"
"cleveland","Collins Engineers Inc.","collinsengr.com"
"cleveland","Constantine Engineering Associates, LLC","constantineengineering.com"
"cleveland","CTI and Associates, Inc.","cticompanies.com"
"cleveland","Edwards-Pitman Environmental, Inc","edwards-pitman.com"
"cleveland","EnSafe Inc.","ensafe.com"
"cleveland","FORTA Corporation","forta-ferro.com"
"cleveland","Gator Engineering &amp; Aquifer Restoration, Inc.","gearengineer.com"
"cleveland","GEL Laboratories","gel.com"
"cleveland","GeoStabilization International","geostabilization.com"
"cleveland","GHD Inc.","ghd.com"
"cleveland","Hana Engineers and Consultants, LLC","hanaengineers.com"
"cleveland","HDR","hdrinc.com"
"cleveland","Heritage Environmental Services, LLC","heritage-enviro.com"
"cleveland","K-Con Inc.","kconinc.com"
"cleveland","LBE, Inc.","lbeeng.com"
"cleveland","Leidos","leidos.com"
"cleveland","LJB Inc.","ljbinc.com"
"cleveland","Mahorsky Group, Inc.","mahorskygroup.com"
"cleveland","Mattern &amp; Craig","matternandcraig.com"
"cleveland","MBP","mbpce.com"
"cleveland","McKim &amp; Creed Inc.","mckimcreed.com"
"cleveland","Mead &amp; Hunt, Inc.","meadhunt.com"
"cleveland","Mill City Environmental Corp.","millcityenv.com"
"cleveland","Mortenson Construction","mortenson.com"
"cleveland","MPS Engineering and Construction","mpsgc.com"
"cleveland","OK2 Construction LCC","ok2construction.com"
"cleveland","Pond &amp; Company","pondco.com"
"cleveland","R2P","r2pdoors.com"
"cleveland","Raymond Engineering-Georgia, Inc.","raymond.global"
"cleveland","S&amp;ME, Inc.","smeinc.com"
"cleveland","SDR","gosdr.com"
"cleveland","Seres","seres-es.com"
"cleveland","Siemens Industries, Inc.","new.siemens.com"
"cleveland","Stantec, Inc.","stantec.com"
"cleveland","Terracon Consultants, Inc.","terracon.com"
"cleveland","Tetra Tech, Inc.","tetratech.com"
"cleveland","Thomas &amp; Hutton Engineering Co.","thomasandhutton.com"
"cleveland","Thunderbird-HRP JV, LLC","hrpassociates.com"
"cleveland","The Whiting-Turner Contracting Company","whiting-turner.com"
"cleveland","W. M. Jordan Company, Inc.","wmjordan.com"
"cleveland","Weston Solutions, Inc.","westonsolutions.com"
"cleveland","Wood","woodgroup.com"
"cleveland","Woolpert, Inc.","woolpert.com"
"cleveland","Zapata Group","zapatainc.com"
"cleveland","2026 SBC","samesbc.org"
"cleveland","2026 Capital Week","samecapweek.org"
"cincinnati","ADC Engineering","adcengineering.com"
"cincinnati","AECOM","aecom.com"
"cincinnati","ARCADIS, U.S., Inc","arcadis.com"
"cincinnati","Barge Design Solutions, Inc.","bargedesign.com"
"cincinnati","Bear Steele Global, Ltd. Co.","bearsteele.com"
"cincinnati","Black &amp; Veatch Special Projects Corp.","bv.com"
"cincinnati","Blue Cypress Consulting","bluecypress-consulting.com"
"cincinnati","Burns &amp; McDonnell","burnsmcd.com"
"cincinnati","C.R. HIPP CONSTRUCTION INC","crhippconstruction.com"
"cincinnati","Catawba Engineering &amp; Environmental Services","catawbacorps.com"
"cincinnati","CEMS Engineering","cems-ae.com"
"cincinnati","CMB Services, Inc.","cmbbuild.com"
"cincinnati","Collins Engineers Inc.","collinsengr.com"
"cincinnati","Constantine Engineering Associates, LLC","constantineengineering.com"
"cincinnati","CTI and Associates, Inc.","cticompanies.com"
"cincinnati","Edwards-Pitman Environmental, Inc","edwards-pitman.com"
"cincinnati","EnSafe Inc.","ensafe.com"
"cincinnati","FORTA Corporation","forta-ferro.com"
"cincinnati","Gator Engineering &amp; Aquifer Restoration, Inc.","gearengineer.com"
"cincinnati","GEL Laboratories","gel.com"
"cincinnati","GeoStabilization International","geostabilization.com"
"cincinnati","GHD Inc.","ghd.com"
"cincinnati","Hana Engineers and Consultants, LLC","hanaengineers.com"
"cincinnati","HDR","hdrinc.com"
"cincinnati","Heritage Environmental Services, LLC","heritage-enviro.com"
"cincinnati","K-Con Inc.","kconinc.com"
"cincinnati","LBE, Inc.","lbeeng.com"
"cincinnati","Leidos","leidos.com"
"cincinnati","LJB Inc.","ljbinc.com"
"cincinnati","Mahorsky Group, Inc.","mahorskygroup.com"
"cincinnati","Mattern &amp; Craig","matternandcraig.com"
"cincinnati","MBP","mbpce.com"
"cincinnati","McKim &amp; Creed Inc.","mckimcreed.com"
"cincinnati","Mead &amp; Hunt, Inc.","meadhunt.com"
"cincinnati","Mill City Environmental Corp.","millcityenv.com"
"cincinnati","Mortenson Construction","mortenson.com"
"cincinnati","MPS Engineering and Construction","mpsgc.com"
"cincinnati","OK2 Construction LCC","ok2construction.com"
"cincinnati","Pond &amp; Company","pondco.com"
"cincinnati","R2P","r2pdoors.com"
"cincinnati","Raymond Engineering-Georgia, Inc.","raymond.global"
"cincinnati","S&amp;ME, Inc.","smeinc.com"
"cincinnati","SDR","gosdr.com"
"cincinnati","Seres","seres-es.com"
"cincinnati","Siemens Industries, Inc.","new.siemens.com"
"cincinnati","Stantec, Inc.","stantec.com"
"cincinnati","Terracon Consultants, Inc.","terracon.com"
"cincinnati","Tetra Tech, Inc.","tetratech.com"
"cincinnati","Thomas &amp; Hutton Engineering Co.","thomasandhutton.com"
"cincinnati","Thunderbird-HRP JV, LLC","hrpassociates.com"
"cincinnati","The Whiting-Turner Contracting Company","whiting-turner.com"
"cincinnati","W. M. Jordan Company, Inc.","wmjordan.com"
"cincinnati","Weston Solutions, Inc.","westonsolutions.com"
"cincinnati","Wood","woodgroup.com"
"cincinnati","Woolpert, Inc.","woolpert.com"
"cincinnati","Zapata Group","zapatainc.com"
"cincinnati","2026 SBC","samesbc.org"
"cincinnati","2026 Capital Week","samecapweek.org"
"kittyhawk","ADC Engineering","adcengineering.com"
"kittyhawk","AECOM","aecom.com"
"kittyhawk","ARCADIS, U.S., Inc","arcadis.com"
"kittyhawk","Barge Design Solutions, Inc.","bargedesign.com"
"kittyhawk","Bear Steele Global, Ltd. Co.","bearsteele.com"
"kittyhawk","Black &amp; Veatch Special Projects Corp.","bv.com"
"kittyhawk","Blue Cypress Consulting","bluecypress-consulting.com"
"kittyhawk","Burns &amp; McDonnell","burnsmcd.com"
"kittyhawk","C.R. HIPP CONSTRUCTION INC","crhippconstruction.com"
"kittyhawk","Catawba Engineering &amp; Environmental Services","catawbacorps.com"
"kittyhawk","CEMS Engineering","cems-ae.com"
"kittyhawk","CMB Services, Inc.","cmbbuild.com"
"kittyhawk","Collins Engineers Inc.","collinsengr.com"
"kittyhawk","Constantine Engineering Associates, LLC","constantineengineering.com"
"kittyhawk","CTI and Associates, Inc.","cticompanies.com"
"kittyhawk","Edwards-Pitman Environmental, Inc","edwards-pitman.com"
"kittyhawk","EnSafe Inc.","ensafe.com"
"kittyhawk","FORTA Corporation","forta-ferro.com"
"kittyhawk","Gator Engineering &amp; Aquifer Restoration, Inc.","gearengineer.com"
"kittyhawk","GEL Laboratories","gel.com"
"kittyhawk","GeoStabilization International","geostabilization.com"
"kittyhawk","GHD Inc.","ghd.com"
"kittyhawk","Hana Engineers and Consultants, LLC","hanaengineers.com"
"kittyhawk","HDR","hdrinc.com"
"kittyhawk","Heritage Environmental Services, LLC","heritage-enviro.com"
"kittyhawk","K-Con Inc.","kconinc.com"
"kittyhawk","LBE, Inc.","lbeeng.com"
"kittyhawk","Leidos","leidos.com"
"kittyhawk","LJB Inc.","ljbinc.com"
"kittyhawk","Mahorsky Group, Inc.","mahorskygroup.com"
"kittyhawk","Mattern &amp; Craig","matternandcraig.com"
"kittyhawk","MBP","mbpce.com"
"kittyhawk","McKim &amp; Creed Inc.","mckimcreed.com"
"kittyhawk","Mead &amp; Hunt, Inc.","meadhunt.com"
"kittyhawk","Mill City Environmental Corp.","millcityenv.com"
"kittyhawk","Mortenson Construction","mortenson.com"
"kittyhawk","MPS Engineering and Construction","mpsgc.com"
"kittyhawk","OK2 Construction LCC","ok2construction.com"
"kittyhawk","Pond &amp; Company","pondco.com"
"kittyhawk","R2P","r2pdoors.com"
"kittyhawk","Raymond Engineering-Georgia, Inc.","raymond.global"
"kittyhawk","S&amp;ME, Inc.","smeinc.com"
"kittyhawk","SDR","gosdr.com"
"kittyhawk","Seres","seres-es.com"
"kittyhawk","Siemens Industries, Inc.","new.siemens.com"
"kittyhawk","Stantec, Inc.","stantec.com"
"kittyhawk","Terracon Consultants, Inc.","terracon.com"
"kittyhawk","Tetra Tech, Inc.","tetratech.com"
"kittyhawk","Thomas &amp; Hutton Engineering Co.","thomasandhutton.com"
"kittyhawk","Thunderbird-HRP JV, LLC","hrpassociates.com"
"kittyhawk","The Whiting-Turner Contracting Company","whiting-turner.com"
"kittyhawk","W. M. Jordan Company, Inc.","wmjordan.com"
"kittyhawk","Weston Solutions, Inc.","westonsolutions.com"
"kittyhawk","Wood","woodgroup.com"
"kittyhawk","Woolpert, Inc.","woolpert.com"
"kittyhawk","Zapata Group","zapatainc.com"
"kittyhawk","2026 SBC","samesbc.org"
"kittyhawk","2026 Capital Week","samecapweek.org"
"okc","ADC Engineering","adcengineering.com"
"okc","AECOM","aecom.com"
"okc","ARCADIS, U.S., Inc","arcadis.com"
"okc","Barge Design Solutions, Inc.","bargedesign.com"
"okc","Bear Steele Global, Ltd. Co.","bearsteele.com"
"okc","Black &amp; Veatch Special Projects Corp.","bv.com"
"okc","Blue Cypress Consulting","bluecypress-consulting.com"
"okc","Burns &amp; McDonnell","burnsmcd.com"
"okc","C.R. HIPP CONSTRUCTION INC","crhippconstruction.com"
"okc","Catawba Engineering &amp; Environmental Services","catawbacorps.com"
"okc","CEMS Engineering","cems-ae.com"
"okc","CMB Services, Inc.","cmbbuild.com"
"okc","Collins Engineers Inc.","collinsengr.com"
"okc","Constantine Engineering Associates, LLC","constantineengineering.com"
"okc","CTI and Associates, Inc.","cticompanies.com"
"okc","Edwards-Pitman Environmental, Inc","edwards-pitman.com"
"okc","EnSafe Inc.","ensafe.com"
"okc","FORTA Corporation","forta-ferro.com"
"okc","Gator Engineering &amp; Aquifer Restoration, Inc.","gearengineer.com"
"okc","GEL Laboratories","gel.com"
"okc","GeoStabilization International","geostabilization.com"
"okc","GHD Inc.","ghd.com"
"okc","Hana Engineers and Consultants, LLC","hanaengineers.com"
"okc","HDR","hdrinc.com"
"okc","Heritage Environmental Services, LLC","heritage-enviro.com"
"okc","K-Con Inc.","kconinc.com"
"okc","LBE, Inc.","lbeeng.com"
"okc","Leidos","leidos.com"
"okc","LJB Inc.","ljbinc.com"
"okc","Mahorsky Group, Inc.","mahorskygroup.com"
"okc","Mattern &amp; Craig","matternandcraig.com"
"okc","MBP","mbpce.com"
"okc","McKim &amp; Creed Inc.","mckimcreed.com"
"okc","Mead &amp; Hunt, Inc.","meadhunt.com"
"okc","Mill City Environmental Corp.","millcityenv.com"
"okc","Mortenson Construction","mortenson.com"
"okc","MPS Engineering and Construction","mpsgc.com"
"okc","OK2 Construction LCC","ok2construction.com"
"okc","Pond &amp; Company","pondco.com"
"okc","R2P","r2pdoors.com"
"okc","Raymond Engineering-Georgia, Inc.","raymond.global"
"okc","S&amp;ME, Inc.","smeinc.com"
"okc","SDR","gosdr.com"
"okc","Seres","seres-es.com"
"okc","Siemens Industries, Inc.","new.siemens.com"
"okc","Stantec, Inc.","stantec.com"
"okc","Terracon Consultants, Inc.","terracon.com"
"okc","Tetra Tech, Inc.","tetratech.com"
"okc","Thomas &amp; Hutton Engineering Co.","thomasandhutton.com"
"okc","Thunderbird-HRP JV, LLC","hrpassociates.com"
"okc","The Whiting-Turner Contracting Company","whiting-turner.com"
"okc","W. M. Jordan Company, Inc.","wmjordan.com"
"okc","Weston Solutions, Inc.","westonsolutions.com"
"okc","Wood","woodgroup.com"
"okc","Woolpert, Inc.","woolpert.com"
"okc","Zapata Group","zapatainc.com"
"okc","2026 SBC","samesbc.org"
"okc","2026 Capital Week","samecapweek.org"
"tulsa","ADC Engineering","adcengineering.com"
"tulsa","AECOM","aecom.com"
"tulsa","ARCADIS, U.S., Inc","arcadis.com"
"tulsa","Barge Design Solutions, Inc.","bargedesign.com"
"tulsa","Bear Steele Global, Ltd. Co.","bearsteele.com"
"tulsa","Black &amp; Veatch Special Projects Corp.","bv.com"
"tulsa","Blue Cypress Consulting","bluecypress-consulting.com"
"tulsa","Burns &amp; McDonnell","burnsmcd.com"
"tulsa","C.R. HIPP CONSTRUCTION INC","crhippconstruction.com"
"tulsa","Catawba Engineering &amp; Environmental Services","catawbacorps.com"
"tulsa","CEMS Engineering","cems-ae.com"
"tulsa","CMB Services, Inc.","cmbbuild.com"
"tulsa","Collins Engineers Inc.","collinsengr.com"
"tulsa","Constantine Engineering Associates, LLC","constantineengineering.com"
"tulsa","CTI and Associates, Inc.","cticompanies.com"
"tulsa","Edwards-Pitman Environmental, Inc","edwards-pitman.com"
"tulsa","EnSafe Inc.","ensafe.com"
"tulsa","FORTA Corporation","forta-ferro.com"
"tulsa","Gator Engineering &amp; Aquifer Restoration, Inc.","gearengineer.com"
"tulsa","GEL Laboratories","gel.com"
"tulsa","GeoStabilization International","geostabilization.com"
"tulsa","GHD Inc.","ghd.com"
"tulsa","Hana Engineers and Consultants, LLC","hanaengineers.com"
"tulsa","HDR","hdrinc.com"
"tulsa","Heritage Environmental Services, LLC","heritage-enviro.com"
"tulsa","K-Con Inc.","kconinc.com"
"tulsa","LBE, Inc.","lbeeng.com"
"tulsa","Leidos","leidos.com"
"tulsa","LJB Inc.","ljbinc.com"
"tulsa","Mahorsky Group, Inc.","mahorskygroup.com"
"tulsa","Mattern &amp; Craig","matternandcraig.com"
"tulsa","MBP","mbpce.com"
"tulsa","McKim &amp; Creed Inc.","mckimcreed.com"
"tulsa","Mead &amp; Hunt, Inc.","meadhunt.com"
"tulsa","Mill City Environmental Corp.","millcityenv.com"
"tulsa","Mortenson Construction","mortenson.com"
"tulsa","MPS Engineering and Construction","mpsgc.com"
"tulsa","OK2 Construction LCC","ok2construction.com"
"tulsa","Pond &amp; Company","pondco.com"
"tulsa","R2P","r2pdoors.com"
"tulsa","Raymond Engineering-Georgia, Inc.","raymond.global"
"tulsa","S&amp;ME, Inc.","smeinc.com"
"tulsa","SDR","gosdr.com"
"tulsa","Seres","seres-es.com"
"tulsa","Siemens Industries, Inc.","new.siemens.com"
"tulsa","Stantec, Inc.","stantec.com"
"tulsa","Terracon Consultants, Inc.","terracon.com"
"tulsa","Tetra Tech, Inc.","tetratech.com"
"tulsa","Thomas &amp; Hutton Engineering Co.","thomasandhutton.com"
"tulsa","Thunderbird-HRP JV, LLC","hrpassociates.com"
"tulsa","The Whiting-Turner Contracting Company","whiting-turner.com"
"tulsa","W. M. Jordan Company, Inc.","wmjordan.com"
"tulsa","Weston Solutions, Inc.","westonsolutions.com"
"tulsa","Wood","woodgroup.com"
"tulsa","Woolpert, Inc.","woolpert.com"
"tulsa","Zapata Group","zapatainc.com"
"tulsa","2026 SBC","samesbc.org"
"tulsa","2026 Capital Week","samecapweek.org"
"wichita","ADC Engineering","adcengineering.com"
"wichita","AECOM","aecom.com"
"wichita","ARCADIS, U.S., Inc","arcadis.com"
"wichita","Barge Design Solutions, Inc.","bargedesign.com"
"wichita","Bear Steele Global, Ltd. Co.","bearsteele.com"
"wichita","Black &amp; Veatch Special Projects Corp.","bv.com"
"wichita","Blue Cypress Consulting","bluecypress-consulting.com"
"wichita","Burns &amp; McDonnell","burnsmcd.com"
"wichita","C.R. HIPP CONSTRUCTION INC","crhippconstruction.com"
"wichita","Catawba Engineering &amp; Environmental Services","catawbacorps.com"
"wichita","CEMS Engineering","cems-ae.com"
"wichita","CMB Services, Inc.","cmbbuild.com"
"wichita","Collins Engineers Inc.","collinsengr.com"
"wichita","Constantine Engineering Associates, LLC","constantineengineering.com"
"wichita","CTI and Associates, Inc.","cticompanies.com"
"wichita","Edwards-Pitman Environmental, Inc","edwards-pitman.com"
"wichita","EnSafe Inc.","ensafe.com"
"wichita","FORTA Corporation","forta-ferro.com"
"wichita","Gator Engineering &amp; Aquifer Restoration, Inc.","gearengineer.com"
"wichita","GEL Laboratories","gel.com"
"wichita","GeoStabilization International","geostabilization.com"
"wichita","GHD Inc.","ghd.com"
"wichita","Hana Engineers and Consultants, LLC","hanaengineers.com"
"wichita","HDR","hdrinc.com"
"wichita","Heritage Environmental Services, LLC","heritage-enviro.com"
"wichita","K-Con Inc.","kconinc.com"
"wichita","LBE, Inc.","lbeeng.com"
"wichita","Leidos","leidos.com"
"wichita","LJB Inc.","ljbinc.com"
"wichita","Mahorsky Group, Inc.","mahorskygroup.com"
"wichita","Mattern &amp; Craig","matternandcraig.com"
"wichita","MBP","mbpce.com"
"wichita","McKim &amp; Creed Inc.","mckimcreed.com"
"wichita","Mead &amp; Hunt, Inc.","meadhunt.com"
"wichita","Mill City Environmental Corp.","millcityenv.com"
"wichita","Mortenson Construction","mortenson.com"
"wichita","MPS Engineering and Construction","mpsgc.com"
"wichita","OK2 Construction LCC","ok2construction.com"
"wichita","Pond &amp; Company","pondco.com"
"wichita","R2P","r2pdoors.com"
"wichita","Raymond Engineering-Georgia, Inc.","raymond.global"
"wichita","S&amp;ME, Inc.","smeinc.com"
"wichita","SDR","gosdr.com"
"wichita","Seres","seres-es.com"
"wichita","Siemens Industries, Inc.","new.siemens.com"
"wichita","Stantec, Inc.","stantec.com"
"wichita","Terracon Consultants, Inc.","terracon.com"
"wichita","Tetra Tech, Inc.","tetratech.com"
"wichita","Thomas &amp; Hutton Engineering Co.","thomasandhutton.com"
"wichita","Thunderbird-HRP JV, LLC","hrpassociates.com"
"wichita","The Whiting-Turner Contracting Company","whiting-turner.com"
"wichita","W. M. Jordan Company, Inc.","wmjordan.com"
"wichita","Weston Solutions, Inc.","westonsolutions.com"
"wichita","Wood","woodgroup.com"
"wichita","Woolpert, Inc.","woolpert.com"
"wichita","Zapata Group","zapatainc.com"
"wichita","2026 SBC","samesbc.org"
"wichita","2026 Capital Week","samecapweek.org"
"portland","ADC Engineering","adcengineering.com"
"portland","AECOM","aecom.com"
"portland","ARCADIS, U.S., Inc","arcadis.com"
"portland","Barge Design Solutions, Inc.","bargedesign.com"
"portland","Bear Steele Global, Ltd. Co.","bearsteele.com"
"portland","Black &amp; Veatch Special Projects Corp.","bv.com"
"portland","Blue Cypress Consulting","bluecypress-consulting.com"
"portland","Burns &amp; McDonnell","burnsmcd.com"
"portland","C.R. HIPP CONSTRUCTION INC","crhippconstruction.com"
"portland","Catawba Engineering &amp; Environmental Services","catawbacorps.com"
"portland","CEMS Engineering","cems-ae.com"
"portland","CMB Services, Inc.","cmbbuild.com"
"portland","Collins Engineers Inc.","collinsengr.com"
"portland","Constantine Engineering Associates, LLC","constantineengineering.com"
"portland","CTI and Associates, Inc.","cticompanies.com"
"portland","Edwards-Pitman Environmental, Inc","edwards-pitman.com"
"portland","EnSafe Inc.","ensafe.com"
"portland","FORTA Corporation","forta-ferro.com"
"portland","Gator Engineering &amp; Aquifer Restoration, Inc.","gearengineer.com"
"portland","GEL Laboratories","gel.com"
"portland","GeoStabilization International","geostabilization.com"
"portland","GHD Inc.","ghd.com"
"portland","Hana Engineers and Consultants, LLC","hanaengineers.com"
"portland","HDR","hdrinc.com"
"portland","Heritage Environmental Services, LLC","heritage-enviro.com"
"portland","K-Con Inc.","kconinc.com"
"portland","LBE, Inc.","lbeeng.com"
"portland","Leidos","leidos.com"
"portland","LJB Inc.","ljbinc.com"
"portland","Mahorsky Group, Inc.","mahorskygroup.com"
"portland","Mattern &amp; Craig","matternandcraig.com"
"portland","MBP","mbpce.com"
"portland","McKim &amp; Creed Inc.","mckimcreed.com"
"portland","Mead &amp; Hunt, Inc.","meadhunt.com"
"portland","Mill City Environmental Corp.","millcityenv.com"
"portland","Mortenson Construction","mortenson.com"
"portland","MPS Engineering and Construction","mpsgc.com"
"portland","OK2 Construction LCC","ok2construction.com"
"portland","Pond &amp; Company","pondco.com"
"portland","R2P","r2pdoors.com"
"portland","Raymond Engineering-Georgia, Inc.","raymond.global"
"portland","S&amp;ME, Inc.","smeinc.com"
"portland","SDR","gosdr.com"
"portland","Seres","seres-es.com"
"portland","Siemens Industries, Inc.","new.siemens.com"
"portland","Stantec, Inc.","stantec.com"
"portland","Terracon Consultants, Inc.","terracon.com"
"portland","Tetra Tech, Inc.","tetratech.com"
"portland","Thomas &amp; Hutton Engineering Co.","thomasandhutton.com"
"portland","Thunderbird-HRP JV, LLC","hrpassociates.com"
"portland","The Whiting-Turner Contracting Company","whiting-turner.com"
"portland","W. M. Jordan Company, Inc.","wmjordan.com"
"portland","Weston Solutions, Inc.","westonsolutions.com"
"portland","Wood","woodgroup.com"
"portland","Woolpert, Inc.","woolpert.com"
"portland","Zapata Group","zapatainc.com"
"portland","2026 SBC","samesbc.org"
"portland","2026 Capital Week","samecapweek.org"
"philadelphia","AECOM","aecom.com"
"philadelphia","EA Engineering, Science , and Technology, Inc., PBC","eaest.com"
"philadelphia","Pennoni","pennoni.com"
"philadelphia","AKRF Inc.&nbsp;","akrf.com"
"philadelphia","Ewing Cole","ewingcole.com"
"philadelphia","Ranco Response","ranco-disaster.netlify.app"
"philadelphia","Gannett Fleming Inc","gannettfleming.com"
"philadelphia","Regenesis","regenesis.com"
"philadelphia","Anchor QEA","anchorqea.com"
"philadelphia","Genco General Contractors","gencopr.com"
"philadelphia","Remedial Construction Services, LP (RECON)","reconservices.com"
"philadelphia","ARCADIS, U.S., Inc&nbsp;","arcadis.com"
"philadelphia","Geosyntec Consultants, Inc","geosyntec.com"
"philadelphia","Schnabel Engineering, Inc","schnabel-eng.com"
"philadelphia","Axis Geospatial","axisgeospatial.com"
"philadelphia","Greenman-Pedersen, Inc","gpinet.com"
"philadelphia","SEARCH Inc.","searchinc.com"
"philadelphia","Basement Waterproofing Specialists","basementwaterproofingspecialists.com"
"philadelphia","GZA&nbsp;","gza.com"
"philadelphia","Sevenson Environmental Services, Inc","sevenson.com"
"philadelphia","BELFOR Property Restoration","belfor.com"
"philadelphia","HDR","hdrinc.com"
"philadelphia","Siemens Industries, Inc","siemens.com"
"philadelphia","Bergmann Associates&nbsp;","bergmannpc.com"
"philadelphia","Heritage Environmental Services, LLC","heritage-enviro.com"
"philadelphia","Stantec, Inc","stantec.com"
"philadelphia","Black &amp; Veatch&nbsp;Special Projects Corp.","bv.com"
"philadelphia","Honor Engineer Co.","honorengineer.com"
"philadelphia","STV","stvinc.com"
"philadelphia","Blue Trident, LLC&nbsp;","blue-trident.com"
"philadelphia","Jacobs","jacobs.com"
"philadelphia","Taylor Wiseman &amp; Taylor","taylorwiseman.com"
"philadelphia","Bluestone Environmental Group, Inc","bluestoneenviro.com"
"philadelphia","Johnson Controls Federal Systems&nbsp;","johnsoncontrols.com"
"philadelphia","Telgian Engineering &amp; Consulting","telgian.com"
"philadelphia","BrightFields, Inc","brightfieldsinc.com"
"philadelphia","KOMAN Holdings&nbsp;","komanholdings.com"
"philadelphia","Terracon Consultants, Inc.","terracon.com"
"philadelphia","Buchart Horn","bucharthorn.com"
"philadelphia","Kreischer Miller&nbsp;","kmco.com"
"philadelphia","Tetra Tech Inc","tetratech.com"
"philadelphia","Larson Design Group","larsondesigngroup.com"
"philadelphia","The Krydon Group, Inc.","krydon.com"
"philadelphia","Leidos","leidos.com"
"philadelphia","TTI Environmental, Inc","ttienvinc.com"
"philadelphia","CDM Smith","cdmsmith.com"
"philadelphia","Mahorsky Group Inc","mahorskygroup.com"
"philadelphia","TWS Environmental, LLC","twsenv.com"
"philadelphia","CEDARVILLE Engineering Group, LLC","cedarvilleeng.com"
"philadelphia","Michael Baker International","mbakerintl.com"
"philadelphia","Urban Engineers Inc","urbanengineers.com"
"philadelphia","Clean Harbors Environmental Services&nbsp;","cleanharbors.com"
"philadelphia","Miller Remick, LLC","miller-remick.com"
"philadelphia","Verina Consulting Group, LLC&nbsp;","vcg-llc.com"
"philadelphia","Cohen Seglias Pallas Greenhall &amp; Furman PC","cohenseglias.com"
"philadelphia","Mott Macdonald","mottmac.com"
"philadelphia","Versar","versar.com"
"philadelphia","Colliers Engineering &amp; Design","colliersengineering.com"
"philadelphia","Mountain Consulting, Inc","mountainconsultinginc.net"
"philadelphia","WBCM","wbcm.com"
"philadelphia","Comprehensive Environmental, Inc.","ceiengineers.com"
"philadelphia","Weston Solutions Inc","westonsolutions.com"
"philadelphia","DDMS Inc.","ddmsinc.com"
"philadelphia","Normandeau Associates Inc","normandeau.com"
"philadelphia","Wood","woodgroup.com"
"philadelphia","Dewberry","dewberry.com"
"philadelphia","NTM Engineering, Inc","ntmeng.com"
"philadelphia","Drexel University","drexel.edu"
"philadelphia","Odin Construction Solutions","odinenv.com"
"philadelphia","2026 SBC","samesbc.org"
"philadelphia","2026 Capital Week","samecapweek.org"
"pittsburgh","ADC Engineering","adcengineering.com"
"pittsburgh","AECOM","aecom.com"
"pittsburgh","ARCADIS, U.S., Inc","arcadis.com"
"pittsburgh","Barge Design Solutions, Inc.","bargedesign.com"
"pittsburgh","Bear Steele Global, Ltd. Co.","bearsteele.com"
"pittsburgh","Black &amp; Veatch Special Projects Corp.","bv.com"
"pittsburgh","Blue Cypress Consulting","bluecypress-consulting.com"
"pittsburgh","Burns &amp; McDonnell","burnsmcd.com"
"pittsburgh","C.R. HIPP CONSTRUCTION INC","crhippconstruction.com"
"pittsburgh","Catawba Engineering &amp; Environmental Services","catawbacorps.com"
"pittsburgh","CEMS Engineering","cems-ae.com"
"pittsburgh","CMB Services, Inc.","cmbbuild.com"
"pittsburgh","Collins Engineers Inc.","collinsengr.com"
"pittsburgh","Constantine Engineering Associates, LLC","constantineengineering.com"
"pittsburgh","CTI and Associates, Inc.","cticompanies.com"
"pittsburgh","Edwards-Pitman Environmental, Inc","edwards-pitman.com"
"pittsburgh","EnSafe Inc.","ensafe.com"
"pittsburgh","FORTA Corporation","forta-ferro.com"
"pittsburgh","Gator Engineering &amp; Aquifer Restoration, Inc.","gearengineer.com"
"pittsburgh","GEL Laboratories","gel.com"
"pittsburgh","GeoStabilization International","geostabilization.com"
"pittsburgh","GHD Inc.","ghd.com"
"pittsburgh","Hana Engineers and Consultants, LLC","hanaengineers.com"
"pittsburgh","HDR","hdrinc.com"
"pittsburgh","Heritage Environmental Services, LLC","heritage-enviro.com"
"pittsburgh","K-Con Inc.","kconinc.com"
"pittsburgh","LBE, Inc.","lbeeng.com"
"pittsburgh","Leidos","leidos.com"
"pittsburgh","LJB Inc.","ljbinc.com"
"pittsburgh","Mahorsky Group, Inc.","mahorskygroup.com"
"pittsburgh","Mattern &amp; Craig","matternandcraig.com"
"pittsburgh","MBP","mbpce.com"
"pittsburgh","McKim &amp; Creed Inc.","mckimcreed.com"
"pittsburgh","Mead &amp; Hunt, Inc.","meadhunt.com"
"pittsburgh","Mill City Environmental Corp.","millcityenv.com"
"pittsburgh","Mortenson Construction","mortenson.com"
"pittsburgh","MPS Engineering and Construction","mpsgc.com"
"pittsburgh","OK2 Construction LCC","ok2construction.com"
"pittsburgh","Pond &amp; Company","pondco.com"
"pittsburgh","R2P","r2pdoors.com"
"pittsburgh","Raymond Engineering-Georgia, Inc.","raymond.global"
"pittsburgh","S&amp;ME, Inc.","smeinc.com"
"pittsburgh","SDR","gosdr.com"
"pittsburgh","Seres","seres-es.com"
"pittsburgh","Siemens Industries, Inc.","new.siemens.com"
"pittsburgh","Stantec, Inc.","stantec.com"
"pittsburgh","Terracon Consultants, Inc.","terracon.com"
"pittsburgh","Tetra Tech, Inc.","tetratech.com"
"pittsburgh","Thomas &amp; Hutton Engineering Co.","thomasandhutton.com"
"pittsburgh","Thunderbird-HRP JV, LLC","hrpassociates.com"
"pittsburgh","The Whiting-Turner Contracting Company","whiting-turner.com"
"pittsburgh","W. M. Jordan Company, Inc.","wmjordan.com"
"pittsburgh","Weston Solutions, Inc.","westonsolutions.com"
"pittsburgh","Wood","woodgroup.com"
"pittsburgh","Woolpert, Inc.","woolpert.com"
"pittsburgh","Zapata Group","zapatainc.com"
"pittsburgh","2026 SBC","samesbc.org"
"pittsburgh","2026 Capital Week","samecapweek.org"
"narragansett","ADC Engineering","adcengineering.com"
"narragansett","AECOM","aecom.com"
"narragansett","ARCADIS, U.S., Inc","arcadis.com"
"narragansett","Barge Design Solutions, Inc.","bargedesign.com"
"narragansett","Bear Steele Global, Ltd. Co.","bearsteele.com"
"narragansett","Black &amp; Veatch Special Projects Corp.","bv.com"
"narragansett","Blue Cypress Consulting","bluecypress-consulting.com"
"narragansett","Burns &amp; McDonnell","burnsmcd.com"
"narragansett","C.R. HIPP CONSTRUCTION INC","crhippconstruction.com"
"narragansett","Catawba Engineering &amp; Environmental Services","catawbacorps.com"
"narragansett","CEMS Engineering","cems-ae.com"
"narragansett","CMB Services, Inc.","cmbbuild.com"
"narragansett","Collins Engineers Inc.","collinsengr.com"
"narragansett","Constantine Engineering Associates, LLC","constantineengineering.com"
"narragansett","CTI and Associates, Inc.","cticompanies.com"
"narragansett","Edwards-Pitman Environmental, Inc","edwards-pitman.com"
"narragansett","EnSafe Inc.","ensafe.com"
"narragansett","FORTA Corporation","forta-ferro.com"
"narragansett","Gator Engineering &amp; Aquifer Restoration, Inc.","gearengineer.com"
"narragansett","GEL Laboratories","gel.com"
"narragansett","GeoStabilization International","geostabilization.com"
"narragansett","GHD Inc.","ghd.com"
"narragansett","Hana Engineers and Consultants, LLC","hanaengineers.com"
"narragansett","HDR","hdrinc.com"
"narragansett","Heritage Environmental Services, LLC","heritage-enviro.com"
"narragansett","K-Con Inc.","kconinc.com"
"narragansett","LBE, Inc.","lbeeng.com"
"narragansett","Leidos","leidos.com"
"narragansett","LJB Inc.","ljbinc.com"
"narragansett","Mahorsky Group, Inc.","mahorskygroup.com"
"narragansett","Mattern &amp; Craig","matternandcraig.com"
"narragansett","MBP","mbpce.com"
"narragansett","McKim &amp; Creed Inc.","mckimcreed.com"
"narragansett","Mead &amp; Hunt, Inc.","meadhunt.com"
"narragansett","Mill City Environmental Corp.","millcityenv.com"
"narragansett","Mortenson Construction","mortenson.com"
"narragansett","MPS Engineering and Construction","mpsgc.com"
"narragansett","OK2 Construction LCC","ok2construction.com"
"narragansett","Pond &amp; Company","pondco.com"
"narragansett","R2P","r2pdoors.com"
"narragansett","Raymond Engineering-Georgia, Inc.","raymond.global"
"narragansett","S&amp;ME, Inc.","smeinc.com"
"narragansett","SDR","gosdr.com"
"narragansett","Seres","seres-es.com"
"narragansett","Siemens Industries, Inc.","new.siemens.com"
"narragansett","Stantec, Inc.","stantec.com"
"narragansett","Terracon Consultants, Inc.","terracon.com"
"narragansett","Tetra Tech, Inc.","tetratech.com"
"narragansett","Thomas &amp; Hutton Engineering Co.","thomasandhutton.com"
"narragansett","Thunderbird-HRP JV, LLC","hrpassociates.com"
"narragansett","The Whiting-Turner Contracting Company","whiting-turner.com"
"narragansett","W. M. Jordan Company, Inc.","wmjordan.com"
"narragansett","Weston Solutions, Inc.","westonsolutions.com"
"narragansett","Wood","woodgroup.com"
"narragansett","Woolpert, Inc.","woolpert.com"
"narragansett","Zapata Group","zapatainc.com"
"narragansett","2026 SBC","samesbc.org"
"narragansett","2026 Capital Week","samecapweek.org"
"columbia","ADC Engineering","adcengineering.com"
"columbia","AECOM","aecom.com"
"columbia","ARCADIS, U.S., Inc","arcadis.com"
"columbia","Barge Design Solutions, Inc.","bargedesign.com"
"columbia","Bear Steele Global, Ltd. Co.","bearsteele.com"
"columbia","Black &amp; Veatch Special Projects Corp.","bv.com"
"columbia","Blue Cypress Consulting","bluecypress-consulting.com"
"columbia","Burns &amp; McDonnell","burnsmcd.com"
"columbia","C.R. HIPP CONSTRUCTION INC","crhippconstruction.com"
"columbia","Catawba Engineering &amp; Environmental Services","catawbacorps.com"
"columbia","CEMS Engineering","cems-ae.com"
"columbia","CMB Services, Inc.","cmbbuild.com"
"columbia","Collins Engineers Inc.","collinsengr.com"
"columbia","Constantine Engineering Associates, LLC","constantineengineering.com"
"columbia","CTI and Associates, Inc.","cticompanies.com"
"columbia","Edwards-Pitman Environmental, Inc","edwards-pitman.com"
"columbia","EnSafe Inc.","ensafe.com"
"columbia","FORTA Corporation","forta-ferro.com"
"columbia","Gator Engineering &amp; Aquifer Restoration, Inc.","gearengineer.com"
"columbia","GEL Laboratories","gel.com"
"columbia","GeoStabilization International","geostabilization.com"
"columbia","GHD Inc.","ghd.com"
"columbia","Hana Engineers and Consultants, LLC","hanaengineers.com"
"columbia","HDR","hdrinc.com"
"columbia","Heritage Environmental Services, LLC","heritage-enviro.com"
"columbia","K-Con Inc.","kconinc.com"
"columbia","LBE, Inc.","lbeeng.com"
"columbia","Leidos","leidos.com"
"columbia","LJB Inc.","ljbinc.com"
"columbia","Mahorsky Group, Inc.","mahorskygroup.com"
"columbia","Mattern &amp; Craig","matternandcraig.com"
"columbia","MBP","mbpce.com"
"columbia","McKim &amp; Creed Inc.","mckimcreed.com"
"columbia","Mead &amp; Hunt, Inc.","meadhunt.com"
"columbia","Mill City Environmental Corp.","millcityenv.com"
"columbia","Mortenson Construction","mortenson.com"
"columbia","MPS Engineering and Construction","mpsgc.com"
"columbia","OK2 Construction LCC","ok2construction.com"
"columbia","Pond &amp; Company","pondco.com"
"columbia","R2P","r2pdoors.com"
"columbia","Raymond Engineering-Georgia, Inc.","raymond.global"
"columbia","S&amp;ME, Inc.","smeinc.com"
"columbia","SDR","gosdr.com"
"columbia","Seres","seres-es.com"
"columbia","Siemens Industries, Inc.","new.siemens.com"
"columbia","Stantec, Inc.","stantec.com"
"columbia","Terracon Consultants, Inc.","terracon.com"
"columbia","Tetra Tech, Inc.","tetratech.com"
"columbia","Thomas &amp; Hutton Engineering Co.","thomasandhutton.com"
"columbia","Thunderbird-HRP JV, LLC","hrpassociates.com"
"columbia","The Whiting-Turner Contracting Company","whiting-turner.com"
"columbia","W. M. Jordan Company, Inc.","wmjordan.com"
"columbia","Weston Solutions, Inc.","westonsolutions.com"
"columbia","Wood","woodgroup.com"
"columbia","Woolpert, Inc.","woolpert.com"
"columbia","Zapata Group","zapatainc.com"
"columbia","2026 SBC","samesbc.org"
"columbia","2026 Capital Week","samecapweek.org"
"charleston","ADC Engineering","adcengineering.com"
"charleston","AECOM","aecom.com"
"charleston","ARCADIS, U.S., Inc","arcadis.com"
"charleston","Barge Design Solutions, Inc.","bargedesign.com"
"charleston","Bear Steele Global, Ltd. Co.","bearsteele.com"
"charleston","Black &amp; Veatch Special Projects Corp.","bv.com"
"charleston","Blue Cypress Consulting","bluecypress-consulting.com"
"charleston","Burns &amp; McDonnell","burnsmcd.com"
"charleston","C.R. HIPP CONSTRUCTION INC","crhippconstruction.com"
"charleston","Catawba Engineering &amp; Environmental Services","catawbacorps.com"
"charleston","CEMS Engineering","cems-ae.com"
"charleston","CMB Services, Inc.","cmbbuild.com"
"charleston","Collins Engineers Inc.","collinsengr.com"
"charleston","Constantine Engineering Associates, LLC","constantineengineering.com"
"charleston","CTI and Associates, Inc.","cticompanies.com"
"charleston","Edwards-Pitman Environmental, Inc","edwards-pitman.com"
"charleston","EnSafe Inc.","ensafe.com"
"charleston","FORTA Corporation","forta-ferro.com"
"charleston","Gator Engineering &amp; Aquifer Restoration, Inc.","gearengineer.com"
"charleston","GEL Laboratories","gel.com"
"charleston","GeoStabilization International","geostabilization.com"
"charleston","GHD Inc.","ghd.com"
"charleston","Hana Engineers and Consultants, LLC","hanaengineers.com"
"charleston","HDR","hdrinc.com"
"charleston","Heritage Environmental Services, LLC","heritage-enviro.com"
"charleston","K-Con Inc.","kconinc.com"
"charleston","LBE, Inc.","lbeeng.com"
"charleston","Leidos","leidos.com"
"charleston","LJB Inc.","ljbinc.com"
"charleston","Mahorsky Group, Inc.","mahorskygroup.com"
"charleston","Mattern &amp; Craig","matternandcraig.com"
"charleston","MBP","mbpce.com"
"charleston","McKim &amp; Creed Inc.","mckimcreed.com"
"charleston","Mead &amp; Hunt, Inc.","meadhunt.com"
"charleston","Mill City Environmental Corp.","millcityenv.com"
"charleston","Mortenson Construction","mortenson.com"
"charleston","MPS Engineering and Construction","mpsgc.com"
"charleston","OK2 Construction LCC","ok2construction.com"
"charleston","Pond &amp; Company","pondco.com"
"charleston","R2P","r2pdoors.com"
"charleston","Raymond Engineering-Georgia, Inc.","raymond.global"
"charleston","S&amp;ME, Inc.","smeinc.com"
"charleston","SDR","gosdr.com"
"charleston","Seres","seres-es.com"
"charleston","Siemens Industries, Inc.","new.siemens.com"
"charleston","Stantec, Inc.","stantec.com"
"charleston","Terracon Consultants, Inc.","terracon.com"
"charleston","Tetra Tech, Inc.","tetratech.com"
"charleston","Thomas &amp; Hutton Engineering Co.","thomasandhutton.com"
"charleston","Thunderbird-HRP JV, LLC","hrpassociates.com"
"charleston","The Whiting-Turner Contracting Company","whiting-turner.com"
"charleston","W. M. Jordan Company, Inc.","wmjordan.com"
"charleston","Weston Solutions, Inc.","westonsolutions.com"
"charleston","Wood","woodgroup.com"
"charleston","Woolpert, Inc.","woolpert.com"
"charleston","Zapata Group","zapatainc.com"
"charleston","2026 SBC","samesbc.org"
"charleston","2026 Capital Week","samecapweek.org"
"memphis","ADC Engineering","adcengineering.com"
"memphis","AECOM","aecom.com"
"memphis","ARCADIS, U.S., Inc","arcadis.com"
"memphis","Barge Design Solutions, Inc.","bargedesign.com"
"memphis","Bear Steele Global, Ltd. Co.","bearsteele.com"
"memphis","Black &amp; Veatch Special Projects Corp.","bv.com"
"memphis","Blue Cypress Consulting","bluecypress-consulting.com"
"memphis","Burns &amp; McDonnell","burnsmcd.com"
"memphis","C.R. HIPP CONSTRUCTION INC","crhippconstruction.com"
"memphis","Catawba Engineering &amp; Environmental Services","catawbacorps.com"
"memphis","CEMS Engineering","cems-ae.com"
"memphis","CMB Services, Inc.","cmbbuild.com"
"memphis","Collins Engineers Inc.","collinsengr.com"
"memphis","Constantine Engineering Associates, LLC","constantineengineering.com"
"memphis","CTI and Associates, Inc.","cticompanies.com"
"memphis","Edwards-Pitman Environmental, Inc","edwards-pitman.com"
"memphis","EnSafe Inc.","ensafe.com"
"memphis","FORTA Corporation","forta-ferro.com"
"memphis","Gator Engineering &amp; Aquifer Restoration, Inc.","gearengineer.com"
"memphis","GEL Laboratories","gel.com"
"memphis","GeoStabilization International","geostabilization.com"
"memphis","GHD Inc.","ghd.com"
"memphis","Hana Engineers and Consultants, LLC","hanaengineers.com"
"memphis","HDR","hdrinc.com"
"memphis","Heritage Environmental Services, LLC","heritage-enviro.com"
"memphis","K-Con Inc.","kconinc.com"
"memphis","LBE, Inc.","lbeeng.com"
"memphis","Leidos","leidos.com"
"memphis","LJB Inc.","ljbinc.com"
"memphis","Mahorsky Group, Inc.","mahorskygroup.com"
"memphis","Mattern &amp; Craig","matternandcraig.com"
"memphis","MBP","mbpce.com"
"memphis","McKim &amp; Creed Inc.","mckimcreed.com"
"memphis","Mead &amp; Hunt, Inc.","meadhunt.com"
"memphis","Mill City Environmental Corp.","millcityenv.com"
"memphis","Mortenson Construction","mortenson.com"
"memphis","MPS Engineering and Construction","mpsgc.com"
"memphis","OK2 Construction LCC","ok2construction.com"
"memphis","Pond &amp; Company","pondco.com"
"memphis","R2P","r2pdoors.com"
"memphis","Raymond Engineering-Georgia, Inc.","raymond.global"
"memphis","S&amp;ME, Inc.","smeinc.com"
"memphis","SDR","gosdr.com"
"memphis","Seres","seres-es.com"
"memphis","Siemens Industries, Inc.","new.siemens.com"
"memphis","Stantec, Inc.","stantec.com"
"memphis","Terracon Consultants, Inc.","terracon.com"
"memphis","Tetra Tech, Inc.","tetratech.com"
"memphis","Thomas &amp; Hutton Engineering Co.","thomasandhutton.com"
"memphis","Thunderbird-HRP JV, LLC","hrpassociates.com"
"memphis","The Whiting-Turner Contracting Company","whiting-turner.com"
"memphis","W. M. Jordan Company, Inc.","wmjordan.com"
"memphis","Weston Solutions, Inc.","westonsolutions.com"
"memphis","Wood","woodgroup.com"
"memphis","Woolpert, Inc.","woolpert.com"
"memphis","Zapata Group","zapatainc.com"
"memphis","2026 SBC","samesbc.org"
"memphis","2026 Capital Week","samecapweek.org"
"nashville","ADC Engineering","adcengineering.com"
"nashville","AECOM","aecom.com"
"nashville","ARCADIS, U.S., Inc","arcadis.com"
"nashville","Barge Design Solutions, Inc.","bargedesign.com"
"nashville","Bear Steele Global, Ltd. Co.","bearsteele.com"
"nashville","Black &amp; Veatch Special Projects Corp.","bv.com"
"nashville","Blue Cypress Consulting","bluecypress-consulting.com"
"nashville","Burns &amp; McDonnell","burnsmcd.com"
"nashville","C.R. HIPP CONSTRUCTION INC","crhippconstruction.com"
"nashville","Catawba Engineering &amp; Environmental Services","catawbacorps.com"
"nashville","CEMS Engineering","cems-ae.com"
"nashville","CMB Services, Inc.","cmbbuild.com"
"nashville","Collins Engineers Inc.","collinsengr.com"
"nashville","Constantine Engineering Associates, LLC","constantineengineering.com"
"nashville","CTI and Associates, Inc.","cticompanies.com"
"nashville","Edwards-Pitman Environmental, Inc","edwards-pitman.com"
"nashville","EnSafe Inc.","ensafe.com"
"nashville","FORTA Corporation","forta-ferro.com"
"nashville","Gator Engineering &amp; Aquifer Restoration, Inc.","gearengineer.com"
"nashville","GEL Laboratories","gel.com"
"nashville","GeoStabilization International","geostabilization.com"
"nashville","GHD Inc.","ghd.com"
"nashville","Hana Engineers and Consultants, LLC","hanaengineers.com"
"nashville","HDR","hdrinc.com"
"nashville","Heritage Environmental Services, LLC","heritage-enviro.com"
"nashville","K-Con Inc.","kconinc.com"
"nashville","LBE, Inc.","lbeeng.com"
"nashville","Leidos","leidos.com"
"nashville","LJB Inc.","ljbinc.com"
"nashville","Mahorsky Group, Inc.","mahorskygroup.com"
"nashville","Mattern &amp; Craig","matternandcraig.com"
"nashville","MBP","mbpce.com"
"nashville","McKim &amp; Creed Inc.","mckimcreed.com"
"nashville","Mead &amp; Hunt, Inc.","meadhunt.com"
"nashville","Mill City Environmental Corp.","millcityenv.com"
"nashville","Mortenson Construction","mortenson.com"
"nashville","MPS Engineering and Construction","mpsgc.com"
"nashville","OK2 Construction LCC","ok2construction.com"
"nashville","Pond &amp; Company","pondco.com"
"nashville","R2P","r2pdoors.com"
"nashville","Raymond Engineering-Georgia, Inc.","raymond.global"
"nashville","S&amp;ME, Inc.","smeinc.com"
"nashville","SDR","gosdr.com"
"nashville","Seres","seres-es.com"
"nashville","Siemens Industries, Inc.","new.siemens.com"
"nashville","Stantec, Inc.","stantec.com"
"nashville","Terracon Consultants, Inc.","terracon.com"
"nashville","Tetra Tech, Inc.","tetratech.com"
"nashville","Thomas &amp; Hutton Engineering Co.","thomasandhutton.com"
"nashville","Thunderbird-HRP JV, LLC","hrpassociates.com"
"nashville","The Whiting-Turner Contracting Company","whiting-turner.com"
"nashville","W. M. Jordan Company, Inc.","wmjordan.com"
"nashville","Weston Solutions, Inc.","westonsolutions.com"
"nashville","Wood","woodgroup.com"
"nashville","Woolpert, Inc.","woolpert.com"
"nashville","Zapata Group","zapatainc.com"
"nashville","2026 SBC","samesbc.org"
"nashville","2026 Capital Week","samecapweek.org"
"tvp","ADC Engineering","adcengineering.com"
"tvp","AECOM","aecom.com"
"tvp","ARCADIS, U.S., Inc","arcadis.com"
"tvp","Barge Design Solutions, Inc.","bargedesign.com"
"tvp","Bear Steele Global, Ltd. Co.","bearsteele.com"
"tvp","Black &amp; Veatch Special Projects Corp.","bv.com"
"tvp","Blue Cypress Consulting","bluecypress-consulting.com"
"tvp","Burns &amp; McDonnell","burnsmcd.com"
"tvp","C.R. HIPP CONSTRUCTION INC","crhippconstruction.com"
"tvp","Catawba Engineering &amp; Environmental Services","catawbacorps.com"
"tvp","CEMS Engineering","cems-ae.com"
"tvp","CMB Services, Inc.","cmbbuild.com"
"tvp","Collins Engineers Inc.","collinsengr.com"
"tvp","Constantine Engineering Associates, LLC","constantineengineering.com"
"tvp","CTI and Associates, Inc.","cticompanies.com"
"tvp","Edwards-Pitman Environmental, Inc","edwards-pitman.com"
"tvp","EnSafe Inc.","ensafe.com"
"tvp","FORTA Corporation","forta-ferro.com"
"tvp","Gator Engineering &amp; Aquifer Restoration, Inc.","gearengineer.com"
"tvp","GEL Laboratories","gel.com"
"tvp","GeoStabilization International","geostabilization.com"
"tvp","GHD Inc.","ghd.com"
"tvp","Hana Engineers and Consultants, LLC","hanaengineers.com"
"tvp","HDR","hdrinc.com"
"tvp","Heritage Environmental Services, LLC","heritage-enviro.com"
"tvp","K-Con Inc.","kconinc.com"
"tvp","LBE, Inc.","lbeeng.com"
"tvp","Leidos","leidos.com"
"tvp","LJB Inc.","ljbinc.com"
"tvp","Mahorsky Group, Inc.","mahorskygroup.com"
"tvp","Mattern &amp; Craig","matternandcraig.com"
"tvp","MBP","mbpce.com"
"tvp","McKim &amp; Creed Inc.","mckimcreed.com"
"tvp","Mead &amp; Hunt, Inc.","meadhunt.com"
"tvp","Mill City Environmental Corp.","millcityenv.com"
"tvp","Mortenson Construction","mortenson.com"
"tvp","MPS Engineering and Construction","mpsgc.com"
"tvp","OK2 Construction LCC","ok2construction.com"
"tvp","Pond &amp; Company","pondco.com"
"tvp","R2P","r2pdoors.com"
"tvp","Raymond Engineering-Georgia, Inc.","raymond.global"
"tvp","S&amp;ME, Inc.","smeinc.com"
"tvp","SDR","gosdr.com"
"tvp","Seres","seres-es.com"
"tvp","Siemens Industries, Inc.","new.siemens.com"
"tvp","Stantec, Inc.","stantec.com"
"tvp","Terracon Consultants, Inc.","terracon.com"
"tvp","Tetra Tech, Inc.","tetratech.com"
"tvp","Thomas &amp; Hutton Engineering Co.","thomasandhutton.com"
"tvp","Thunderbird-HRP JV, LLC","hrpassociates.com"
"tvp","The Whiting-Turner Contracting Company","whiting-turner.com"
"tvp","W. M. Jordan Company, Inc.","wmjordan.com"
"tvp","Weston Solutions, Inc.","westonsolutions.com"
"tvp","Wood","woodgroup.com"
"tvp","Woolpert, Inc.","woolpert.com"
"tvp","Zapata Group","zapatainc.com"
"tvp","2026 SBC","samesbc.org"
"tvp","2026 Capital Week","samecapweek.org"
"dallas","ADC Engineering","adcengineering.com"
"dallas","AECOM","aecom.com"
"dallas","ARCADIS, U.S., Inc","arcadis.com"
"dallas","Barge Design Solutions, Inc.","bargedesign.com"
"dallas","Bear Steele Global, Ltd. Co.","bearsteele.com"
"dallas","Black &amp; Veatch Special Projects Corp.","bv.com"
"dallas","Blue Cypress Consulting","bluecypress-consulting.com"
"dallas","Burns &amp; McDonnell","burnsmcd.com"
"dallas","C.R. HIPP CONSTRUCTION INC","crhippconstruction.com"
"dallas","Catawba Engineering &amp; Environmental Services","catawbacorps.com"
"dallas","CEMS Engineering","cems-ae.com"
"dallas","CMB Services, Inc.","cmbbuild.com"
"dallas","Collins Engineers Inc.","collinsengr.com"
"dallas","Constantine Engineering Associates, LLC","constantineengineering.com"
"dallas","CTI and Associates, Inc.","cticompanies.com"
"dallas","Edwards-Pitman Environmental, Inc","edwards-pitman.com"
"dallas","EnSafe Inc.","ensafe.com"
"dallas","FORTA Corporation","forta-ferro.com"
"dallas","Gator Engineering &amp; Aquifer Restoration, Inc.","gearengineer.com"
"dallas","GEL Laboratories","gel.com"
"dallas","GeoStabilization International","geostabilization.com"
"dallas","GHD Inc.","ghd.com"
"dallas","Hana Engineers and Consultants, LLC","hanaengineers.com"
"dallas","HDR","hdrinc.com"
"dallas","Heritage Environmental Services, LLC","heritage-enviro.com"
"dallas","K-Con Inc.","kconinc.com"
"dallas","LBE, Inc.","lbeeng.com"
"dallas","Leidos","leidos.com"
"dallas","LJB Inc.","ljbinc.com"
"dallas","Mahorsky Group, Inc.","mahorskygroup.com"
"dallas","Mattern &amp; Craig","matternandcraig.com"
"dallas","MBP","mbpce.com"
"dallas","McKim &amp; Creed Inc.","mckimcreed.com"
"dallas","Mead &amp; Hunt, Inc.","meadhunt.com"
"dallas","Mill City Environmental Corp.","millcityenv.com"
"dallas","Mortenson Construction","mortenson.com"
"dallas","MPS Engineering and Construction","mpsgc.com"
"dallas","OK2 Construction LCC","ok2construction.com"
"dallas","Pond &amp; Company","pondco.com"
"dallas","R2P","r2pdoors.com"
"dallas","Raymond Engineering-Georgia, Inc.","raymond.global"
"dallas","S&amp;ME, Inc.","smeinc.com"
"dallas","SDR","gosdr.com"
"dallas","Seres","seres-es.com"
"dallas","Siemens Industries, Inc.","new.siemens.com"
"dallas","Stantec, Inc.","stantec.com"
"dallas","Terracon Consultants, Inc.","terracon.com"
"dallas","Tetra Tech, Inc.","tetratech.com"
"dallas","Thomas &amp; Hutton Engineering Co.","thomasandhutton.com"
"dallas","Thunderbird-HRP JV, LLC","hrpassociates.com"
"dallas","The Whiting-Turner Contracting Company","whiting-turner.com"
"dallas","W. M. Jordan Company, Inc.","wmjordan.com"
"dallas","Weston Solutions, Inc.","westonsolutions.com"
"dallas","Wood","woodgroup.com"
"dallas","Woolpert, Inc.","woolpert.com"
"dallas","Zapata Group","zapatainc.com"
"dallas","2026 SBC","samesbc.org"
"dallas","2026 Capital Week","samecapweek.org"
"houston","ADC Engineering","adcengineering.com"
"houston","AECOM","aecom.com"
"houston","ARCADIS, U.S., Inc","arcadis.com"
"houston","Barge Design Solutions, Inc.","bargedesign.com"
"houston","Bear Steele Global, Ltd. Co.","bearsteele.com"
"houston","Black &amp; Veatch Special Projects Corp.","bv.com"
"houston","Blue Cypress Consulting","bluecypress-consulting.com"
"houston","Burns &amp; McDonnell","burnsmcd.com"
"houston","C.R. HIPP CONSTRUCTION INC","crhippconstruction.com"
"houston","Catawba Engineering &amp; Environmental Services","catawbacorps.com"
"houston","CEMS Engineering","cems-ae.com"
"houston","CMB Services, Inc.","cmbbuild.com"
"houston","Collins Engineers Inc.","collinsengr.com"
"houston","Constantine Engineering Associates, LLC","constantineengineering.com"
"houston","CTI and Associates, Inc.","cticompanies.com"
"houston","Edwards-Pitman Environmental, Inc","edwards-pitman.com"
"houston","EnSafe Inc.","ensafe.com"
"houston","FORTA Corporation","forta-ferro.com"
"houston","Gator Engineering &amp; Aquifer Restoration, Inc.","gearengineer.com"
"houston","GEL Laboratories","gel.com"
"houston","GeoStabilization International","geostabilization.com"
"houston","GHD Inc.","ghd.com"
"houston","Hana Engineers and Consultants, LLC","hanaengineers.com"
"houston","HDR","hdrinc.com"
"houston","Heritage Environmental Services, LLC","heritage-enviro.com"
"houston","K-Con Inc.","kconinc.com"
"houston","LBE, Inc.","lbeeng.com"
"houston","Leidos","leidos.com"
"houston","LJB Inc.","ljbinc.com"
"houston","Mahorsky Group, Inc.","mahorskygroup.com"
"houston","Mattern &amp; Craig","matternandcraig.com"
"houston","MBP","mbpce.com"
"houston","McKim &amp; Creed Inc.","mckimcreed.com"
"houston","Mead &amp; Hunt, Inc.","meadhunt.com"
"houston","Mill City Environmental Corp.","millcityenv.com"
"houston","Mortenson Construction","mortenson.com"
"houston","MPS Engineering and Construction","mpsgc.com"
"houston","OK2 Construction LCC","ok2construction.com"
"houston","Pond &amp; Company","pondco.com"
"houston","R2P","r2pdoors.com"
"houston","Raymond Engineering-Georgia, Inc.","raymond.global"
"houston","S&amp;ME, Inc.","smeinc.com"
"houston","SDR","gosdr.com"
"houston","Seres","seres-es.com"
"houston","Siemens Industries, Inc.","new.siemens.com"
"houston","Stantec, Inc.","stantec.com"
"houston","Terracon Consultants, Inc.","terracon.com"
"houston","Tetra Tech, Inc.","tetratech.com"
"houston","Thomas &amp; Hutton Engineering Co.","thomasandhutton.com"
"houston","Thunderbird-HRP JV, LLC","hrpassociates.com"
"houston","The Whiting-Turner Contracting Company","whiting-turner.com"
"houston","W. M. Jordan Company, Inc.","wmjordan.com"
"houston","Weston Solutions, Inc.","westonsolutions.com"
"houston","Wood","woodgroup.com"
"houston","Woolpert, Inc.","woolpert.com"
"houston","Zapata Group","zapatainc.com"
"houston","2026 SBC","samesbc.org"
"houston","2026 Capital Week","samecapweek.org"
"san-antonio","ADC Engineering","adcengineering.com"
"san-antonio","AECOM","aecom.com"
"san-antonio","ARCADIS, U.S., Inc","arcadis.com"
"san-antonio","Barge Design Solutions, Inc.","bargedesign.com"
"san-antonio","Bear Steele Global, Ltd. Co.","bearsteele.com"
"san-antonio","Black &amp; Veatch Special Projects Corp.","bv.com"
"san-antonio","Blue Cypress Consulting","bluecypress-consulting.com"
"san-antonio","Burns &amp; McDonnell","burnsmcd.com"
"san-antonio","C.R. HIPP CONSTRUCTION INC","crhippconstruction.com"
"san-antonio","Catawba Engineering &amp; Environmental Services","catawbacorps.com"
"san-antonio","CEMS Engineering","cems-ae.com"
"san-antonio","CMB Services, Inc.","cmbbuild.com"
"san-antonio","Collins Engineers Inc.","collinsengr.com"
"san-antonio","Constantine Engineering Associates, LLC","constantineengineering.com"
"san-antonio","CTI and Associates, Inc.","cticompanies.com"
"san-antonio","Edwards-Pitman Environmental, Inc","edwards-pitman.com"
"san-antonio","EnSafe Inc.","ensafe.com"
"san-antonio","FORTA Corporation","forta-ferro.com"
"san-antonio","Gator Engineering &amp; Aquifer Restoration, Inc.","gearengineer.com"
"san-antonio","GEL Laboratories","gel.com"
"san-antonio","GeoStabilization International","geostabilization.com"
"san-antonio","GHD Inc.","ghd.com"
"san-antonio","Hana Engineers and Consultants, LLC","hanaengineers.com"
"san-antonio","HDR","hdrinc.com"
"san-antonio","Heritage Environmental Services, LLC","heritage-enviro.com"
"san-antonio","K-Con Inc.","kconinc.com"
"san-antonio","LBE, Inc.","lbeeng.com"
"san-antonio","Leidos","leidos.com"
"san-antonio","LJB Inc.","ljbinc.com"
"san-antonio","Mahorsky Group, Inc.","mahorskygroup.com"
"san-antonio","Mattern &amp; Craig","matternandcraig.com"
"san-antonio","MBP","mbpce.com"
"san-antonio","McKim &amp; Creed Inc.","mckimcreed.com"
"san-antonio","Mead &amp; Hunt, Inc.","meadhunt.com"
"san-antonio","Mill City Environmental Corp.","millcityenv.com"
"san-antonio","Mortenson Construction","mortenson.com"
"san-antonio","MPS Engineering and Construction","mpsgc.com"
"san-antonio","OK2 Construction LCC","ok2construction.com"
"san-antonio","Pond &amp; Company","pondco.com"
"san-antonio","R2P","r2pdoors.com"
"san-antonio","Raymond Engineering-Georgia, Inc.","raymond.global"
"san-antonio","S&amp;ME, Inc.","smeinc.com"
"san-antonio","SDR","gosdr.com"
"san-antonio","Seres","seres-es.com"
"san-antonio","Siemens Industries, Inc.","new.siemens.com"
"san-antonio","Stantec, Inc.","stantec.com"
"san-antonio","Terracon Consultants, Inc.","terracon.com"
"san-antonio","Tetra Tech, Inc.","tetratech.com"
"san-antonio","Thomas &amp; Hutton Engineering Co.","thomasandhutton.com"
"san-antonio","Thunderbird-HRP JV, LLC","hrpassociates.com"
"san-antonio","The Whiting-Turner Contracting Company","whiting-turner.com"
"san-antonio","W. M. Jordan Company, Inc.","wmjordan.com"
"san-antonio","Weston Solutions, Inc.","westonsolutions.com"
"san-antonio","Wood","woodgroup.com"
"san-antonio","Woolpert, Inc.","woolpert.com"
"san-antonio","Zapata Group","zapatainc.com"
"san-antonio","2026 SBC","samesbc.org"
"san-antonio","2026 Capital Week","samecapweek.org"
"gb","ADC Engineering","adcengineering.com"
"gb","AECOM","aecom.com"
"gb","ARCADIS, U.S., Inc","arcadis.com"
"gb","Barge Design Solutions, Inc.","bargedesign.com"
"gb","Bear Steele Global, Ltd. Co.","bearsteele.com"
"gb","Black &amp; Veatch Special Projects Corp.","bv.com"
"gb","Blue Cypress Consulting","bluecypress-consulting.com"
"gb","Burns &amp; McDonnell","burnsmcd.com"
"gb","C.R. HIPP CONSTRUCTION INC","crhippconstruction.com"
"gb","Catawba Engineering &amp; Environmental Services","catawbacorps.com"
"gb","CEMS Engineering","cems-ae.com"
"gb","CMB Services, Inc.","cmbbuild.com"
"gb","Collins Engineers Inc.","collinsengr.com"
"gb","Constantine Engineering Associates, LLC","constantineengineering.com"
"gb","CTI and Associates, Inc.","cticompanies.com"
"gb","Edwards-Pitman Environmental, Inc","edwards-pitman.com"
"gb","EnSafe Inc.","ensafe.com"
"gb","FORTA Corporation","forta-ferro.com"
"gb","Gator Engineering &amp; Aquifer Restoration, Inc.","gearengineer.com"
"gb","GEL Laboratories","gel.com"
"gb","GeoStabilization International","geostabilization.com"
"gb","GHD Inc.","ghd.com"
"gb","Hana Engineers and Consultants, LLC","hanaengineers.com"
"gb","HDR","hdrinc.com"
"gb","Heritage Environmental Services, LLC","heritage-enviro.com"
"gb","K-Con Inc.","kconinc.com"
"gb","LBE, Inc.","lbeeng.com"
"gb","Leidos","leidos.com"
"gb","LJB Inc.","ljbinc.com"
"gb","Mahorsky Group, Inc.","mahorskygroup.com"
"gb","Mattern &amp; Craig","matternandcraig.com"
"gb","MBP","mbpce.com"
"gb","McKim &amp; Creed Inc.","mckimcreed.com"
"gb","Mead &amp; Hunt, Inc.","meadhunt.com"
"gb","Mill City Environmental Corp.","millcityenv.com"
"gb","Mortenson Construction","mortenson.com"
"gb","MPS Engineering and Construction","mpsgc.com"
"gb","OK2 Construction LCC","ok2construction.com"
"gb","Pond &amp; Company","pondco.com"
"gb","R2P","r2pdoors.com"
"gb","Raymond Engineering-Georgia, Inc.","raymond.global"
"gb","S&amp;ME, Inc.","smeinc.com"
"gb","SDR","gosdr.com"
"gb","Seres","seres-es.com"
"gb","Siemens Industries, Inc.","new.siemens.com"
"gb","Stantec, Inc.","stantec.com"
"gb","Terracon Consultants, Inc.","terracon.com"
"gb","Tetra Tech, Inc.","tetratech.com"
"gb","Thomas &amp; Hutton Engineering Co.","thomasandhutton.com"
"gb","Thunderbird-HRP JV, LLC","hrpassociates.com"
"gb","The Whiting-Turner Contracting Company","whiting-turner.com"
"gb","W. M. Jordan Company, Inc.","wmjordan.com"
"gb","Weston Solutions, Inc.","westonsolutions.com"
"gb","Wood","woodgroup.com"
"gb","Woolpert, Inc.","woolpert.com"
"gb","Zapata Group","zapatainc.com"
"gb","2026 SBC","samesbc.org"
"gb","2026 Capital Week","samecapweek.org"
"br","ADC Engineering","adcengineering.com"
"br","AECOM","aecom.com"
"br","ARCADIS, U.S., Inc","arcadis.com"
"br","Barge Design Solutions, Inc.","bargedesign.com"
"br","Bear Steele Global, Ltd. Co.","bearsteele.com"
"br","Black &amp; Veatch Special Projects Corp.","bv.com"
"br","Blue Cypress Consulting","bluecypress-consulting.com"
"br","Burns &amp; McDonnell","burnsmcd.com"
"br","C.R. HIPP CONSTRUCTION INC","crhippconstruction.com"
"br","Catawba Engineering &amp; Environmental Services","catawbacorps.com"
"br","CEMS Engineering","cems-ae.com"
"br","CMB Services, Inc.","cmbbuild.com"
"br","Collins Engineers Inc.","collinsengr.com"
"br","Constantine Engineering Associates, LLC","constantineengineering.com"
"br","CTI and Associates, Inc.","cticompanies.com"
"br","Edwards-Pitman Environmental, Inc","edwards-pitman.com"
"br","EnSafe Inc.","ensafe.com"
"br","FORTA Corporation","forta-ferro.com"
"br","Gator Engineering &amp; Aquifer Restoration, Inc.","gearengineer.com"
"br","GEL Laboratories","gel.com"
"br","GeoStabilization International","geostabilization.com"
"br","GHD Inc.","ghd.com"
"br","Hana Engineers and Consultants, LLC","hanaengineers.com"
"br","HDR","hdrinc.com"
"br","Heritage Environmental Services, LLC","heritage-enviro.com"
"br","K-Con Inc.","kconinc.com"
"br","LBE, Inc.","lbeeng.com"
"br","Leidos","leidos.com"
"br","LJB Inc.","ljbinc.com"
"br","Mahorsky Group, Inc.","mahorskygroup.com"
"br","Mattern &amp; Craig","matternandcraig.com"
"br","MBP","mbpce.com"
"br","McKim &amp; Creed Inc.","mckimcreed.com"
"br","Mead &amp; Hunt, Inc.","meadhunt.com"
"br","Mill City Environmental Corp.","millcityenv.com"
"br","Mortenson Construction","mortenson.com"
"br","MPS Engineering and Construction","mpsgc.com"
"br","OK2 Construction LCC","ok2construction.com"
"br","Pond &amp; Company","pondco.com"
"br","R2P","r2pdoors.com"
"br","Raymond Engineering-Georgia, Inc.","raymond.global"
"br","S&amp;ME, Inc.","smeinc.com"
"br","SDR","gosdr.com"
"br","Seres","seres-es.com"
"br","Siemens Industries, Inc.","new.siemens.com"
"br","Stantec, Inc.","stantec.com"
"br","Terracon Consultants, Inc.","terracon.com"
"br","Tetra Tech, Inc.","tetratech.com"
"br","Thomas &amp; Hutton Engineering Co.","thomasandhutton.com"
"br","Thunderbird-HRP JV, LLC","hrpassociates.com"
"br","The Whiting-Turner Contracting Company","whiting-turner.com"
"br","W. M. Jordan Company, Inc.","wmjordan.com"
"br","Weston Solutions, Inc.","westonsolutions.com"
"br","Wood","woodgroup.com"
"br","Woolpert, Inc.","woolpert.com"
"br","Zapata Group","zapatainc.com"
"br","2026 SBC","samesbc.org"
"br","2026 Capital Week","samecapweek.org"
"cv","ADC Engineering","adcengineering.com"
"cv","AECOM","aecom.com"
"cv","ARCADIS, U.S., Inc","arcadis.com"
"cv","Barge Design Solutions, Inc.","bargedesign.com"
"cv","Bear Steele Global, Ltd. Co.","bearsteele.com"
"cv","Black &amp; Veatch Special Projects Corp.","bv.com"
"cv","Blue Cypress Consulting","bluecypress-consulting.com"
"cv","Burns &amp; McDonnell","burnsmcd.com"
"cv","C.R. HIPP CONSTRUCTION INC","crhippconstruction.com"
"cv","Catawba Engineering &amp; Environmental Services","catawbacorps.com"
"cv","CEMS Engineering","cems-ae.com"
"cv","CMB Services, Inc.","cmbbuild.com"
"cv","Collins Engineers Inc.","collinsengr.com"
"cv","Constantine Engineering Associates, LLC","constantineengineering.com"
"cv","CTI and Associates, Inc.","cticompanies.com"
"cv","Edwards-Pitman Environmental, Inc","edwards-pitman.com"
"cv","EnSafe Inc.","ensafe.com"
"cv","FORTA Corporation","forta-ferro.com"
"cv","Gator Engineering &amp; Aquifer Restoration, Inc.","gearengineer.com"
"cv","GEL Laboratories","gel.com"
"cv","GeoStabilization International","geostabilization.com"
"cv","GHD Inc.","ghd.com"
"cv","Hana Engineers and Consultants, LLC","hanaengineers.com"
"cv","HDR","hdrinc.com"
"cv","Heritage Environmental Services, LLC","heritage-enviro.com"
"cv","K-Con Inc.","kconinc.com"
"cv","LBE, Inc.","lbeeng.com"
"cv","Leidos","leidos.com"
"cv","LJB Inc.","ljbinc.com"
"cv","Mahorsky Group, Inc.","mahorskygroup.com"
"cv","Mattern &amp; Craig","matternandcraig.com"
"cv","MBP","mbpce.com"
"cv","McKim &amp; Creed Inc.","mckimcreed.com"
"cv","Mead &amp; Hunt, Inc.","meadhunt.com"
"cv","Mill City Environmental Corp.","millcityenv.com"
"cv","Mortenson Construction","mortenson.com"
"cv","MPS Engineering and Construction","mpsgc.com"
"cv","OK2 Construction LCC","ok2construction.com"
"cv","Pond &amp; Company","pondco.com"
"cv","R2P","r2pdoors.com"
"cv","Raymond Engineering-Georgia, Inc.","raymond.global"
"cv","S&amp;ME, Inc.","smeinc.com"
"cv","SDR","gosdr.com"
"cv","Seres","seres-es.com"
"cv","Siemens Industries, Inc.","new.siemens.com"
"cv","Stantec, Inc.","stantec.com"
"cv","Terracon Consultants, Inc.","terracon.com"
"cv","Tetra Tech, Inc.","tetratech.com"
"cv","Thomas &amp; Hutton Engineering Co.","thomasandhutton.com"
"cv","Thunderbird-HRP JV, LLC","hrpassociates.com"
"cv","The Whiting-Turner Contracting Company","whiting-turner.com"
"cv","W. M. Jordan Company, Inc.","wmjordan.com"
"cv","Weston Solutions, Inc.","westonsolutions.com"
"cv","Wood","woodgroup.com"
"cv","Woolpert, Inc.","woolpert.com"
"cv","Zapata Group","zapatainc.com"
"cv","2026 SBC","samesbc.org"
"cv","2026 Capital Week","samecapweek.org"
"hampton-roads","ADC Engineering","adcengineering.com"
"hampton-roads","AECOM","aecom.com"
"hampton-roads","ARCADIS, U.S., Inc","arcadis.com"
"hampton-roads","Barge Design Solutions, Inc.","bargedesign.com"
"hampton-roads","Bear Steele Global, Ltd. Co.","bearsteele.com"
"hampton-roads","Black &amp; Veatch Special Projects Corp.","bv.com"
"hampton-roads","Blue Cypress Consulting","bluecypress-consulting.com"
"hampton-roads","Burns &amp; McDonnell","burnsmcd.com"
"hampton-roads","C.R. HIPP CONSTRUCTION INC","crhippconstruction.com"
"hampton-roads","Catawba Engineering &amp; Environmental Services","catawbacorps.com"
"hampton-roads","CEMS Engineering","cems-ae.com"
"hampton-roads","CMB Services, Inc.","cmbbuild.com"
"hampton-roads","Collins Engineers Inc.","collinsengr.com"
"hampton-roads","Constantine Engineering Associates, LLC","constantineengineering.com"
"hampton-roads","CTI and Associates, Inc.","cticompanies.com"
"hampton-roads","Edwards-Pitman Environmental, Inc","edwards-pitman.com"
"hampton-roads","EnSafe Inc.","ensafe.com"
"hampton-roads","FORTA Corporation","forta-ferro.com"
"hampton-roads","Gator Engineering &amp; Aquifer Restoration, Inc.","gearengineer.com"
"hampton-roads","GEL Laboratories","gel.com"
"hampton-roads","GeoStabilization International","geostabilization.com"
"hampton-roads","GHD Inc.","ghd.com"
"hampton-roads","Hana Engineers and Consultants, LLC","hanaengineers.com"
"hampton-roads","HDR","hdrinc.com"
"hampton-roads","Heritage Environmental Services, LLC","heritage-enviro.com"
"hampton-roads","K-Con Inc.","kconinc.com"
"hampton-roads","LBE, Inc.","lbeeng.com"
"hampton-roads","Leidos","leidos.com"
"hampton-roads","LJB Inc.","ljbinc.com"
"hampton-roads","Mahorsky Group, Inc.","mahorskygroup.com"
"hampton-roads","Mattern &amp; Craig","matternandcraig.com"
"hampton-roads","MBP","mbpce.com"
"hampton-roads","McKim &amp; Creed Inc.","mckimcreed.com"
"hampton-roads","Mead &amp; Hunt, Inc.","meadhunt.com"
"hampton-roads","Mill City Environmental Corp.","millcityenv.com"
"hampton-roads","Mortenson Construction","mortenson.com"
"hampton-roads","MPS Engineering and Construction","mpsgc.com"
"hampton-roads","OK2 Construction LCC","ok2construction.com"
"hampton-roads","Pond &amp; Company","pondco.com"
"hampton-roads","R2P","r2pdoors.com"
"hampton-roads","Raymond Engineering-Georgia, Inc.","raymond.global"
"hampton-roads","S&amp;ME, Inc.","smeinc.com"
"hampton-roads","SDR","gosdr.com"
"hampton-roads","Seres","seres-es.com"
"hampton-roads","Siemens Industries, Inc.","new.siemens.com"
"hampton-roads","Stantec, Inc.","stantec.com"
"hampton-roads","Terracon Consultants, Inc.","terracon.com"
"hampton-roads","Tetra Tech, Inc.","tetratech.com"
"hampton-roads","Thomas &amp; Hutton Engineering Co.","thomasandhutton.com"
"hampton-roads","Thunderbird-HRP JV, LLC","hrpassociates.com"
"hampton-roads","The Whiting-Turner Contracting Company","whiting-turner.com"
"hampton-roads","W. M. Jordan Company, Inc.","wmjordan.com"
"hampton-roads","Weston Solutions, Inc.","westonsolutions.com"
"hampton-roads","Wood","woodgroup.com"
"hampton-roads","Woolpert, Inc.","woolpert.com"
"hampton-roads","Zapata Group","zapatainc.com"
"hampton-roads","2026 SBC","samesbc.org"
"hampton-roads","2026 Capital Week","samecapweek.org"
"nova","ADC Engineering","adcengineering.com"
"nova","AECOM","aecom.com"
"nova","ARCADIS, U.S., Inc","arcadis.com"
"nova","Barge Design Solutions, Inc.","bargedesign.com"
"nova","Bear Steele Global, Ltd. Co.","bearsteele.com"
"nova","Black &amp; Veatch Special Projects Corp.","bv.com"
"nova","Blue Cypress Consulting","bluecypress-consulting.com"
"nova","Burns &amp; McDonnell","burnsmcd.com"
"nova","C.R. HIPP CONSTRUCTION INC","crhippconstruction.com"
"nova","Catawba Engineering &amp; Environmental Services","catawbacorps.com"
"nova","CEMS Engineering","cems-ae.com"
"nova","CMB Services, Inc.","cmbbuild.com"
"nova","Collins Engineers Inc.","collinsengr.com"
"nova","Constantine Engineering Associates, LLC","constantineengineering.com"
"nova","CTI and Associates, Inc.","cticompanies.com"
"nova","Edwards-Pitman Environmental, Inc","edwards-pitman.com"
"nova","EnSafe Inc.","ensafe.com"
"nova","FORTA Corporation","forta-ferro.com"
"nova","Gator Engineering &amp; Aquifer Restoration, Inc.","gearengineer.com"
"nova","GEL Laboratories","gel.com"
"nova","GeoStabilization International","geostabilization.com"
"nova","GHD Inc.","ghd.com"
"nova","Hana Engineers and Consultants, LLC","hanaengineers.com"
"nova","HDR","hdrinc.com"
"nova","Heritage Environmental Services, LLC","heritage-enviro.com"
"nova","K-Con Inc.","kconinc.com"
"nova","LBE, Inc.","lbeeng.com"
"nova","Leidos","leidos.com"
"nova","LJB Inc.","ljbinc.com"
"nova","Mahorsky Group, Inc.","mahorskygroup.com"
"nova","Mattern &amp; Craig","matternandcraig.com"
"nova","MBP","mbpce.com"
"nova","McKim &amp; Creed Inc.","mckimcreed.com"
"nova","Mead &amp; Hunt, Inc.","meadhunt.com"
"nova","Mill City Environmental Corp.","millcityenv.com"
"nova","Mortenson Construction","mortenson.com"
"nova","MPS Engineering and Construction","mpsgc.com"
"nova","OK2 Construction LCC","ok2construction.com"
"nova","Pond &amp; Company","pondco.com"
"nova","R2P","r2pdoors.com"
"nova","Raymond Engineering-Georgia, Inc.","raymond.global"
"nova","S&amp;ME, Inc.","smeinc.com"
"nova","SDR","gosdr.com"
"nova","Seres","seres-es.com"
"nova","Siemens Industries, Inc.","new.siemens.com"
"nova","Stantec, Inc.","stantec.com"
"nova","Terracon Consultants, Inc.","terracon.com"
"nova","Tetra Tech, Inc.","tetratech.com"
"nova","Thomas &amp; Hutton Engineering Co.","thomasandhutton.com"
"nova","Thunderbird-HRP JV, LLC","hrpassociates.com"
"nova","The Whiting-Turner Contracting Company","whiting-turner.com"
"nova","W. M. Jordan Company, Inc.","wmjordan.com"
"nova","Weston Solutions, Inc.","westonsolutions.com"
"nova","Wood","woodgroup.com"
"nova","Woolpert, Inc.","woolpert.com"
"nova","Zapata Group","zapatainc.com"
"nova","2026 SBC","samesbc.org"
"nova","2026 Capital Week","samecapweek.org"
"vp","www.tikigaq.com","tikigaq.com"
"vp","www.balfourbeattyus.com","balfourbeattyus.com"
"vp","www.bristol-companies.com","bristol-companies.com"
"vp","www.clarknexsen.com","clarknexsen.com"
"vp","www.djginc.com","djginc.com"
"vp","www.ecslimited.com","ecslimited.com"
"vp","www.guernseytingle.com","guernseytingle.com"
"vp","www.mbakerintl.com","mbakerintl.com"
"vp","www.stantec.com","stantec.com"
"vp","www.versar.com","versar.com"
"vp","www.wmjordan.com","wmjordan.com"
"vp","www.woolpert.com","woolpert.com"
"vp","2026 SBC","samesbc.org"
"vp","2026 Capital Week","samecapweek.org"
"mt","ADC Engineering","adcengineering.com"
"mt","AECOM","aecom.com"
"mt","ARCADIS, U.S., Inc","arcadis.com"
"mt","Barge Design Solutions, Inc.","bargedesign.com"
"mt","Bear Steele Global, Ltd. Co.","bearsteele.com"
"mt","Black &amp; Veatch Special Projects Corp.","bv.com"
"mt","Blue Cypress Consulting","bluecypress-consulting.com"
"mt","Burns &amp; McDonnell","burnsmcd.com"
"mt","C.R. HIPP CONSTRUCTION INC","crhippconstruction.com"
"mt","Catawba Engineering &amp; Environmental Services","catawbacorps.com"
"mt","CEMS Engineering","cems-ae.com"
"mt","CMB Services, Inc.","cmbbuild.com"
"mt","Collins Engineers Inc.","collinsengr.com"
"mt","Constantine Engineering Associates, LLC","constantineengineering.com"
"mt","CTI and Associates, Inc.","cticompanies.com"
"mt","Edwards-Pitman Environmental, Inc","edwards-pitman.com"
"mt","EnSafe Inc.","ensafe.com"
"mt","FORTA Corporation","forta-ferro.com"
"mt","Gator Engineering &amp; Aquifer Restoration, Inc.","gearengineer.com"
"mt","GEL Laboratories","gel.com"
"mt","GeoStabilization International","geostabilization.com"
"mt","GHD Inc.","ghd.com"
"mt","Hana Engineers and Consultants, LLC","hanaengineers.com"
"mt","HDR","hdrinc.com"
"mt","Heritage Environmental Services, LLC","heritage-enviro.com"
"mt","K-Con Inc.","kconinc.com"
"mt","LBE, Inc.","lbeeng.com"
"mt","Leidos","leidos.com"
"mt","LJB Inc.","ljbinc.com"
"mt","Mahorsky Group, Inc.","mahorskygroup.com"
"mt","Mattern &amp; Craig","matternandcraig.com"
"mt","MBP","mbpce.com"
"mt","McKim &amp; Creed Inc.","mckimcreed.com"
"mt","Mead &amp; Hunt, Inc.","meadhunt.com"
"mt","Mill City Environmental Corp.","millcityenv.com"
"mt","Mortenson Construction","mortenson.com"
"mt","MPS Engineering and Construction","mpsgc.com"
"mt","OK2 Construction LCC","ok2construction.com"
"mt","Pond &amp; Company","pondco.com"
"mt","R2P","r2pdoors.com"
"mt","Raymond Engineering-Georgia, Inc.","raymond.global"
"mt","S&amp;ME, Inc.","smeinc.com"
"mt","SDR","gosdr.com"
"mt","Seres","seres-es.com"
"mt","Siemens Industries, Inc.","new.siemens.com"
"mt","Stantec, Inc.","stantec.com"
"mt","Terracon Consultants, Inc.","terracon.com"
"mt","Tetra Tech, Inc.","tetratech.com"
"mt","Thomas &amp; Hutton Engineering Co.","thomasandhutton.com"
"mt","Thunderbird-HRP JV, LLC","hrpassociates.com"
"mt","The Whiting-Turner Contracting Company","whiting-turner.com"
"mt","W. M. Jordan Company, Inc.","wmjordan.com"
"mt","Weston Solutions, Inc.","westonsolutions.com"
"mt","Wood","woodgroup.com"
"mt","Woolpert, Inc.","woolpert.com"
"mt","Zapata Group","zapatainc.com"
"mt","2026 SBC","samesbc.org"
"mt","2026 Capital Week","samecapweek.org"
"seattle","ADC Engineering","adcengineering.com"
"seattle","AECOM","aecom.com"
"seattle","ARCADIS, U.S., Inc","arcadis.com"
"seattle","Barge Design Solutions, Inc.","bargedesign.com"
"seattle","Bear Steele Global, Ltd. Co.","bearsteele.com"
"seattle","Black &amp; Veatch Special Projects Corp.","bv.com"
"seattle","Blue Cypress Consulting","bluecypress-consulting.com"
"seattle","Burns &amp; McDonnell","burnsmcd.com"
"seattle","C.R. HIPP CONSTRUCTION INC","crhippconstruction.com"
"seattle","Catawba Engineering &amp; Environmental Services","catawbacorps.com"
"seattle","CEMS Engineering","cems-ae.com"
"seattle","CMB Services, Inc.","cmbbuild.com"
"seattle","Collins Engineers Inc.","collinsengr.com"
"seattle","Constantine Engineering Associates, LLC","constantineengineering.com"
"seattle","CTI and Associates, Inc.","cticompanies.com"
"seattle","Edwards-Pitman Environmental, Inc","edwards-pitman.com"
"seattle","EnSafe Inc.","ensafe.com"
"seattle","FORTA Corporation","forta-ferro.com"
"seattle","Gator Engineering &amp; Aquifer Restoration, Inc.","gearengineer.com"
"seattle","GEL Laboratories","gel.com"
"seattle","GeoStabilization International","geostabilization.com"
"seattle","GHD Inc.","ghd.com"
"seattle","Hana Engineers and Consultants, LLC","hanaengineers.com"
"seattle","HDR","hdrinc.com"
"seattle","Heritage Environmental Services, LLC","heritage-enviro.com"
"seattle","K-Con Inc.","kconinc.com"
"seattle","LBE, Inc.","lbeeng.com"
"seattle","Leidos","leidos.com"
"seattle","LJB Inc.","ljbinc.com"
"seattle","Mahorsky Group, Inc.","mahorskygroup.com"
"seattle","Mattern &amp; Craig","matternandcraig.com"
"seattle","MBP","mbpce.com"
"seattle","McKim &amp; Creed Inc.","mckimcreed.com"
"seattle","Mead &amp; Hunt, Inc.","meadhunt.com"
"seattle","Mill City Environmental Corp.","millcityenv.com"
"seattle","Mortenson Construction","mortenson.com"
"seattle","MPS Engineering and Construction","mpsgc.com"
"seattle","OK2 Construction LCC","ok2construction.com"
"seattle","Pond &amp; Company","pondco.com"
"seattle","R2P","r2pdoors.com"
"seattle","Raymond Engineering-Georgia, Inc.","raymond.global"
"seattle","S&amp;ME, Inc.","smeinc.com"
"seattle","SDR","gosdr.com"
"seattle","Seres","seres-es.com"
"seattle","Siemens Industries, Inc.","new.siemens.com"
"seattle","Stantec, Inc.","stantec.com"
"seattle","Terracon Consultants, Inc.","terracon.com"
"seattle","Tetra Tech, Inc.","tetratech.com"
"seattle","Thomas &amp; Hutton Engineering Co.","thomasandhutton.com"
"seattle","Thunderbird-HRP JV, LLC","hrpassociates.com"
"seattle","The Whiting-Turner Contracting Company","whiting-turner.com"
"seattle","W. M. Jordan Company, Inc.","wmjordan.com"
"seattle","Weston Solutions, Inc.","westonsolutions.com"
"seattle","Wood","woodgroup.com"
"seattle","Woolpert, Inc.","woolpert.com"
"seattle","Zapata Group","zapatainc.com"
"seattle","2026 SBC","samesbc.org"
"seattle","2026 Capital Week","samecapweek.org"
"spokane","ADC Engineering","adcengineering.com"
"spokane","AECOM","aecom.com"
"spokane","ARCADIS, U.S., Inc","arcadis.com"
"spokane","Barge Design Solutions, Inc.","bargedesign.com"
"spokane","Bear Steele Global, Ltd. Co.","bearsteele.com"
"spokane","Black &amp; Veatch Special Projects Corp.","bv.com"
"spokane","Blue Cypress Consulting","bluecypress-consulting.com"
"spokane","Burns &amp; McDonnell","burnsmcd.com"
"spokane","C.R. HIPP CONSTRUCTION INC","crhippconstruction.com"
"spokane","Catawba Engineering &amp; Environmental Services","catawbacorps.com"
"spokane","CEMS Engineering","cems-ae.com"
"spokane","CMB Services, Inc.","cmbbuild.com"
"spokane","Collins Engineers Inc.","collinsengr.com"
"spokane","Constantine Engineering Associates, LLC","constantineengineering.com"
"spokane","CTI and Associates, Inc.","cticompanies.com"
"spokane","Edwards-Pitman Environmental, Inc","edwards-pitman.com"
"spokane","EnSafe Inc.","ensafe.com"
"spokane","FORTA Corporation","forta-ferro.com"
"spokane","Gator Engineering &amp; Aquifer Restoration, Inc.","gearengineer.com"
"spokane","GEL Laboratories","gel.com"
"spokane","GeoStabilization International","geostabilization.com"
"spokane","GHD Inc.","ghd.com"
"spokane","Hana Engineers and Consultants, LLC","hanaengineers.com"
"spokane","HDR","hdrinc.com"
"spokane","Heritage Environmental Services, LLC","heritage-enviro.com"
"spokane","K-Con Inc.","kconinc.com"
"spokane","LBE, Inc.","lbeeng.com"
"spokane","Leidos","leidos.com"
"spokane","LJB Inc.","ljbinc.com"
"spokane","Mahorsky Group, Inc.","mahorskygroup.com"
"spokane","Mattern &amp; Craig","matternandcraig.com"
"spokane","MBP","mbpce.com"
"spokane","McKim &amp; Creed Inc.","mckimcreed.com"
"spokane","Mead &amp; Hunt, Inc.","meadhunt.com"
"spokane","Mill City Environmental Corp.","millcityenv.com"
"spokane","Mortenson Construction","mortenson.com"
"spokane","MPS Engineering and Construction","mpsgc.com"
"spokane","OK2 Construction LCC","ok2construction.com"
"spokane","Pond &amp; Company","pondco.com"
"spokane","R2P","r2pdoors.com"
"spokane","Raymond Engineering-Georgia, Inc.","raymond.global"
"spokane","S&amp;ME, Inc.","smeinc.com"
"spokane","SDR","gosdr.com"
"spokane","Seres","seres-es.com"
"spokane","Siemens Industries, Inc.","new.siemens.com"
"spokane","Stantec, Inc.","stantec.com"
"spokane","Terracon Consultants, Inc.","terracon.com"
"spokane","Tetra Tech, Inc.","tetratech.com"
"spokane","Thomas &amp; Hutton Engineering Co.","thomasandhutton.com"
"spokane","Thunderbird-HRP JV, LLC","hrpassociates.com"
"spokane","The Whiting-Turner Contracting Company","whiting-turner.com"
"spokane","W. M. Jordan Company, Inc.","wmjordan.com"
"spokane","Weston Solutions, Inc.","westonsolutions.com"
"spokane","Wood","woodgroup.com"
"spokane","Woolpert, Inc.","woolpert.com"
"spokane","Zapata Group","zapatainc.com"
"spokane","2026 SBC","samesbc.org"
"spokane","2026 Capital Week","samecapweek.org"
"huntington","ADC Engineering","adcengineering.com"
"huntington","AECOM","aecom.com"
"huntington","ARCADIS, U.S., Inc","arcadis.com"
"huntington","Barge Design Solutions, Inc.","bargedesign.com"
"huntington","Bear Steele Global, Ltd. Co.","bearsteele.com"
"huntington","Black &amp; Veatch Special Projects Corp.","bv.com"
"huntington","Blue Cypress Consulting","bluecypress-consulting.com"
"huntington","Burns &amp; McDonnell","burnsmcd.com"
"huntington","C.R. HIPP CONSTRUCTION INC","crhippconstruction.com"
"huntington","Catawba Engineering &amp; Environmental Services","catawbacorps.com"
"huntington","CEMS Engineering","cems-ae.com"
"huntington","CMB Services, Inc.","cmbbuild.com"
"huntington","Collins Engineers Inc.","collinsengr.com"
"huntington","Constantine Engineering Associates, LLC","constantineengineering.com"
"huntington","CTI and Associates, Inc.","cticompanies.com"
"huntington","Edwards-Pitman Environmental, Inc","edwards-pitman.com"
"huntington","EnSafe Inc.","ensafe.com"
"huntington","FORTA Corporation","forta-ferro.com"
"huntington","Gator Engineering &amp; Aquifer Restoration, Inc.","gearengineer.com"
"huntington","GEL Laboratories","gel.com"
"huntington","GeoStabilization International","geostabilization.com"
"huntington","GHD Inc.","ghd.com"
"huntington","Hana Engineers and Consultants, LLC","hanaengineers.com"
"huntington","HDR","hdrinc.com"
"huntington","Heritage Environmental Services, LLC","heritage-enviro.com"
"huntington","K-Con Inc.","kconinc.com"
"huntington","LBE, Inc.","lbeeng.com"
"huntington","Leidos","leidos.com"
"huntington","LJB Inc.","ljbinc.com"
"huntington","Mahorsky Group, Inc.","mahorskygroup.com"
"huntington","Mattern &amp; Craig","matternandcraig.com"
"huntington","MBP","mbpce.com"
"huntington","McKim &amp; Creed Inc.","mckimcreed.com"
"huntington","Mead &amp; Hunt, Inc.","meadhunt.com"
"huntington","Mill City Environmental Corp.","millcityenv.com"
"huntington","Mortenson Construction","mortenson.com"
"huntington","MPS Engineering and Construction","mpsgc.com"
"huntington","OK2 Construction LCC","ok2construction.com"
"huntington","Pond &amp; Company","pondco.com"
"huntington","R2P","r2pdoors.com"
"huntington","Raymond Engineering-Georgia, Inc.","raymond.global"
"huntington","S&amp;ME, Inc.","smeinc.com"
"huntington","SDR","gosdr.com"
"huntington","Seres","seres-es.com"
"huntington","Siemens Industries, Inc.","new.siemens.com"
"huntington","Stantec, Inc.","stantec.com"
"huntington","Terracon Consultants, Inc.","terracon.com"
"huntington","Tetra Tech, Inc.","tetratech.com"
"huntington","Thomas &amp; Hutton Engineering Co.","thomasandhutton.com"
"huntington","Thunderbird-HRP JV, LLC","hrpassociates.com"
"huntington","The Whiting-Turner Contracting Company","whiting-turner.com"
"huntington","W. M. Jordan Company, Inc.","wmjordan.com"
"huntington","Weston Solutions, Inc.","westonsolutions.com"
"huntington","Wood","woodgroup.com"
"huntington","Woolpert, Inc.","woolpert.com"
"huntington","Zapata Group","zapatainc.com"
"frontier","ADC Engineering","adcengineering.com"
"frontier","AECOM","aecom.com"
"frontier","ARCADIS, U.S., Inc","arcadis.com"
"frontier","Barge Design Solutions, Inc.","bargedesign.com"
"frontier","Bear Steele Global, Ltd. Co.","bearsteele.com"
"frontier","Black &amp; Veatch Special Projects Corp.","bv.com"
"frontier","Blue Cypress Consulting","bluecypress-consulting.com"
"frontier","Burns &amp; McDonnell","burnsmcd.com"
"frontier","C.R. HIPP CONSTRUCTION INC","crhippconstruction.com"
"frontier","Catawba Engineering &amp; Environmental Services","catawbacorps.com"
"frontier","CEMS Engineering","cems-ae.com"
"frontier","CMB Services, Inc.","cmbbuild.com"
"frontier","Collins Engineers Inc.","collinsengr.com"
"frontier","Constantine Engineering Associates, LLC","constantineengineering.com"
"frontier","CTI and Associates, Inc.","cticompanies.com"
"frontier","Edwards-Pitman Environmental, Inc","edwards-pitman.com"
"frontier","EnSafe Inc.","ensafe.com"
"frontier","FORTA Corporation","forta-ferro.com"
"frontier","Gator Engineering &amp; Aquifer Restoration, Inc.","gearengineer.com"
"frontier","GEL Laboratories","gel.com"
"frontier","GeoStabilization International","geostabilization.com"
"frontier","GHD Inc.","ghd.com"
"frontier","Hana Engineers and Consultants, LLC","hanaengineers.com"
"frontier","HDR","hdrinc.com"
"frontier","Heritage Environmental Services, LLC","heritage-enviro.com"
"frontier","K-Con Inc.","kconinc.com"
"frontier","LBE, Inc.","lbeeng.com"
"frontier","Leidos","leidos.com"
"frontier","LJB Inc.","ljbinc.com"
"frontier","Mahorsky Group, Inc.","mahorskygroup.com"
"frontier","Mattern &amp; Craig","matternandcraig.com"
"frontier","MBP","mbpce.com"
"frontier","McKim &amp; Creed Inc.","mckimcreed.com"
"frontier","Mead &amp; Hunt, Inc.","meadhunt.com"
"frontier","Mill City Environmental Corp.","millcityenv.com"
"frontier","Mortenson Construction","mortenson.com"
"frontier","MPS Engineering and Construction","mpsgc.com"
"frontier","OK2 Construction LCC","ok2construction.com"
"frontier","Pond &amp; Company","pondco.com"
"frontier","R2P","r2pdoors.com"
"frontier","Raymond Engineering-Georgia, Inc.","raymond.global"
"frontier","S&amp;ME, Inc.","smeinc.com"
"frontier","SDR","gosdr.com"
"frontier","Seres","seres-es.com"
"frontier","Siemens Industries, Inc.","new.siemens.com"
"frontier","Stantec, Inc.","stantec.com"
"frontier","Terracon Consultants, Inc.","terracon.com"
"frontier","Tetra Tech, Inc.","tetratech.com"
"frontier","Thomas &amp; Hutton Engineering Co.","thomasandhutton.com"
"frontier","Thunderbird-HRP JV, LLC","hrpassociates.com"
"frontier","The Whiting-Turner Contracting Company","whiting-turner.com"
"frontier","W. M. Jordan Company, Inc.","wmjordan.com"
"frontier","Weston Solutions, Inc.","westonsolutions.com"
"frontier","Wood","woodgroup.com"
"frontier","Woolpert, Inc.","woolpert.com"
"frontier","Zapata Group","zapatainc.com"
"frontier","2026 SBC","samesbc.org"
"frontier","2026 Capital Week","samecapweek.org"
"fort-benning","ADC Engineering","adcengineering.com"
"fort-benning","AECOM","aecom.com"
"fort-benning","ARCADIS, U.S., Inc","arcadis.com"
"fort-benning","Barge Design Solutions, Inc.","bargedesign.com"
"fort-benning","Bear Steele Global, Ltd. Co.","bearsteele.com"
"fort-benning","Black &amp; Veatch Special Projects Corp.","bv.com"
"fort-benning","Blue Cypress Consulting","bluecypress-consulting.com"
"fort-benning","Burns &amp; McDonnell","burnsmcd.com"
"fort-benning","C.R. HIPP CONSTRUCTION INC","crhippconstruction.com"
"fort-benning","Catawba Engineering &amp; Environmental Services","catawbacorps.com"
"fort-benning","CEMS Engineering","cems-ae.com"
"fort-benning","CMB Services, Inc.","cmbbuild.com"
"fort-benning","Collins Engineers Inc.","collinsengr.com"
"fort-benning","Constantine Engineering Associates, LLC","constantineengineering.com"
"fort-benning","CTI and Associates, Inc.","cticompanies.com"
"fort-benning","Edwards-Pitman Environmental, Inc","edwards-pitman.com"
"fort-benning","EnSafe Inc.","ensafe.com"
"fort-benning","FORTA Corporation","forta-ferro.com"
"fort-benning","Gator Engineering &amp; Aquifer Restoration, Inc.","gearengineer.com"
"fort-benning","GEL Laboratories","gel.com"
"fort-benning","GeoStabilization International","geostabilization.com"
"fort-benning","GHD Inc.","ghd.com"
"fort-benning","Hana Engineers and Consultants, LLC","hanaengineers.com"
"fort-benning","HDR","hdrinc.com"
"fort-benning","Heritage Environmental Services, LLC","heritage-enviro.com"
"fort-benning","K-Con Inc.","kconinc.com"
"fort-benning","LBE, Inc.","lbeeng.com"
"fort-benning","Leidos","leidos.com"
"fort-benning","LJB Inc.","ljbinc.com"
"fort-benning","Mahorsky Group, Inc.","mahorskygroup.com"
"fort-benning","Mattern &amp; Craig","matternandcraig.com"
"fort-benning","MBP","mbpce.com"
"fort-benning","McKim &amp; Creed Inc.","mckimcreed.com"
"fort-benning","Mead &amp; Hunt, Inc.","meadhunt.com"
"fort-benning","Mill City Environmental Corp.","millcityenv.com"
"fort-benning","Mortenson Construction","mortenson.com"
"fort-benning","MPS Engineering and Construction","mpsgc.com"
"fort-benning","OK2 Construction LCC","ok2construction.com"
"fort-benning","Pond &amp; Company","pondco.com"
"fort-benning","R2P","r2pdoors.com"
"fort-benning","Raymond Engineering-Georgia, Inc.","raymond.global"
"fort-benning","S&amp;ME, Inc.","smeinc.com"
"fort-benning","SDR","gosdr.com"
"fort-benning","Seres","seres-es.com"
"fort-benning","Siemens Industries, Inc.","new.siemens.com"
"fort-benning","Stantec, Inc.","stantec.com"
"fort-benning","Terracon Consultants, Inc.","terracon.com"
"fort-benning","Tetra Tech, Inc.","tetratech.com"
"fort-benning","Thomas &amp; Hutton Engineering Co.","thomasandhutton.com"
"fort-benning","Thunderbird-HRP JV, LLC","hrpassociates.com"
"fort-benning","The Whiting-Turner Contracting Company","whiting-turner.com"
"fort-benning","W. M. Jordan Company, Inc.","wmjordan.com"
"fort-benning","Weston Solutions, Inc.","westonsolutions.com"
"fort-benning","Wood","woodgroup.com"
"fort-benning","Woolpert, Inc.","woolpert.com"
"fort-benning","Zapata Group","zapatainc.com"
"fort-benning","2026 SBC","samesbc.org"
"fort-benning","2026 Capital Week","samecapweek.org"