id,name,domain,fit_score,reason
"347345426154","BISCAYNE CONTRACTORS, INC","biscayne-contractors.com","100","MANUAL: 40s crawl ceiling hit (TIMEOUT: company biscayne-contractors.com exceeded 40000ms)"
"326284294902","KORTE CONSTRUCTION COMPANY","korteco.com","99","MANUAL: no diversity/SBLO page found"
"329725676224","Pogue Construction","pogueconstruction.com","96","MANUAL: no diversity/SBLO page found"
"326179945201","S. J. AMOROSO CONSTRUCTION CO., LLC","sjamoroso.com","94","MANUAL: no diversity/SBLO page found"
"332014506693","Chasco Constructors","chasco.com","94","MANUAL: no diversity/SBLO page found"
"329650085577","Lee Lewis Construction","leelewis.com","92","MANUAL: no diversity/SBLO page found"
"332334079723","Forrester Construction","forresterconstruction.com","92","MANUAL: no diversity/SBLO page found"
"336926753492","Wright Building Systems","wrightbuildingsystems.com","90","MANUAL: no diversity/SBLO page found"
"319042454243","Big-D Construction","bigdconstruction.com","89","MANUAL: no diversity/SBLO page found"
"329727487715","Harkins Builders","harkinsbuilders.com","89","MANUAL: no diversity/SBLO page found"
"154657411811","Ventana Construction","ventanaconstruction.com","88","MANUAL: no diversity/SBLO page found"
"329322873548","CBG Building Company","cbgbuildingcompany.com","88","MANUAL: no diversity/SBLO page found"
"332343069404","Weil Construction","weilconstruction.com","88","MANUAL: no diversity/SBLO page found"
"331817989826","RQ Construction","rqconstruction.com","87","MANUAL: no diversity/SBLO page found"
"331838815937","Tellepsen","tellepsen.com","87","MANUAL: no diversity/SBLO page found"
"330057459424","Brinkmann Constructors","brinkmannconstructors.com","86","MANUAL: no diversity/SBLO page found"
"330057471720","Hill & Wilkinson","hwgc.com","86","MANUAL: no diversity/SBLO page found"
"332314614477","Hess Construction","hessconstruction.com","86","MANUAL: no diversity/SBLO page found"
"154510798554","Knutson","knutsonconstruction.com","85","MANUAL: no diversity/SBLO page found"
"331819420382","Berglund Construction","berglundco.com","85","MANUAL: no diversity/SBLO page found"
"332209057476","Reeves Young","reevesyoung.com","85","MANUAL: no diversity/SBLO page found"
"331080323812","McCownGordon Construction","mccowngordon.com","84","MANUAL: no diversity/SBLO page found"
"335340463809","Johnson-Laux Construction","johnson-laux.com","84","MANUAL: no diversity/SBLO page found"
"346971776746","Adolfson & Peterson Construction","a-p.com","84","MANUAL: 40s crawl ceiling hit (TIMEOUT: company a-p.com exceeded 40000ms)"
"331067777738","New South Construction","newsouthconstruction.com","83","MANUAL: no diversity/SBLO page found"
"332357709524","Ganneston Construction","gannestonconstruction.com","83","MANUAL: no diversity/SBLO page found"
"332388957882","LEGO Construction Co.","legocc.com","83","MANUAL: no diversity/SBLO page found"
"326259522250","ESTES BROS. CONST. INC.","estesbros.com","82","MANUAL: no diversity/SBLO page found"
"329537380055","Level 10 Construction","level10gc.com","82","MANUAL: no diversity/SBLO page found"
"330344193758","MELTECH CORPORATION, INC.","meltechcorp.com","82","MANUAL: no diversity/SBLO page found"
"331819420388","Saunders Construction","saundersinc.com","82","MANUAL: no diversity/SBLO page found"
"339651834576","Crossland Construction","crossland.com","82","MANUAL: no diversity/SBLO page found"
"341102562036","Rogers-O'Brien Construction","r-o.com","82","MANUAL: no diversity/SBLO page found"
"343804844785","Engineered Structures, Inc. (ESI Construction)","esiconstruction.com","82","MANUAL: no diversity/SBLO page found"
"326179943142","HARPER CONSTRUCTION COMPANY, INC.","harperconstruction.com","81","MANUAL: no diversity/SBLO page found"
"326331157187","TEPA EC, LLC","tepa.com","81","MANUAL: no diversity/SBLO page found"
"332272194243","Nichols Contracting","nicholscontracting.com","81","MANUAL: no diversity/SBLO page found"
"325722694376","Skender","skender.com","80","MANUAL: no diversity/SBLO page found"
"332359506649","Sunkota Construction","sunkotaconstruction.com","80","MANUAL: no diversity/SBLO page found"
"346170870467","Fransen Pittman General Contractors","fransenpittman.com","80","MANUAL: no diversity/SBLO page found"
"346267556579","LS Black Constructors","lsblack.com","80","MANUAL: no diversity/SBLO page found"
"329642923729","Truebeck Construction","truebeck.com","79","MANUAL: no diversity/SBLO page found"
"330061532901","Howard Shockey & Sons","shockeycompanies.com","79","MANUAL: no diversity/SBLO page found"
"330388794074","ONEILL CONTRACTORS INC","oneillcontractors.com","79","MANUAL: no diversity/SBLO page found"
"332314606273","Ander Corp","andercorp.com","79","MANUAL: no diversity/SBLO page found"
"344209267419","District Veterans Contracting","districtvetcon.com","79","MANUAL: no diversity/SBLO page found"
"330328000226","BURTON CONSTRUCTION, INC.","burtonconstruction.net","78","MANUAL: no diversity/SBLO page found"
"332221663978","Commodore Builders","commodorebuilders.com","78","MANUAL: no diversity/SBLO page found"
"154505413332","Ryan Companies","ryancompanies.com","77","MANUAL: no diversity/SBLO page found"
"154510798553","Shaw-Lundquist Construction","shawlundquist.com","77","MANUAL: no diversity/SBLO page found"
"318783219388","The Opus Group","opus-group.com","77","MANUAL: no diversity/SBLO page found"
"330344193785","PYRAMID CONTRACTING LLC","pyramidcontracting.com","77","MANUAL: no diversity/SBLO page found"
"332010940113","BCCI Construction","bcciconst.com","77","MANUAL: no diversity/SBLO page found"
"330068105924","TEEL Construction","teelconstruction.com","76","MANUAL: no diversity/SBLO page found"
"331811187407","Owen-Ames-Kimball (O-A-K Florida)","owen-ames-kimball.com","76","MANUAL: no diversity/SBLO page found"
"332014506688","Edifice","edificeinc.com","76","MANUAL: no diversity/SBLO page found"
"332130789056","Patriot Construction","patriotconstruction.com","76","MANUAL: no diversity/SBLO page found"
"332240335608","D.H. Griffin","dhgriffin.com","76","MANUAL: no diversity/SBLO page found"
"332334079724","Dustin Construction","dustinconstruction.com","76","MANUAL: no diversity/SBLO page found"
"326473068224","Gilbane Building Company","gilbaneco.com","75","MANUAL: no diversity/SBLO page found"
"329667997418","Kaufman Lynn Construction","kaufmanlynn.com","75","MANUAL: no diversity/SBLO page found"
"330040530665","The Christman Company","christmanco.com","75","MANUAL: no diversity/SBLO page found"
"330186147523","EW Howell","ewhowell.com","75","MANUAL: no diversity/SBLO page found"
"331035829990","Roebbelen Contracting","roebbelen.com","75","MANUAL: 40s crawl ceiling hit (TIMEOUT: company roebbelen.com exceeded 40000ms)"
"332205553397","Erland Construction","erland.com","75","MANUAL: no diversity/SBLO page found"
"332272196311","Valiant Construction","valiantconstruct.com","75","MANUAL: no diversity/SBLO page found"
"326203200229","Petra, Inc.","petrainc.net","74","MANUAL: no diversity/SBLO page found"
"329333275342","Nabholz","nabholz.com","74","MANUAL: no diversity/SBLO page found"
"329713081052","Sampson Construction","sampson-construction.com","74","MANUAL: no diversity/SBLO page found"
"331823797990","PWI Construction","pwiconstruction.com","74","MANUAL: no diversity/SBLO page found"
"332188641015","R.A. Nelson","ranelson.com","74","MANUAL: no diversity/SBLO page found"
"332197628653","Martin K. Eby Construction","ebycorp.com","74","MANUAL: no diversity/SBLO page found"
"332359506635","Willmeng Construction","willmeng.com","74","MANUAL: no diversity/SBLO page found"
"332382214888","Coakley & Williams Construction","coakleywilliams.com","74","MANUAL: no diversity/SBLO page found"
"324667373263","HITT CONTRACTING, INC.","hitt.com","73","MANUAL: no diversity/SBLO page found"
"329642923732","Hagerman Group","thehagermangroup.com","73","MANUAL: no diversity/SBLO page found"
"330168684260","Bancroft Construction","bancroftconstruction.com","73","MANUAL: no diversity/SBLO page found"
"331026595563","Charles Pankow Builders","pankow.com","73","MANUAL: no diversity/SBLO page found"
"343804845764","ESA SOUTH, INC.","esasouth.com","73","MANUAL: no diversity/SBLO page found"
"343812040440","Warfel Construction","warfelcc.com","73","MANUAL: no diversity/SBLO page found"
"326186192603","CSDI Construction","csdiconstruction.com","72","MANUAL: no diversity/SBLO page found"
"326189010659","BALFOUR BEATTY CONSTRUCTION, LLC","balfourbeattyus.com","72","MANUAL: no diversity/SBLO page found"
"326212332275","Jordan-Wilcomb Construction","jordan-wilcomb.com","72","MANUAL: no diversity/SBLO page found"
"329642923712","DAVIS (James G. Davis Construction)","davisconstruction.com","72","MANUAL: no diversity/SBLO page found"
"332029560515","R.G. Anderson Company","rgandersoncompany.com","72","MANUAL: no diversity/SBLO page found"
"332111349440","Siena Construction","sienaconstruction.com","72","MANUAL: no diversity/SBLO page found"
"332192275188","C.E. Floyd Company","cefloyd.com","72","MANUAL: no diversity/SBLO page found"
"332209115875","Lee Kennedy Co.","leekennedy.com","72","MANUAL: no diversity/SBLO page found"
"332227754705","Wells & West General Contractors","wellsandwest.com","72","MANUAL: no diversity/SBLO page found"
"346405647056","JOSEPH Construction Company","jcc1972.com","72","MANUAL: no diversity/SBLO page found"
"330017967814","Buch Construction","buch.us.com","71","MANUAL: no diversity/SBLO page found"
"330017972965","BRPH","brph.com","71","MANUAL: no diversity/SBLO page found"
"331793555146","Colantonio Inc.","colantonioinc.com","71","MANUAL: no diversity/SBLO page found"
"331811186373","Oltmans Construction","oltmans.com","71","MANUAL: no diversity/SBLO page found"
"332014507757","Haselden Construction","haselden.com","71","MANUAL: no diversity/SBLO page found"
"332029563625","Coastal Construction","coastalconstruction.com","71","MANUAL: no diversity/SBLO page found"
"154539178734","Maertens-Brenny Construction","maertensbrenny.com","70","MANUAL: no diversity/SBLO page found"
"329324652259","Walbridge","walbridge.com","70","MANUAL: no diversity/SBLO page found"
"329324652260","Swinerton","swinerton.com","70","MANUAL: no diversity/SBLO page found"
"330057471682","S.M. Wilson","smwilson.com","70","MANUAL: no diversity/SBLO page found"
"330134602485","Donohoe Construction","donohoe.com","70","MANUAL: no diversity/SBLO page found"
"330359657187","SANDOW CONSTRUCTION INC","sandowconstruction.com","70","MANUAL: no diversity/SBLO page found"
"331793494737","Nunn Construction","nunnconstruction.com","70","MANUAL: no diversity/SBLO page found"
"331825902279","Shaw Construction","shawconstruction.net","70","MANUAL: no diversity/SBLO page found"
"332225967819","Cadence McShane","cadencemcshane.com","70","MANUAL: no diversity/SBLO page found"
"332357718737","MCN Build","mcnbuild.com","70","MANUAL: no diversity/SBLO page found"
"326713794255","NATIVE AMERICAN SERVICES CORP.","nascousa.com","69","MANUAL: no diversity/SBLO page found"
"329951575755","Poettker Construction","poettkerconstruction.com","69","MANUAL: no diversity/SBLO page found"
"332357708533","Sky Blue Builders","skybluebuilders.com","69","MANUAL: no diversity/SBLO page found"
"335247584987","Burke Construction Group","burkecgi.com","69","MANUAL: no diversity/SBLO page found"
"343810606810","MCP Group","themcpgroup.com","69","MANUAL: no diversity/SBLO page found"
"346450246356","Henkel Construction Company","henkelconstruction.com","69","MANUAL: no diversity/SBLO page found"
"326289679095","CONTI FEDERAL SERVICES, LLC","contifederal.com","68","MANUAL: no diversity/SBLO page found"
"327596509888","Manhattan Construction","manhattanconstruction.com","68","MANUAL: no diversity/SBLO page found"
"329637528256","Hoar Construction","hoar.com","68","MANUAL: no diversity/SBLO page found"
"329705711305","Satterfield & Pontikes Construction","satpon.com","68","MANUAL: no diversity/SBLO page found"
"329713080051","Webcor","webcor.com","68","MANUAL: no diversity/SBLO page found"
"330187944673","CG Schmidt","cgschmidt.com","68","MANUAL: no diversity/SBLO page found"
"330359657196","KMK CONSTRUCTION, INC.","kmk.construction","68","MANUAL: no diversity/SBLO page found"
"331064183517","XL Construction","xlconstruction.com","68","MANUAL: no diversity/SBLO page found"
"332070229712","Evans General Contractors","evansgeneralcontractors.com","68","MANUAL: no diversity/SBLO page found"
"332307210960","DCR Services & Construction","dcr-services.com","68","MANUAL: no diversity/SBLO page found"
"336929346247","Capitol Construction Solutions, Inc.","capitolconstruct.com","68","MANUAL: no diversity/SBLO page found"
"154657411823","Langer Construction","langerconstruction.com","67","MANUAL: no diversity/SBLO page found"
"329637528299","Bette Companies","bettecring.com","67","MANUAL: no diversity/SBLO page found"
"326207863511","DIVERSIFIED CONSTRUCTION OF OKLAHOMA, INC.","diversifiedok.com","66","MANUAL: no diversity/SBLO page found"
"329333276348","Parkway Construction & Associates","parkwayconstruction.com","66","MANUAL: no diversity/SBLO page found"
"332334069436","Guardian Construction","guardianconst.com","66","MANUAL: no diversity/SBLO page found"
"332380421863","E.L.C.I. Construction Group","elciconstruction.com","66","MANUAL: no diversity/SBLO page found"
"346703780579","Bell & Associates Construction","bellconstructioncompany.com","66","MANUAL: no diversity/SBLO page found"
"329705710325","Clancy & Theys","clancytheys.com","65","MANUAL: no diversity/SBLO page found"
"330359657194","JNB SERVICES LLC","jnbservicesllc.com","65","MANUAL: no diversity/SBLO page found"
"331107342058","Bartlett Cocke General Contractors","bartlettcocke.com","65","MANUAL: no diversity/SBLO page found"
"331863859934","McCrory Construction","mccroryconstruction.com","65","MANUAL: no diversity/SBLO page found"
"346170847977","T.A. Loving Company","taloving.com","65","MANUAL: no diversity/SBLO page found"
"329637528295","Alberici-Flintco","alberici.com","64","MANUAL: no diversity/SBLO page found"
"330320790229","RB CONSTRUCTION COMPANY","rb-construction.com","64","MANUAL: no diversity/SBLO page found"
"330381245170","Versacon","versaconinc.com","64","MANUAL: no diversity/SBLO page found"
"326197949160","PARSONS GOVERNMENT SERVICES INC.","parsons.com","63","MANUAL: no diversity/SBLO page found"
"327497390816","STV","stvinc.com","63","MANUAL: no diversity/SBLO page found"
"329322861288","DeAngelis Diamond","deangelisdiamond.com","63","MANUAL: no diversity/SBLO page found"
"330045836002","Stellar","stellar.net","63","MANUAL: no diversity/SBLO page found"
"332355908336","Construction Support Solutions","constructionsupportsolutions.com","63","MANUAL: no diversity/SBLO page found"
"346272985841","Tarlton Corporation","tarltoncorp.com","63","MANUAL: no diversity/SBLO page found"
"346616650451","Conlon Construction","conlonco.com","63","MANUAL: no diversity/SBLO page found"
"346716724945","Graham Construction Company","grahamconstruction.com","63","MANUAL: no diversity/SBLO page found"
"317595047626","PCL Construction","pcl.com","62","MANUAL: no diversity/SBLO page found"
"327599374038","ZGF Architects","zgf.com","62","MANUAL: watchdog force-kill (CLOSE_HUNG: zgf.com ())"
"329725676252","MYCON General Contractors","mycon.com","62","MANUAL: no diversity/SBLO page found"
"331811187408","Manhattan Construction Group","manhattanconstructiongroup.com","62","MANUAL: no diversity/SBLO page found"
"331953846007","Ben M. Radcliff Contractor","benradcliff.com","62","MANUAL: no diversity/SBLO page found"
"332352312035","King Construction Service","kingconstructionservice.com","62","MANUAL: no diversity/SBLO page found"
"326171259585","SGS LLC","sgsbuilder.net","61","MANUAL: no diversity/SBLO page found"
"330359657195","DAWN INCORPORATED","dawnincorporated.com","61","MANUAL: no diversity/SBLO page found"
"331107342059","Pernix Group","pernixgroup.com","61","MANUAL: no diversity/SBLO page found"
"331867135681","KPRS Construction Services","kprsinc.com","61","MANUAL: no diversity/SBLO page found"
"332341272268","J&J Contractors","jjcontractor.com","61","MANUAL: no diversity/SBLO page found"
"335508931289","Senne Company","sennecompany.com","61","MANUAL: no diversity/SBLO page found"
"325738625748","Power Construction","powerconstruction.net","60","MANUAL: no diversity/SBLO page found"
"331114523367","Hathaway Dinwiddie Construction","hdcco.com","60","MANUAL: no diversity/SBLO page found"
"332162631402","West Construction","westgc.com","60","MANUAL: no diversity/SBLO page found"
"346236922594","PARIC Corporation","paric.com","60","MANUAL: no diversity/SBLO page found"
"154539178728","The Bainey Group Construction Services","bainey.com","59","MANUAL: no diversity/SBLO page found"
"329324666598","Summit Contracting Group","summit-contracting.com","59","MANUAL: no diversity/SBLO page found"
"329725675251","Fortis Construction","fortisconstruction.com","59","MANUAL: no diversity/SBLO page found"
"332272203479","GCS-SIGAL","gcs-sigal.com","59","MANUAL: no diversity/SBLO page found"
"337272820466","Leopardo Companies","leopardo.com","59","MANUAL: no diversity/SBLO page found"
"325704485569","James McHugh Construction","mchughconstruction.com","58","MANUAL: no diversity/SBLO page found"
"330040541939","Lease Crutcher Lewis","lewisbuilds.com","58","MANUAL: no diversity/SBLO page found"
"330328001228","M WILKINSON CONSTRUCTION COMPANY","wilkinsonconstructioncompany.com","58","MANUAL: no diversity/SBLO page found"
"330370473686","BELT BUILT CONTRACTING, LLC","beltbuiltllc.com","58","MANUAL: watchdog force-kill (CLOSE_HUNG: beltbuiltllc.com ())"
"331829187266","Matcon Construction Services","matcon.build","58","MANUAL: no diversity/SBLO page found"
"332357709523","Northern Construction Service","northernconstruction.com","58","MANUAL: no diversity/SBLO page found"
"344056826581","HAWK CONTRACTING GROUP LLC","hawkcg.com","58","MANUAL: no diversity/SBLO page found"
"159374043896","McAlvain Companies,","mcalvain.com","57","MANUAL: no diversity/SBLO page found"
"326286364373","GRANITE CONSTRUCTION COMPANY","graniteconstruction.com","57","MANUAL: no diversity/SBLO page found"
"326331157181","BIRMINGHAM INDUSTRIAL CONSTRUCTION, LLC","bhamconstruction.com","57","MANUAL: no diversity/SBLO page found"
"326644868852","CTI Companies","cticompanies.com","57","MANUAL: no diversity/SBLO page found"
"331078543057","SpawGlass","spawglass.com","57","MANUAL: no diversity/SBLO page found"
"332355908335","KEO & Associates","keoassoc.com","57","MANUAL: no diversity/SBLO page found"
"346650725053","Story Construction","storycon.com","57","MANUAL: no diversity/SBLO page found"
"325547283147","US SITEWORK INC","ussitework.com","56","MANUAL: no diversity/SBLO page found"
"326322489061","CIVIL WORKS CONTRACTING LLC","civilworkscontracting.com","56","MANUAL: no diversity/SBLO page found"
"329322861289","Dimeo Construction","dimeo.com","56","MANUAL: no diversity/SBLO page found"
"330045819602","GH Phipps Construction","ghphipps.com","56","MANUAL: no diversity/SBLO page found"
"330134607556","Clark Contractors","clarkcontractors.net","56","MANUAL: no diversity/SBLO page found"
"331811187406","Wespac Construction","wespacaz.com","56","MANUAL: no diversity/SBLO page found"
"332111287011","Bremik Construction","bremik.com","56","MANUAL: no diversity/SBLO page found"
"332357712631","RJS Construction","rjsconst.com","56","MANUAL: no diversity/SBLO page found"
"326642273003","SUH'DUTSING CONTRACTING SERVICES","suhdutsing.com","55","MANUAL: no diversity/SBLO page found"
"330381245147","SAW CONTRACTING, INC.","sawcontracting.com","55","MANUAL: no diversity/SBLO page found"
"329637528262","J.H. Findorff & Son","findorff.com","54","MANUAL: no diversity/SBLO page found"
"329713081054","Hunter Roberts Construction Group","hrcg.com","54","MANUAL: 40s crawl ceiling hit (TIMEOUT: company hrcg.com exceeded 40000ms)"
"330005904100","A/Z Corporation","a-zcorp.com","54","MANUAL: no diversity/SBLO page found"
"330370473673","ARMCORP CONSTRUCTION INC","armcorpinc.com","54","MANUAL: no diversity/SBLO page found"
"330746111725","STO Building Group","stobuildinggroup.com","54","MANUAL: no diversity/SBLO page found"
"331829185245","Sabre Commercial","sabrecommercial.com","54","MANUAL: no diversity/SBLO page found"
"332209106634","CJW Contractors","cjwcontractors.com","54","MANUAL: watchdog force-kill (CLOSE_HUNG: cjwcontractors.com ())"
"341390717664","SHELLBACK GENERAL CONTRACTING CO.","shellbackgc.com","54","MANUAL: no diversity/SBLO page found"
"169662420667","Zeman Construction","zemanconstruction.com","53","MANUAL: no diversity/SBLO page found"
"325787803347","Lendlease","lendlease.com","53","MANUAL: no diversity/SBLO page found"
"326183277296","CERRIS BUILDERS, INC","cerrisbuilders.com","53","MANUAL: no diversity/SBLO page found"
"332314610369","QSS International","qssinternational.com","53","MANUAL: no diversity/SBLO page found"
"335270980297","Vogts Construction Company","vogtsconstruction.com","53","MANUAL: no diversity/SBLO page found"
"346846914281","Gulf Building LLC","gulfbuilding.com","53","MANUAL: 40s crawl ceiling hit (TIMEOUT: company gulfbuilding.com exceeded 40000ms)"
"326322489052","ECLIPSE COMPANIES, LLC","theeclipsecompanies.com","52","MANUAL: no diversity/SBLO page found"
"330320790246","MIDWESTERN CONSTRUCTION SERVICES, INC.","midwesternconstructionservices.com","52","MANUAL: no diversity/SBLO page found"
"331053925068","Andersen Construction","andersen-const.com","52","MANUAL: no diversity/SBLO page found"
"331823781565","Key Construction","keyconstruction.com","52","MANUAL: no diversity/SBLO page found"
"331825948390","Burchick Construction","burchick.com","52","MANUAL: no diversity/SBLO page found"
"332043279087","O'Donnell/Snider Construction","odonnellsnider.com","52","MANUAL: no diversity/SBLO page found"
"332363105987","Greenway Enterprises","greenwayent.com","52","MANUAL: no diversity/SBLO page found"
"335296699120","Accelerated Construction Services","acceleratedconstructionservices.com","52","MANUAL: no diversity/SBLO page found"
"341104719550","Smith Hafeli","smith-hafeli.com","52","MANUAL: no diversity/SBLO page found"
"341109822149","Matos Builders, LLC","matosbuilders.com","52","MANUAL: 40s crawl ceiling hit (TIMEOUT: company matosbuilders.com exceeded 40000ms)"
"325540515542","Dean Snyder Construction","deansnyder.com","51","MANUAL: no diversity/SBLO page found"
"326320314094","RICHARD GROUP LLC","richardgroup.com","51","MANUAL: no diversity/SBLO page found"
"329997047519","DonahueFavret Contractors","donahuefavret.com","51","MANUAL: no diversity/SBLO page found"
"331793543889","SYNCON","synconllc.com","51","MANUAL: no diversity/SBLO page found"
"331820135114","FedVet Construction","fedvet.com","51","MANUAL: no diversity/SBLO page found"
"331842687689","Muter Construction","muterconstruction.com","51","MANUAL: no diversity/SBLO page found"
"331863710440","MATT Construction","mattconstruction.com","51","MANUAL: no diversity/SBLO page found"
"332341273317","MFS Construction","mfsconstruction.com","51","MANUAL: no diversity/SBLO page found"
"335504339648","Place Services, Inc. - Federal Division","placeservicesinc.com","51","MANUAL: no diversity/SBLO page found"
"337019640558","The Trevino Group","trevinogroup.com","51","MANUAL: no diversity/SBLO page found"
"346240508605","Market & Johnson","market-johnson.com","51","MANUAL: no diversity/SBLO page found"
"326199631607","Mark Guho Construction","mguho.com","50","MANUAL: no diversity/SBLO page found"
"332343071453","Hightower Construction","hightowerconstruction.com","50","MANUAL: no diversity/SBLO page found"
"346178065114","JP Cullen","jpcullen.com","50","MANUAL: no diversity/SBLO page found"
"346279279304","Mashburn Construction Company","mashburnconstruction.com","50","MANUAL: no diversity/SBLO page found"
"324960589550","Midwest Select Contracting","midwestselectcontracting.com","49","MANUAL: no diversity/SBLO page found"
"325414735586","Aspen Construction","aspen-construction.com","49","MANUAL: no diversity/SBLO page found"
"331838815936","VCC","vccusa.com","49","MANUAL: no diversity/SBLO page found"
"334396442333","Omega Construction","omegaconstruction.com","49","MANUAL: no diversity/SBLO page found"
"346282899187","Golden Triangle Construction","gtc1.net","49","MANUAL: no diversity/SBLO page found"
"346332894922","Vannoy Construction","vannoyconstruction.com","49","MANUAL: 40s crawl ceiling hit (TIMEOUT: company vannoyconstruction.com exceeded 40000ms)"
"326167169774","HEALTHEON, INC","healtheoninc.com","48","MANUAL: no diversity/SBLO page found"
"326168114924","CAPEX CONSTRUCTION LLC","capex.com","48","MANUAL: no diversity/SBLO page found"
"326221130448","HC Company","hcco-inc.com","48","MANUAL: no diversity/SBLO page found"
"330381245146","FEDERAL CONSTRUCTORS, INC.","federalconstructors.com","48","MANUAL: no diversity/SBLO page found"
"331034030825","Vaughn Construction","vaughnconstruction.com","48","MANUAL: no diversity/SBLO page found"
"331811186408","Jacobsen Construction","jacobsenconstruction.com","48","MANUAL: no diversity/SBLO page found"
"334399997634","CSI Construction","csigc.com","48","MANUAL: no diversity/SBLO page found"
"341103998684","Veteran DCI","veteran-dci.com","48","MANUAL: watchdog force-kill (CLOSE_HUNG: veteran-dci.com ())"
"343810606787","MGI, INC.","mgiinc.com","48","MANUAL: no diversity/SBLO page found"
"330159111869","Bernards","bernards.com","47","MANUAL: no diversity/SBLO page found"
"331082111700","Framaco International","framaco.com","47","MANUAL: no diversity/SBLO page found"
"332334068450","Critical Path Construction","criticalpathconstruction.com","47","MANUAL: no diversity/SBLO page found"
"332357714667","K2 Contracting Group","k2cg.com","47","MANUAL: no diversity/SBLO page found"
"335503359689","Circadia","circadia.net","47","MANUAL: no diversity/SBLO page found"
"337016052415","BEX Construction Services","bexstl.com","47","MANUAL: no diversity/SBLO page found"
"326161849028","MISSOURI RIVER CONTRACTORS, LLC","missouririvercontractors.com","46","MANUAL: no diversity/SBLO page found"
"330159122165","T5 Data Centers","t5datacenters.com","46","MANUAL: no diversity/SBLO page found"
"330381245175","OCS CONSTRUCTION SERVICES INC","ocsconstruction.com","46","MANUAL: no diversity/SBLO page found"
"331842689755","B&C Enterprises","bcentinc.com","46","MANUAL: no diversity/SBLO page found"
"332355909359","B3 Construction","b3construction.com","46","MANUAL: no diversity/SBLO page found"
"334363726536","RLS Construction Group","rlscg.com","46","MANUAL: 40s crawl ceiling hit (TIMEOUT: company rlscg.com exceeded 40000ms)"
"334525458130","Doster Construction","dosterconstruction.com","46","MANUAL: no diversity/SBLO page found"
"343804845779","Icarus Construction","icarusconstruction.com","46","MANUAL: watchdog force-kill (CLOSE_HUNG: icarusconstruction.com ())"
"318783219389","Weis Builders","weisbuilders.com","45","MANUAL: no diversity/SBLO page found"
"330320790230","BRIGHT REGARDS, LLC","brightregards.com","45","MANUAL: no diversity/SBLO page found"
"331830969059","Gordon Highlander","gordonhighlander.com","45","MANUAL: no diversity/SBLO page found"
"332070230746","Foushee","foushee.com","45","MANUAL: no diversity/SBLO page found"
"335609720538","Harendt Construction Group, LLC","harendt-construction.com","45","MANUAL: no diversity/SBLO page found"
"337019640550","Carlson Construction","cbinc.net","45","MANUAL: no diversity/SBLO page found"
"346669732543","T.W. Frierson Contractor","twfrierson.com","45","MANUAL: no diversity/SBLO page found"
"346836094658","Rockford Construction Company","rockfordconstruction.com","45","MANUAL: no diversity/SBLO page found"
"325726284482","Clune Construction","clunegc.com","44","MANUAL: no diversity/SBLO page found"
"326182606577","Saucerman Construction","saucermanci.com","44","MANUAL: no diversity/SBLO page found"
"326746156751","ACIERTO LLC","military-construction.com","44","MANUAL: no diversity/SBLO page found"
"329324653266","McShane Companies","mcshaneconstruction.com","44","MANUAL: no diversity/SBLO page found"
"329667997384","Choate Construction","choateco.com","44","MANUAL: no diversity/SBLO page found"
"329713080043","Okland Construction","okland.com","44","MANUAL: no diversity/SBLO page found"
"329725676223","Rycon Construction","ryconinc.com","44","MANUAL: no diversity/SBLO page found"
"330148717260","Schimenti Construction","schimenti.com","44","MANUAL: no diversity/SBLO page found"
"330192688873","Andres Construction","andresconstruction.com","44","MANUAL: no diversity/SBLO page found"
"332334072527","IMEC Group","imecgroupllc.com","44","MANUAL: no diversity/SBLO page found"
"346178065117","C.D. Smith Construction","cdsmith.com","44","MANUAL: no diversity/SBLO page found"
"346267561661","Rodgers Builders","rodgersbuilders.com","44","MANUAL: watchdog force-kill (CLOSE_HUNG: rodgersbuilders.com ())"
"346726271675","Neumann Brothers","neumannbros.com","44","MANUAL: no diversity/SBLO page found"
"330134602486","Landry/French Construction","landryfrench.com","43","MANUAL: no diversity/SBLO page found"
"340748289777","The Osborne Company","osbornecm.com","43","MANUAL: no diversity/SBLO page found"
"343812041404","MULE ENGINEERING, INC.","mule-eng.com","43","MANUAL: no diversity/SBLO page found"
"345709464281","ASI General Contractors","asigc.com","43","MANUAL: no diversity/SBLO page found"
"326154730225","H-K CONTRACTORS, INC.","hkcontractors.com","42","MANUAL: no diversity/SBLO page found"
"329725675256","Joeris General Contractors","joeris.com","42","MANUAL: no diversity/SBLO page found"
"330187945665","Benchmark Construction","benchmarkgc.com","42","MANUAL: no diversity/SBLO page found"
"330320790245","CALVARY CONTRACTING INC","calvarycontracting.com","42","MANUAL: no diversity/SBLO page found"
"330363252467","Atlas Building Group","abgbuilds.com","42","MANUAL: no diversity/SBLO page found"
"330363267819","HARBOR SERVICES, INC","harborservicescorp.com","42","MANUAL: no diversity/SBLO page found"
"331044925153","Linbeck Group","linbeck.com","42","MANUAL: no diversity/SBLO page found"
"331830987474","Kast Construction","kastbuild.com","42","MANUAL: no diversity/SBLO page found"
"332070229734","Metropolitan Contracting Company (METRO)","metrobuilt.com","42","MANUAL: no diversity/SBLO page found"
"332341277410","Henley Construction","henleyconstruction.com","42","MANUAL: no diversity/SBLO page found"
"344209267389","Tactical Services Organization LLC","buildwithvets.com","42","MANUAL: no diversity/SBLO page found"
"348033337047","Reeder General Contractors","reedergeneral.com","42","MANUAL: watchdog force-kill (CLOSE_HUNG: reedergeneral.com ())"
"321172277986","C.E. Gleeson Constructors","gleesonconstructors.com","41","MANUAL: no diversity/SBLO page found"
"326229024477","CENTRAL SOUTHERN CONSTRUCTION CORP.","centralsouthern.us","41","MANUAL: no diversity/SBLO page found"
"329984581356","TW Constructors","twconstructors.com","41","MANUAL: no diversity/SBLO page found"
"331493112568","Forus Contracting, Inc.","foruscontracting.com","41","MANUAL: no diversity/SBLO page found"
"345687871162","MCL Construction","mclconstruction.com","41","MANUAL: no diversity/SBLO page found"
"346244127447","Spiegelglass Construction Company","spiegelglass.com","41","MANUAL: no diversity/SBLO page found"
"329324652258","Holder Construction","holderconstruction.com","40","MANUAL: no diversity/SBLO page found"
"329537393383","Skyline Construction","skylineconstruction.build","40","MANUAL: no diversity/SBLO page found"
"331842687688","Town Center Construction","towncenterconstruction.com","40","MANUAL: no diversity/SBLO page found"
"332352312038","Friend Contractors","friendcontractors.com","40","MANUAL: no diversity/SBLO page found"
"341135449826","Black Construction Corporation","blackconstructionguam.com","40","MANUAL: no diversity/SBLO page found"
"345687833309","Rochon Corporation","rochoncorp.com","40","MANUAL: no diversity/SBLO page found"
"154539178731","Gardner Builders","gardner-builders.com","39","MANUAL: no diversity/SBLO page found"
"325533127354","ASPHALT SURFACE TECHNOLOGIES CORP","astechmn.com","39","MANUAL: no diversity/SBLO page found"
"326171258584","MCKENZIE CONSTRUCTION & SITE DEVELOPMENT LLC","mckenzieconst.com","39","MANUAL: no diversity/SBLO page found"
"326627273425","Cascade Enterprises","cascade-enterprises.com","39","MANUAL: watchdog force-kill (CLOSE_HUNG: cascade-enterprises.com ())"
"326692148969","B H, INC","bhico.com","39","MANUAL: no diversity/SBLO page found"
"329322861245","Robins & Morton","robinsmorton.com","39","MANUAL: watchdog force-kill (CLOSE_HUNG: robinsmorton.com ())"
"331798692557","Build Group","buildgc.com","39","MANUAL: no diversity/SBLO page found"
"332070230715","Devcon Construction","devcon-const.com","39","MANUAL: no diversity/SBLO page found"
"332130791099","BlueScope Construction","bluescopeconstruction.com","39","MANUAL: no diversity/SBLO page found"
"332188833507","KWR Construction","kwrconst.com","39","MANUAL: no diversity/SBLO page found"
"332352312054","Herman Construction Group","hermancg.com","39","MANUAL: watchdog force-kill (CLOSE_HUNG: hermancg.com ())"
"336936949467","Falkenberg Construction Company Inc.","falkenbergconstruction.com","39","MANUAL: no diversity/SBLO page found"
"326180661956","Beniton Construction","beniton.com","38","MANUAL: no diversity/SBLO page found"
"330320790262","ANGELS GENERAL CONSTRUCTION INC","angelsgeneralconstruction.com","38","MANUAL: no diversity/SBLO page found"
"332130800324","McCullough Construction","mccullough-construction.com","38","MANUAL: no diversity/SBLO page found"
"332341270225","Timberline Construction Group","timberlinecg.com","38","MANUAL: no diversity/SBLO page found"
"341136038611","VETERANS PRE-CONSTRUCTION & VISUAL SOLUTIONS, LLC","freddiestreeter.com","38","MANUAL: no diversity/SBLO page found"
"344209986240","BLUE SPADER CONTRACTORS INC","bluespader.net","38","MANUAL: no diversity/SBLO page found"
"332010940114","Nibbi Brothers General Contractors","nibbi.com","37","MANUAL: no diversity/SBLO page found"
"332343071454","Fasone GBC","fasonegbc.com","37","MANUAL: no diversity/SBLO page found"
"332343074545","National Contracting Services","ncssuccessllc.com","37","MANUAL: watchdog force-kill (CLOSE_HUNG: ncssuccessllc.com ())"
"335493508819","IC Construction Company","icconstructioncompany.com","37","MANUAL: no diversity/SBLO page found"
"336944131821","Toro Construction Corp.","toroconstructioncorp.com","37","MANUAL: no diversity/SBLO page found"
"340569209556","Joint Forces Construction, LLC","jointforces.org","37","MANUAL: no diversity/SBLO page found"
"341119257327","GR STAFFLOGIX LLC","grstafflogix.com","37","MANUAL: no diversity/SBLO page found"
"341172854500","ACCENT ENGINEERING & CONSTRUCTION INC","accenteci.com","37","MANUAL: no diversity/SBLO page found"
"345641853651","Leapley Construction","leapleyconstruction.com","37","MANUAL: no diversity/SBLO page found"
"329637528296","Alston Construction","alstonco.com","36","MANUAL: no diversity/SBLO page found"
"329949096697","Hourigan","hourigan.group","36","MANUAL: no diversity/SBLO page found"
"331798692584","Schuchart","schuchart.com","36","MANUAL: no diversity/SBLO page found"
"335354908399","Axxys Construction","axxysconstruction.com","36","MANUAL: no diversity/SBLO page found"
"335800219323","Advon","advonconstruction.com","36","MANUAL: no diversity/SBLO page found"
"336938747631","Building & Repair Systems LLC","buildingrepairsystems.com","36","MANUAL: no diversity/SBLO page found"
"326289680078","ACC CONSTRUCTION CO., INC.","acccon.net","35","MANUAL: no diversity/SBLO page found"
"329537379062","Gray","gray.com","35","MANUAL: no diversity/SBLO page found"
"329725687535","Rand Construction","randcc.com","35","MANUAL: no diversity/SBLO page found"
"330344193783","CORNERSTONE CONSTRUCTION SERVICES, LLC","cornerstone-serv.com","35","MANUAL: watchdog force-kill (CLOSE_HUNG: cornerstone-serv.com ())"
"330359658182","SOUTHERN AIRE CONTRACTING INC","","35","MANUAL: no domain on record"
"332308112060","Lawdensky Construction Company","lawdenskyconstructioncompany.com","35","MANUAL: no diversity/SBLO page found"
"332352312036","Banneker Ventures","bannekerventures.com","35","MANUAL: no diversity/SBLO page found"
"335765940923","Mariottini Construction","mariottini.com","35","MANUAL: no diversity/SBLO page found"
"336944131823","Graybach","graybach.com","35","MANUAL: no diversity/SBLO page found"
"340289240789","DeLauter Development","delauterinc.com","35","MANUAL: no diversity/SBLO page found"
"341088493289","BETANCE ENTERPRISES, INC.","betance.net","35","MANUAL: 40s crawl ceiling hit (TIMEOUT: company betance.net exceeded 40000ms)"
"341162074818","B&B INDUSTRIES LC","bbind-usa.com","35","MANUAL: no diversity/SBLO page found"
"341227537111","LOG Solutions and Consulting, LLC","logsc.net","35","MANUAL: no diversity/SBLO page found"
"346267584244","Calcon Constructors, Inc.","calconci.com","35","MANUAL: no diversity/SBLO page found"
"346792564418","EV Construction","ev.construction","35","MANUAL: no diversity/SBLO page found"
"334401290946","Millie and Severson","millieandseverson.com","34","MANUAL: no diversity/SBLO page found"
"341154891512","RICHARD GROUP LLC","richardgroupllc.com","34","MANUAL: no diversity/SBLO page found"
"346178046658","Garbutt Construction Company","garbuttconstruction.com","34","MANUAL: no diversity/SBLO page found"
"346467770059","TF Powers Construction Co","tfpowers.com","34","MANUAL: no diversity/SBLO page found"
"329322861252","J.T. Magen & Company","jtmagen.com","33","MANUAL: no diversity/SBLO page found"
"329997046510","IPS-Integrated Project Services","ipsdb.com","33","MANUAL: no diversity/SBLO page found"
"332130794179","HOF Construction","hofconstruction.com","33","MANUAL: 40s crawl ceiling hit (TIMEOUT: company hofconstruction.com exceeded 40000ms)"
"332378623734","BKM Construction","bkmconstructiongroup.com","33","MANUAL: no diversity/SBLO page found"
"335615186618","Moser Construction LLC","moserconstruction.net","33","MANUAL: no diversity/SBLO page found"
"340628542176","Penn Construction Group, Inc.","pcgdesignbuild.com","33","MANUAL: no diversity/SBLO page found"
"341095865019","CITYDRONEZ VETERANS LLC","citydronezvets.com","33","MANUAL: watchdog force-kill (CLOSE_HUNG: citydronezvets.com ())"
"341174687421","STERLING RISE FEDERAL CORPORATION","sterlingrisefederal.com","33","MANUAL: no diversity/SBLO page found"
"341240026868","1WAYSERVICES LLC","","33","MANUAL: no domain on record"
"330029908701","Capstone Building","capstonebuilding.com","32","MANUAL: no diversity/SBLO page found"
"332334074575","TLI Construction","tliconstruction.net","32","MANUAL: no diversity/SBLO page found"
"340590795461","Apex Constructors","apex-constructors.com","32","MANUAL: no diversity/SBLO page found"
"341143192279","FG PINNACLE SERVICES LLC","fgmanagementgroup.com","32","MANUAL: no diversity/SBLO page found"
"341161485033","SDV - JAYNES JOINT VENTURE","sdvconstruction.com","32","MANUAL: no diversity/SBLO page found"
"345655616243","Lueder Construction","lueder.com","32","MANUAL: no diversity/SBLO page found"
"346178065116","The Samuels Group","samuelsgroup.net","32","MANUAL: no diversity/SBLO page found"
"346966512324","Genco General Contractors","gencopr.com","32","MANUAL: no diversity/SBLO page found"
"347113466591","MBP","mbpce.com","32","MANUAL: no diversity/SBLO page found"
"348163385076","Swank Enterprises","swankenterprises.com","32","MANUAL: no diversity/SBLO page found"
"326658131669","Kilgore Companies","kilgorecompanies.com","31","MANUAL: no diversity/SBLO page found"
"330375859950","BLASCO CONSTRUCTION CORP","blascoconstruction.com","31","MANUAL: no diversity/SBLO page found"
"331842689754","BSA Contractors","bsacontractorsllc.net","31","MANUAL: no diversity/SBLO page found"
"335507135210","Caliber 1 Construction","caliber1construction.com","31","MANUAL: no diversity/SBLO page found"
"336942331640","Builtech Services, LLC","builtechllc.com","31","MANUAL: no diversity/SBLO page found"
"336952904423","Wolgast Corporation","wolgast.com","31","MANUAL: no diversity/SBLO page found"
"337261739708","Hirsch Construction Corp.","hirschcorp.com","31","MANUAL: no diversity/SBLO page found"
"337427078856","Decima LLC","decimaai.com","31","MANUAL: no diversity/SBLO page found"
"341154895609","TARGET LOGISTICS, INC.","targetlogisticsusa.com","31","MANUAL: no diversity/SBLO page found"
"332586621643","Amstar Inc.","amstarincgc.com","30","MANUAL: no diversity/SBLO page found"
"337007079155","RCS Construction","rcsconstruction.com","30","MANUAL: no diversity/SBLO page found"
"340660872920","","plcgc2019.com","30","MANUAL: 40s crawl ceiling hit (TIMEOUT: company plcgc2019.com exceeded 40000ms)"
"346290083523","IEI General Contractors","ieigc.com","30","MANUAL: 40s crawl ceiling hit (TIMEOUT: company ieigc.com exceeded 40000ms)"
"318911631076","Ames Construction","amesconstruction.com","29","MANUAL: no diversity/SBLO page found"
"324929357529","KNIGHT SOLUTIONS","knightsolutionsfirst.com","29","MANUAL: no diversity/SBLO page found"
"329667997420","Chasse Building Team","chasse.us","29","MANUAL: no diversity/SBLO page found"
"332014507759","Verdex Construction","verdex.com","29","MANUAL: no diversity/SBLO page found"
"332130794180","P&L General Contractors","pnlgencon.com","29","MANUAL: no diversity/SBLO page found"
"332194049756","Peak Construction","peakconstruction.com","29","MANUAL: no diversity/SBLO page found"
"332205492925","J.R. Abbott Construction","jrabbott.com","29","MANUAL: no diversity/SBLO page found"
"332355911404","Keystone Plus Construction","keystonedc.com","29","MANUAL: watchdog force-kill (CLOSE_HUNG: keystonedc.com ())"
"334486363867","One Corner Construction","onecornerconstruction.com","29","MANUAL: no diversity/SBLO page found"
"336942332620","Catamount Constructors, Inc.","catamountinc.com","29","MANUAL: no diversity/SBLO page found"
"341136043756","CONSOLIDATED INSTALLATION SUPPORT, LLC","vetcis.com","29","MANUAL: watchdog force-kill (CLOSE_HUNG: vetcis.com ())"
"345184909039","IAW CONSTRUCTION, INC.","jmnahum151n9","29","MANUAL: 40s crawl ceiling hit (TIMEOUT: company jmnahum151n9 exceeded 40000ms)"
"345625358072","Jerdon Construction","jerdonconstruction.com","29","MANUAL: no diversity/SBLO page found"
"345638263497","MBM Contracting","mbmcontracting.com","29","MANUAL: no diversity/SBLO page found"
"346172648178","Harvey-Cleary Builders","harveycleary.com","29","MANUAL: no diversity/SBLO page found"
"347925665509","Kraus-Anderson Construction","krausanderson.com","29","MANUAL: no diversity/SBLO page found"
"331823797993","Straticon","straticon.com","28","MANUAL: no diversity/SBLO page found"
"331825646301","Crawford Merz","crawfordmerz.com","28","MANUAL: no diversity/SBLO page found"
"331830984401","Structura","structurainc.com","28","MANUAL: no diversity/SBLO page found"
"335253783281","Cleveland Construction","clevelandconstruction.com","28","MANUAL: no diversity/SBLO page found"
"340693444297","Premier Vet Services LLC","premiervetserv.com","28","MANUAL: no diversity/SBLO page found"
"345653779172","RJM Construction","rjmconstruction.com","28","MANUAL: no diversity/SBLO page found"
"346178057935","Barnhart-Reese Construction","","28","MANUAL: no domain on record"
"347099697901","K-Con Inc.","kconinc.com","28","MANUAL: no diversity/SBLO page found"
"326175499998","Bateman-Hall","bateman-hall.com","27","MANUAL: no diversity/SBLO page found"
"330388794101","JVR LLC","jvrllc.com","27","MANUAL: no diversity/SBLO page found"
"331647879879","G. H. FORBES ASSOCIATES ARCHITECTS, P.C.","ghfaa.com","27","MANUAL: no diversity/SBLO page found"
"331793351362","OHL Arellano Construction","ohlarellano.com","27","MANUAL: watchdog force-kill (CLOSE_HUNG: ohlarellano.com ())"
"335343406834","Global Power & Construction, Inc","buildgpc.com","27","MANUAL: no diversity/SBLO page found"
"335358705390","RECON","reconncs.com","27","MANUAL: no diversity/SBLO page found"
"335450917581","Nearen Construction","nearen.com","27","MANUAL: no diversity/SBLO page found"
"335596917471","Mavacon","mavacon.com","27","MANUAL: no diversity/SBLO page found"
"336926753504","Buildings By Design","buildingsbydesign.com","27","MANUAL: no diversity/SBLO page found"
"336942332609","Sun Industrial Inc","sunindustrialinc.com","27","MANUAL: no diversity/SBLO page found"
"336966941418","ARA Construction Corp.","araconstruction.com","27","MANUAL: no diversity/SBLO page found"
"337019640551","Schaefer General Contracting Service","schaefercompany.com","27","MANUAL: no diversity/SBLO page found"
"340289240792","Asher Builders, LLC","asher-builders.com","27","MANUAL: no diversity/SBLO page found"
"340290680534","JACO General Contractor","jacogc.com","27","MANUAL: no diversity/SBLO page found"
"340297879277","Fairbanks Construction","fairbanksaz.com","27","MANUAL: no diversity/SBLO page found"
"341088497373","PAYNE CONSULTING INC","payneconsultingservices.com","27","MANUAL: watchdog force-kill (CLOSE_HUNG: payneconsultingservices.com ())"
"341092220638","MULE CREEK SDV LLC","mcsdv.com","27","MANUAL: watchdog force-kill (CLOSE_HUNG: mcsdv.com ())"
"341095860931","TBI PAYNE JV, LLC","paynelog.com","27","MANUAL: no diversity/SBLO page found"
"341097645807","ATHENA CONSTRUCTION GROUP, INC.","athenaconstructiongroup.com","27","MANUAL: no diversity/SBLO page found"
"341119252167","KEYSTEAD CONSULTING LLC","keysteadconsulting.com","27","MANUAL: no diversity/SBLO page found"
"344056826586","KPS Commercial Construction","kpsconstruction.com","27","MANUAL: no diversity/SBLO page found"
"345087666890","KSC FEDERAL CONTRACTORS LLC","kscconstructionllc.com","27","MANUAL: no diversity/SBLO page found"
"346201450179","Ideal Builders","","27","MANUAL: no domain on record"
"346265766647","Cox Construction Co.","coxconstructionco.com","27","MANUAL: watchdog force-kill (CLOSE_HUNG: coxconstructionco.com ())"
"332388958946","KMK Construction","kmkconstruction.com","26","MANUAL: 40s crawl ceiling hit (TIMEOUT: company kmkconstruction.com exceeded 40000ms)"
"334697059042","ATRIAX BUILDING SOLUTIONS, L.L.C","atriaxgroup.com","26","MANUAL: no diversity/SBLO page found"
"341097058025","MASTER DESIGN BUILD LLC","masterdesignbuild.com","26","MANUAL: watchdog force-kill (CLOSE_HUNG: masterdesignbuild.com ())"
"341142794960","BLACKHAWK CONSTRUCTION LLC","blackhawkconst.com","26","MANUAL: no diversity/SBLO page found"
"341143193310","CAPEX CONSTRUCTION LLC","capexbuilt.com","26","MANUAL: no diversity/SBLO page found"
"346231509701","Vogel Bros. Building Co.","vogelbldg.com","26","MANUAL: no diversity/SBLO page found"
"346930547430","CMB Services","cmbbuild.com","26","MANUAL: no diversity/SBLO page found"
"318751430374","Doran Companies","dorancompanies.com","25","MANUAL: no diversity/SBLO page found"
"329637528294","ARCO Construction","arconational.com","25","MANUAL: no diversity/SBLO page found"
"330363268824","DW SOLUTIONS, LLC","dwsolutionsllc.com","25","MANUAL: no diversity/SBLO page found"
"331830984396","Bradford Building Company","bradfordbuilding.com","25","MANUAL: no diversity/SBLO page found"
"332240338632","Sellen Construction","sellen.com","25","MANUAL: no diversity/SBLO page found"
"332332268219","International Construction Services","intlconstserv.com","25","MANUAL: no diversity/SBLO page found"
"332355909358","B3 Enterprises","b3enterprisesllc.com","25","MANUAL: no diversity/SBLO page found"
"332462551779","M.C. Dodd Construction","mcdodd.com","25","MANUAL: no diversity/SBLO page found"
"335529318086","Fulcrum Construction","fulcrumconstruction.com","25","MANUAL: no diversity/SBLO page found"
"335596917472","Western Installation & Logistics","westerninstall.com","25","MANUAL: no diversity/SBLO page found"
"336928624367","Berks Construction Group","berksconstructiongroup.com","25","MANUAL: no diversity/SBLO page found"
"336942332618","Asa Carlton, Inc.","asacarlton.com","25","MANUAL: no diversity/SBLO page found"
"336944131817","PARADIGM CONTRACTORS LLC","","25","MANUAL: no domain on record"
"337017856725","The Allied Group","addastar.com","25","MANUAL: no diversity/SBLO page found"
"341077283547","ARROWHEAD BUILDERS GROUP INC","","25","MANUAL: no domain on record"
"341092218614","PHOENIX GLOBAL GROUP, LLC","phoenixglobalgroup.org","25","MANUAL: watchdog force-kill (CLOSE_HUNG: phoenixglobalgroup.org ())"
"341097644734","VETERANS HOPE ASSOCIATES INC","vhsvcs.com","25","MANUAL: no diversity/SBLO page found"
"341099423422","B&A JOINT VENTURE, LLC","","25","MANUAL: no domain on record"
"341099427535","D & J VETERANS ENGINEERING LLC","","25","MANUAL: no domain on record"
"341122271966","GM NATIONAL & MTM BUILDERS JV","gmnationalcontracting.com","25","MANUAL: no diversity/SBLO page found"
"341127060198","H&A INTEGRATED SERVICES LLC","haintegratedservicesllc.com","25","MANUAL: no diversity/SBLO page found"
"341127061214","LP CONSTRUCTION GROUP LLC","lpdevelopmentpartners.com","25","MANUAL: watchdog force-kill (CLOSE_HUNG: lpdevelopmentpartners.com ())"
"341127065291","GLACIER WORKS LLC","glacier-works.com","25","MANUAL: no diversity/SBLO page found"
"341129002689","FLORIDA CONTRACTING LLC","fl-contracting.com","25","MANUAL: no diversity/SBLO page found"
"341136038644","ACAV SERVICES INC","","25","MANUAL: no domain on record"
"341137985223","HERON CONSULTING, LLC","4barmconstruction.com","25","MANUAL: no diversity/SBLO page found"
"341137985230","ANDREW VOSE LLC","rocketmail.com","25","MANUAL: no diversity/SBLO page found"
"341143197382","REDHOUSE GROUP LLC","redhouseone.com","25","MANUAL: 40s crawl ceiling hit (TIMEOUT: company redhouseone.com exceeded 40000ms)"
"341149468379","3DELTABRAVO BUSINESS SOLUTIONS LLC","my3db.info","25","MANUAL: no diversity/SBLO page found"
"341151276758","HANICHI ENTERPRISE INC.","","25","MANUAL: no domain on record"
"341151277792","NORFIELD GROUP LLC","norfieldgroup.com","25","MANUAL: watchdog force-kill (CLOSE_HUNG: norfieldgroup.com ())"
"341159691963","BASILIO DEVELOPMENT & CONSTRUCTION, LLC","basiliodc.com","25","MANUAL: no diversity/SBLO page found"
"341160255164","VFCC CORP.","veteransfederalcontractingcorp.com","25","MANUAL: watchdog force-kill (CLOSE_HUNG: veteransfederalcontractingcorp.com ())"
"341162071757","VALOR FEDERAL CONTRACTORS LLC","","25","MANUAL: no domain on record"
"341163674344","PINNACLE DEFENSE INNOVATIONS LLC","pinnacledefense.us","25","MANUAL: no diversity/SBLO page found"
"341174690501","RECON INC","buildrecon.com","25","MANUAL: no diversity/SBLO page found"
"341185442511","YERKES SOUTH-MAVERICK JV LLC","yerkessouth.com","25","MANUAL: no diversity/SBLO page found"
"341189203664","UNITY FORGED SOLUTIONS TX LLC","unityforgedsolutionstxllc.com","25","MANUAL: no diversity/SBLO page found"
"341189204697","SAMTIN LLC","","25","MANUAL: no domain on record"
"341189208788","S & P ENTERPRISE LLC","spenterprisehawaii.com","25","MANUAL: no diversity/SBLO page found"
"341194399481","ANDERSON FLOORING INC","","25","MANUAL: no domain on record"
"341225807592","BLACK BRIGADIER INC","blackbrigadier.com","25","MANUAL: watchdog force-kill (CLOSE_HUNG: blackbrigadier.com ())"
"341241649872","TBS MILITECH LLC","tbsmilitech.com","25","MANUAL: no diversity/SBLO page found"
"341243409093","HUNTERSTONE DEVELOPMENT LLC","","25","MANUAL: no domain on record"
"341243409133","HEENAN CONSTRUCTION, LLC","heenanconstruction.com","25","MANUAL: watchdog force-kill (CLOSE_HUNG: heenanconstruction.com ())"
"341247007478","N1P SOLUTIONS LLC","n1psolutions.com","25","MANUAL: watchdog force-kill (CLOSE_HUNG: n1psolutions.com ())"
"345661020899","i2 Construction","i2construction.com","25","MANUAL: 40s crawl ceiling hit (TIMEOUT: company i2construction.com exceeded 40000ms)"
"346829746920","Vectrus Federal Services GmbH","","25","MANUAL: no domain on record"
"326159473391","Hibbard Builders","hibbardbuilders.com","24","MANUAL: no diversity/SBLO page found"
"330375859937","R.T CONTRACTOR CORP.","rtcontractor.com","24","MANUAL: no diversity/SBLO page found"
"332010939126","W.S. Bellows Construction","wsbellows.com","24","MANUAL: 40s crawl ceiling hit (TIMEOUT: company wsbellows.com exceeded 40000ms)"
"332272196293","Liston Design Build","listondesignbuild.com","24","MANUAL: no diversity/SBLO page found"
"332334076603","MZM Construction","mzmconstruction.com","24","MANUAL: no diversity/SBLO page found"
"329727474365","Yates Companies","wgyates.com","23","MANUAL: no diversity/SBLO page found"
"330057471721","Sachse Construction","sachseconstruction.com","23","MANUAL: no diversity/SBLO page found"
"332343071455","Polk Construction","polkconstructiontn.com","23","MANUAL: no diversity/SBLO page found"
"335390088920","Belisle Construction","bcibelisle.com","23","MANUAL: no diversity/SBLO page found"
"335440474855","HCG","hcgteam.com","23","MANUAL: watchdog force-kill (CLOSE_HUNG: hcgteam.com ())"
"335560282813","Enfield Enterprises","eellc.com","23","MANUAL: no diversity/SBLO page found"
"335608812234","Design To Finish General Contracting","designtofinish.com","23","MANUAL: no diversity/SBLO page found"
"336944131822","Straub Construction","straubconstruction.com","23","MANUAL: no diversity/SBLO page found"
"340635764441","Sky Valley Group","skyvalleygroup.biz","23","MANUAL: no diversity/SBLO page found"
"341093483199","DC SPARKS CONSTRUCTION, LLC","dcsparksconst.com","23","MANUAL: watchdog force-kill (CLOSE_HUNG: dcsparksconst.com ())"
"341095860925","TRINITY BUILDERS, LLC","trinitybuilders.com","23","MANUAL: no diversity/SBLO page found"
"341119252210","STERLING CONSTRUCTORS LLC","sterlingconstructorsvo.com","23","MANUAL: no diversity/SBLO page found"
"341129001720","CONTRACT MANAGEMENT INC","contractmgmtinc.com","23","MANUAL: no diversity/SBLO page found"
"341137989341","KOPACZ BOYER DESIGN BUILD SERVICES LLC","kbdbs.com","23","MANUAL: watchdog force-kill (CLOSE_HUNG: kbdbs.com ())"
"341143192298","STRATEGIC INITIATIVES GROUP LLC","sigadvantage.com","23","MANUAL: no diversity/SBLO page found"
"341143193287","STEEL BUILDING USA, INC","steelbuildingusa.com","23","MANUAL: no diversity/SBLO page found"
"341149466347","POWER PROCESS & INDUSTRIAL LLC","powerprocess.com","23","MANUAL: no diversity/SBLO page found"
"341162070738","B&M CONSTRUCTION, INC.","bmc-i.com","23","MANUAL: no diversity/SBLO page found"
"341166928593","Amcore Construction, LLC.","amcoreconstruction.com","23","MANUAL: watchdog force-kill (CLOSE_HUNG: amcoreconstruction.com ())"
"341172856523","FPIM CONSTRUCTION, LLC","imperial-construction.com","23","MANUAL: watchdog force-kill (CLOSE_HUNG: imperial-construction.com ())"
"341172861626","NATIONAL CONSTRUCTION COMPANY, LLC","ncc-us.com","23","MANUAL: no diversity/SBLO page found"
"341172861635","AEONRG LLC","aeonrg.com","23","MANUAL: no diversity/SBLO page found"
"341192759998","PINNACLE CIVIL AND GENERAL CONTRACTORS, LLC","pinnaclecgc.com","23","MANUAL: watchdog force-kill (CLOSE_HUNG: pinnaclecgc.com ())"
"341192763106","PREMIER CONSULTANTS INTERNATIONAL INC.","premiercon.com","23","MANUAL: watchdog force-kill (CLOSE_HUNG: premiercon.com ())"
"341194395369","MAC CONSULTANTS INC.","macconsultantsinc.com","23","MANUAL: watchdog force-kill (CLOSE_HUNG: macconsultantsinc.com ())"
"341240022759","CELOCAR LLC","celocar.com","23","MANUAL: watchdog force-kill (CLOSE_HUNG: celocar.com ())"
"341247004377","GRIFFITH CONTRACTING, LLC","griffithcontracting.com","23","MANUAL: no diversity/SBLO page found"
"345179508435","MECO CONTRACTORS LLC","mecocon.com","23","MANUAL: no diversity/SBLO page found"
"322511354572","DBSI","dbsi.com","22","MANUAL: no diversity/SBLO page found"
"326289680066","BRYANT'S LAND AND DEVELOPMENT INDUSTRIES, INC.","bryantsldi.com","22","MANUAL: no diversity/SBLO page found"
"329333286640","GPD Group","gpdgroup.com","22","MANUAL: no diversity/SBLO page found"
"332341268181","Arkel Constructors","arkel.com","22","MANUAL: no diversity/SBLO page found"
"332355909360","DJB Contracting","djbcontracting.com","22","MANUAL: watchdog force-kill (CLOSE_HUNG: djbcontracting.com ())"
"341174690504","SOUTHERN BUILDING CO LLC","southernbuildingcompany.com","22","MANUAL: no diversity/SBLO page found"
"331850052285","Essex General Construction","essexgc.com","21","MANUAL: no diversity/SBLO page found"
"332188638939","Montgomery","montgomery-co.com","21","MANUAL: no diversity/SBLO page found"
"332359513824","APC Construction","apcconstruction.com","21","MANUAL: watchdog force-kill (CLOSE_HUNG: apcconstruction.com ())"
"332359519938","New Dominion Construction","newdominionconstruction.com","21","MANUAL: no diversity/SBLO page found"
"334714194675","TGA DESIGN CONSULTANTS, INC.","tga-design.com","21","MANUAL: no diversity/SBLO page found"
"335248522985","Superior Building Group","superior-bg.com","21","MANUAL: no diversity/SBLO page found"
"335474839262","KRC Contractors","krccontractors.com","21","MANUAL: watchdog force-kill (CLOSE_HUNG: krccontractors.com ())"
"335608812235","Grand Contracting","grandcontracting.net","21","MANUAL: no diversity/SBLO page found"
"341097645805","LEWIS & SONS LLC","buildwithartisan.com","21","MANUAL: no diversity/SBLO page found"
"341118660341","FORNEY ENTERPRISES INC","forneyent.com","21","MANUAL: no diversity/SBLO page found"
"341128995577","PEAK PERFORMANCE JV 1, LLC","mirdoh.com","21","MANUAL: no diversity/SBLO page found"
"341165097682","ONEILL CONTRACTORS INC","oneillcontractors.com","21","MANUAL: no diversity/SBLO page found"
"341204442819","VETERANS PROFESSIONAL SERVICES, LLC","vetproserv.com","21","MANUAL: no diversity/SBLO page found"
"342382953182","MACNAK CONSTRUCTION LLC","macnak.com","21","MANUAL: no diversity/SBLO page found"
"344056826588","Lott Brothers Construction","lottbrothers.com","21","MANUAL: no diversity/SBLO page found"
"346202970822","Woodruff Construction","woodruff.build","21","MANUAL: no diversity/SBLO page found"
"159520373444","Donlar Construction","donlarcorp.com","20","MANUAL: no diversity/SBLO page found"
"332378622705","Benchmark","benchmarkokc.com","20","MANUAL: no diversity/SBLO page found"
"335501559509","Blue Frog Construction","bfrog.net","20","MANUAL: no diversity/SBLO page found"
"341092219587","TASK FORCE CONTRACTORS, LLC","taskforcecontractors.com","20","MANUAL: no diversity/SBLO page found"
"341119251167","J.R. CONKEY & ASSOCIATES, INC.","jrconkey.com","20","MANUAL: no diversity/SBLO page found"
"341136043766","JD VETERANS JOINT VENTURE LLP","jdveterans.com","20","MANUAL: no diversity/SBLO page found"
"341147707123","CAPE CONSTRUCTION LLC","capeconstructionla.com","20","MANUAL: no diversity/SBLO page found"
"341147709126","ROUBIN & JANEIRO OF VIRGINIA INC.","janeiroinc.com","20","MANUAL: 40s crawl ceiling hit (TIMEOUT: company janeiroinc.com exceeded 40000ms)"
"341147710189","FACILITEX US LLC","facilitex.us","20","MANUAL: no diversity/SBLO page found"
"348121981683","ACI Build Group","acibuildgroup.com","20","MANUAL: 40s crawl ceiling hit (TIMEOUT: company acibuildgroup.com exceeded 40000ms)"
"326176635604","SOUTHWEST VALLEY CONSTRUCTORS CO","swvconstructors.com","19","MANUAL: no diversity/SBLO page found"
"326381415153","CMEC LLC","","19","MANUAL: no domain on record"
"330363268819","COPPER RIVER INFRASTRUCTURE SERVICES LLC","copperriveris.com","19","MANUAL: no diversity/SBLO page found"
"336930066133","Horizon Retail Construction","horizonretail.com","19","MANUAL: no diversity/SBLO page found"
"341095860936","LIFECYCLE CONSTRUCTION SERVICES, LLC","lifecycle-inc.com","19","MANUAL: no diversity/SBLO page found"
"341119251175","JITA CONTRACTING, INC.","jitacontracting.com","19","MANUAL: watchdog force-kill (CLOSE_HUNG: jitacontracting.com ())"
"341127061205","KADELL INDUSTRIES INC","kadellindustries.com","19","MANUAL: watchdog force-kill (CLOSE_HUNG: kadellindustries.com ())"
"341129002693","NJM, Inc.","njmincorporated.com","19","MANUAL: watchdog force-kill (CLOSE_HUNG: njmincorporated.com ())"
"341139636975","SERGEANT CONSTRUCTION INC","sergeantconstruction.com","19","MANUAL: no diversity/SBLO page found"
"341139642100","ANTONIO C. MENDOZA III","tonysworkshop.com","19","MANUAL: 40s crawl ceiling hit (TIMEOUT: company tonysworkshop.com exceeded 40000ms)"
"341147707129","BLACK GOLD SOLUTIONS LLC","blackgoldgroup.com","19","MANUAL: no diversity/SBLO page found"
"341149467382","GLEAMAX LLC","gleamax.org","19","MANUAL: no diversity/SBLO page found"
"341149468373","BERNWARD CONSULTING ASSOCIATES, LLC","bernwards.com","19","MANUAL: no diversity/SBLO page found"
"341151277795","ARIZE CONTRACTING LLC","arizecontracting.com","19","MANUAL: watchdog force-kill (CLOSE_HUNG: arizecontracting.com ())"
"341154889445","APEX RED HILLS JV LLC","apex-constructors.com","19","MANUAL: no diversity/SBLO page found"
"341160254178","MBS/U-SMC JV1 LLC","municipalbaseservices.com","19","MANUAL: no diversity/SBLO page found"
"341183639230","Sabree, Inc.","sabreeinc.com","19","MANUAL: no diversity/SBLO page found"
"341194399444","SAWTOOTH CONSTRUCTION LLC","oneillcontractors.com","19","MANUAL: no diversity/SBLO page found"
"341194399450","LEEBCOR SERVICES LLC","leebcorservices.com","19","MANUAL: watchdog force-kill (CLOSE_HUNG: leebcorservices.com ())"
"341225808608","GOLDEN STATE FIRE PROTECTION SOCAL, LLC","socalfireservice.com","19","MANUAL: no diversity/SBLO page found"
"341231128296","PARAKALEO CONTRACTING LLC","pgccusa.com","19","MANUAL: watchdog force-kill (CLOSE_HUNG: pgccusa.com ())"
"346806098681","Independence Commercial Construction","independencecommercial.com","19","MANUAL: no diversity/SBLO page found"
"348259140284","Sedalco Construction Services","sedalco.com","19","MANUAL: no diversity/SBLO page found"
"319234723576","Greiner Construction","greinerconstruction.com","18","MANUAL: no diversity/SBLO page found"
"324951299803","Aethel","aethel.com","18","MANUAL: no diversity/SBLO page found"
"331793681111","JBA Construction","jbaconstruction.net","18","MANUAL: no diversity/SBLO page found"
"331867136745","Sun State Builders","sunstatebuilders.com","18","MANUAL: no diversity/SBLO page found"
"332130458325","Edgerton","edgerton.us","18","MANUAL: no diversity/SBLO page found"
"337326669511","D. A. Sullivan & Sons Inc.","dasullivan.com","18","MANUAL: no diversity/SBLO page found"
"341130758854","G E A BUILDERS INC.","geabuild.com","18","MANUAL: no diversity/SBLO page found"
"344209985272","Barnard Construction","barnardconstruction.com","18","MANUAL: no diversity/SBLO page found"
"346265774827","Tri-North Builders","tri-north.com","18","MANUAL: no diversity/SBLO page found"
"346331115220","Brookstone LP","brookstone-tx.com","18","MANUAL: no diversity/SBLO page found"
"347939964650","Construction LTD","cltd.net","18","MANUAL: no diversity/SBLO page found"
"331863923430","Kaplan Construction","kaplanconstruction.com","17","MANUAL: no diversity/SBLO page found"
"332359511785","Per-Geesh Construction","per-geeshconstruction.com","17","MANUAL: no diversity/SBLO page found"
"335344298683","FIIC","fiicgc.com","17","MANUAL: no diversity/SBLO page found"
"335614205632","Burdg - Dunham & Associates","burdg-dunham.com","17","MANUAL: no diversity/SBLO page found"
"336928624361","Loberg Construction","lobergconstruction.com","17","MANUAL: no diversity/SBLO page found"
"336938747628","Embree Construction Group, Inc.","embreegroup.com","17","MANUAL: no diversity/SBLO page found"
"337016051444","Duffey Southeast Inc.","duffeyse.com","17","MANUAL: no diversity/SBLO page found"
"341088494301","SAVINI GROUP PLLC","savinigroupllc.com","17","MANUAL: watchdog force-kill (CLOSE_HUNG: savinigroupllc.com ())"
"341088497380","NATIONAL PROJECT CONSULTING SERVICES LLC","national-pcs.com","17","MANUAL: no diversity/SBLO page found"
"341092224701","Rusk Enterprises LLC","ruskenterprisesllc.com","17","MANUAL: watchdog force-kill (CLOSE_HUNG: ruskenterprisesllc.com ())"
"341092225752","THE UTHE GROUP, LLC","theuthegroup.com","17","MANUAL: no diversity/SBLO page found"
"341092225756","PEOPLES MECHANICAL AND GENERAL CONTRACTING INCORPORATED","","17","MANUAL: no domain on record"
"341093893880","GUARDIAN DB SERVICES,LLC","","17","MANUAL: no domain on record"
"341095865078","INTEGRATED DYNAMICS FEDERAL CONTRACTING GROUP LLC","","17","MANUAL: no domain on record"
"341095866053","W & W MOTORGROUP LLC","wnwmotorgroup.com","17","MANUAL: watchdog force-kill (CLOSE_HUNG: wnwmotorgroup.com ())"
"341097646796","SW LEGACY CONTRACTING LLC","","17","MANUAL: no domain on record"
"341097649880","HARTLAND-RELIANT JV LLC","hercjv.com","17","MANUAL: no diversity/SBLO page found"
"341099422452","A ROCKWOOD ENTERPRISES LLC","","17","MANUAL: no domain on record"
"341099428542","K-NORT CONTRACTING, LLC","nc.rr.com","17","MANUAL: 40s crawl ceiling hit (TIMEOUT: company nc.rr.com exceeded 40000ms)"
"341122686689","FRONT LINE CONSULTANTS CORP","flineconsultants.com","17","MANUAL: no diversity/SBLO page found"
"341122687723","CWA CONTRACTING CO LLC","windstream.net","17","MANUAL: no diversity/SBLO page found"
"341128996563","JTF BUSINESS SOLUTIONS CORP.","","17","MANUAL: no domain on record"
"341128996571","RAC INTL LLC","","17","MANUAL: no domain on record"
"341128997605","FUTURE LEGACY HOLDINGS, LLC","futurelegacyholdings.com","17","MANUAL: no diversity/SBLO page found"
"341128997625","VALOR-BUILT, LLC","valor-built.com","17","MANUAL: no diversity/SBLO page found"
"341129001698","Daimler Construction Inc.","","17","MANUAL: no domain on record"
"341129001715","PROVISION CONTRACTING SERVICES LLC","","17","MANUAL: no domain on record"
"341130756814","MSGI-BRITE JV, LLC","msgi-brite.com","17","MANUAL: no diversity/SBLO page found"
"341130756849","BRUSH HOLLOW CREEK CONSTRUCTION LLC","bhcconstruct.com","17","MANUAL: no diversity/SBLO page found"
"341136044731","MARCO DESIGN LLC","","17","MANUAL: no domain on record"
"341137985251","All American Constructors, LLC","allamericanconstructors.com","17","MANUAL: watchdog force-kill (CLOSE_HUNG: allamericanconstructors.com ())"
"341139637966","ERA ONE LLC","","17","MANUAL: no domain on record"
"341143192278","SIBREW GROUP LLC","","17","MANUAL: no domain on record"
"341143193319","HELPING HANDS ORGANIZING LLC","helpinghandsorganizingllc.net","17","MANUAL: no diversity/SBLO page found"
"341143197378","C & J GENERAL CONTRACTORS LLC","","17","MANUAL: no domain on record"
"341147709143","JMJ INVESTMENT GROUP LLC","","17","MANUAL: no domain on record"
"341149467376","JSHAW CONSTRUCTION LLC","jshawcon.com","17","MANUAL: no diversity/SBLO page found"
"341149468348","SABER GROUP CONTRACTING LLC","sabergroupcontractingllc.com","17","MANUAL: no diversity/SBLO page found"
"341149468375","BUILDLINE CONSTRUCTION LLC","","17","MANUAL: no domain on record"
"341154889449","NEST ENGINEERING - IN AIR GENERAL CONTRACTOR, LLC","","17","MANUAL: no domain on record"
"341162069701","WRGA FIRE TRAINING SOLUTIONS INC.","wrga-fire.com","17","MANUAL: no diversity/SBLO page found"
"341162074821","GOOD CENTS CONTRACTORS LLC","goodcentscontractors.com","17","MANUAL: no diversity/SBLO page found"
"341163669234","FIVE POUND LLC","","17","MANUAL: no domain on record"
"341163670245","ANDERSON GROUP L.L.C.","","17","MANUAL: no domain on record"
"341163670253","QUANTUM FEDERAL INFRASTRUCTURE GROUP LLC","quantumfederalgroup.com","17","MANUAL: watchdog force-kill (CLOSE_HUNG: quantumfederalgroup.com ())"
"341172855540","3 PANTHER CONTRACTING LLC","","17","MANUAL: no domain on record"
"341172856541","ADAMS FEDERAL LLC","adamsfederal.com","17","MANUAL: no diversity/SBLO page found"
"341172860650","IRONTHORN SOLUTIONS LLC","ironthornsolutions.com","17","MANUAL: watchdog force-kill (CLOSE_HUNG: ironthornsolutions.com ())"
"341172860665","VETERAN SCAFFOLDING LLC","veteranscaffolding.com","17","MANUAL: no diversity/SBLO page found"
"341189208777","D WYNNE CORP","","17","MANUAL: no domain on record"
"341192759013","RED HORSE INFRASTRUCTURE GROUP LLC","redhorseig.com","17","MANUAL: watchdog force-kill (CLOSE_HUNG: redhorseig.com ())"
"341192764134","VETFED-PACIFICTECH JV 1","vetfed.net","17","MANUAL: watchdog force-kill (CLOSE_HUNG: vetfed.net ())"
"341204446927","PIERLESS VENTURES-DVORAK JV, LLC","pierlessdvorak.com","17","MANUAL: no diversity/SBLO page found"
"341204446929","Veteran Construction and Utility Services Incorporated","veterancus.com","17","MANUAL: 40s crawl ceiling hit (TIMEOUT: company veterancus.com exceeded 40000ms)"
"341227538146","MISSION ENDSTATE FEDERAL SERVICES, LLC","missionendstatefederal.com","17","MANUAL: watchdog force-kill (CLOSE_HUNG: missionendstatefederal.com ())"
"341227542235","J. CUMMINGS CONSTRUCTION LLC","","17","MANUAL: no domain on record"
"341227542237","VET CON SOUZA A JOINT VENTURE","","17","MANUAL: no domain on record"
"341231128310","SMITTY'S CONSTRUCTION C & R, INC","","17","MANUAL: no domain on record"
"341241653961","STATUS 1 LLC","status1.us","17","MANUAL: no diversity/SBLO page found"
"341247003332","FRIENDSHIP SDVB LLC","mindspring.com","17","MANUAL: no diversity/SBLO page found"
"345069634262","GCS LLC","gcs-llc.net","17","MANUAL: watchdog force-kill (CLOSE_HUNG: gcs-llc.net ())"
"345662823123","Creative Builders","creativebuilders.net","17","MANUAL: no diversity/SBLO page found"
"345713038042","Overwatch Construction Management","overwatchcm.com","17","MANUAL: no diversity/SBLO page found"
"345713067729","Berghammer Construction","berghammer.com","17","MANUAL: no diversity/SBLO page found"
"318781779667","Watson-Forsberg","watson-forsberg.com","16","MANUAL: no diversity/SBLO page found"
"330370473700","COPPER CREEK, LLC","coppercreekco.com","16","MANUAL: no diversity/SBLO page found"
"332130823870","JHL Constructors","jhlconstructors.com","16","MANUAL: no diversity/SBLO page found"
"332314638045","Hyder Construction","hyderinc.com","16","MANUAL: no diversity/SBLO page found"
"332359539406","Byrne Construction Services","tsbyrne.com","16","MANUAL: no diversity/SBLO page found"
"332390896359","Bryan Construction","bryanconstruction.com","16","MANUAL: 40s crawl ceiling hit (TIMEOUT: company bryanconstruction.com exceeded 40000ms)"
"332412952263","FCI Constructors","fciol.com","16","MANUAL: no diversity/SBLO page found"
"335245816554","Eastern Builders Inc.","eastern-builders.com","16","MANUAL: no diversity/SBLO page found"
"341095865074","CRESCENDO ADVISORY GROUP LLC","crescendo.group","16","MANUAL: watchdog force-kill (CLOSE_HUNG: crescendo.group ())"
"341151277811","OMEGA FLOORING, INC.","omegacommercialflooring.com","16","MANUAL: no diversity/SBLO page found"
"341160254173","DHC CONTRACTING, INC","dhccontracting.com","16","MANUAL: no diversity/SBLO page found"
"341175839425","GENERAL CIVIL COMPANY, INC","generalcivil.com","16","MANUAL: no diversity/SBLO page found"
"314962961105","Lakeview Construction","lvconstruction.com","15","MANUAL: no diversity/SBLO page found"
"319161628388","Diversified Construction","diversifiedconstruction.com","15","MANUAL: no diversity/SBLO page found"
"329537379065","Shawmut Design and Construction","shawmut.com","15","MANUAL: 40s crawl ceiling hit (TIMEOUT: company shawmut.com exceeded 40000ms)"
"330068090581","PJ Dick","pjdick.com","15","MANUAL: no diversity/SBLO page found"
"330132789957","Deacon Construction","deaconcorp.com","15","MANUAL: no diversity/SBLO page found"
"330354446018","Clark Construction Company","clarkcc.com","15","MANUAL: no diversity/SBLO page found"
"331041888986","McShane Companies","mcshane.com","15","MANUAL: no diversity/SBLO page found"
"332188832479","Hite Inc.","hiteinc.com","15","MANUAL: no diversity/SBLO page found"
"332363107020","DAL Construction","dalconstructionct.com","15","MANUAL: no diversity/SBLO page found"
"335467601606","McCON Building Corporation","mccon.net","15","MANUAL: no diversity/SBLO page found"
"341095866081","MILLS CONSTRUCTION LLC","millsconstructionllc.com","15","MANUAL: watchdog force-kill (CLOSE_HUNG: millsconstructionllc.com ())"
"341097645814","SAN PATRICIO CONSTRUCTION INC","mtaonline.net","15","MANUAL: 40s crawl ceiling hit (TIMEOUT: company mtaonline.net exceeded 40000ms)"
"341099422456","CIVIL SITEWORKS INC","civilbuilders.com","15","MANUAL: no diversity/SBLO page found"
"341122687697","ESTEVEZ SERVICES GROUP, LLC","esgcontractor.com","15","MANUAL: no diversity/SBLO page found"
"341149468363","STEWART GENERAL CONTRACTING, LLC","sgcrenovations.com","15","MANUAL: no diversity/SBLO page found"
"341149471447","RIGEL BUILDERS LLC","rigelgroupltd.com","15","MANUAL: no diversity/SBLO page found"
"341149471471","LC STRUCTURAL INC","lcstructural.com","15","MANUAL: no diversity/SBLO page found"
"341154892475","RIPLEY HOLDINGS OF VERMONT, INC.","albanyohd.com","15","MANUAL: no diversity/SBLO page found"
"341162070746","TEAM HLCG CONSTRUCTION L.L.C","theteamconsulting.com","15","MANUAL: no diversity/SBLO page found"
"341162074856","BORJA ENGINEERING & CONSTRUCTION, INC","borja-enc.com","15","MANUAL: no diversity/SBLO page found"
"341162074872","FP CONSTRUCTORS LLC","frontporchpg.com","15","MANUAL: no diversity/SBLO page found"
"341172855523","CARLSEN CONTRACTING LLC","constructiondc.com","15","MANUAL: no diversity/SBLO page found"
"341172856518","EARTHTEK BUILDERS","earthtekbuilders.com","15","MANUAL: no diversity/SBLO page found"
"341172856535","RTD CONSTRUCTION AND SERVICES INC","rtdconstructionservices.com","15","MANUAL: watchdog force-kill (CLOSE_HUNG: rtdconstructionservices.com ())"
"341183638217","COASTLINE MECHANICAL LLC","coastlinemech.com","15","MANUAL: no diversity/SBLO page found"
"341189204702","CAPITAL GUARDIAN BUILDERS, LLC","capguardbuilders.com","15","MANUAL: no diversity/SBLO page found"
"341194395348","JPM STEEL FABRICATION LLC","jpmsteelfabrication.com","15","MANUAL: no diversity/SBLO page found"
"341243409139","CASPERS CONSTRUCTION CO","caspersconstruction.com","15","MANUAL: no diversity/SBLO page found"
"346818622184","JA&M Developing Corp","jamcontractors.com","15","MANUAL: no diversity/SBLO page found"
"320015546098","E&L Construction Group","eandlgroup.com","14","MANUAL: no diversity/SBLO page found"
"340623149799","Ram Construction","ramconstructionmgmt.com","14","MANUAL: no diversity/SBLO page found"
"341093483195","GEMCRAFT CONTRACTING LLC","gemcraftcontracting.com","14","MANUAL: watchdog force-kill (CLOSE_HUNG: gemcraftcontracting.com ())"
"345071433442","RELIANCE CONSTRUCTION MANAGEMENT CO","reliance-cc.com","14","MANUAL: no diversity/SBLO page found"
"345136428778","MCGREW CONSTRUCTION SERVICES LLC","mcgrewcs.com","14","MANUAL: no diversity/SBLO page found"
"345168811750","INNOVATIVE PROJECT SOLUTIONS INC.","ipsinc.net","14","MANUAL: no diversity/SBLO page found"
"326523299545","Inland Crane","inlandcrane.com","13","MANUAL: no diversity/SBLO page found"
"328954768087","Pacific Construction","pacificconstructionus.com","13","MANUAL: no diversity/SBLO page found"
"335411203803","Construction Inc.","buildwithci.com","13","MANUAL: no diversity/SBLO page found"
"335422525141","Frontier Group","frontiergrp.com","13","MANUAL: no diversity/SBLO page found"
"336921672407","NCS Construction Services","mmdco.com","13","MANUAL: no diversity/SBLO page found"
"336930066136","CDO Group","cdogroup.com","13","MANUAL: watchdog force-kill (CLOSE_HUNG: cdogroup.com ())"
"336975909562","Guarantee Construction","gconbuild.com","13","MANUAL: no diversity/SBLO page found"
"341144629957","GOLDEN EAGLE CONTRACTING","goldeneaglecontracting.com","13","MANUAL: no diversity/SBLO page found"
"341204442812","CHASE F. GAINS LLC","","13","MANUAL: no domain on record"
"345205604028","DTW CONSTRUCTION INC","dtw-construction.com","13","MANUAL: no diversity/SBLO page found"
"345638262504","CM&B","cmbteam.com","13","MANUAL: no diversity/SBLO page found"
"345641853647","JB Henderson Construction","jbhenderson.com","13","MANUAL: no diversity/SBLO page found"
"345704074991","RAM Construction Services","ramservices.com","13","MANUAL: no diversity/SBLO page found"
"345707674325","Singular Builders","singularbuilders.com","13","MANUAL: no diversity/SBLO page found"
"345709464280","Alliance Construction Solutions","allianceconstruction.com","13","MANUAL: no diversity/SBLO page found"
"345713067733","Emerald Construction","emeraldconstruction.com","13","MANUAL: no diversity/SBLO page found"
"345718391537","White Construction","whiteconst.com","13","MANUAL: no diversity/SBLO page found"
"345728904901","Irwin & Leighton","irwinleighton.com","13","MANUAL: no diversity/SBLO page found"
"345728904902","KBE Building Corp","kbebuilding.com","13","MANUAL: no diversity/SBLO page found"
"345730707177","Ronco Construction","ronco-construction.com","13","MANUAL: no diversity/SBLO page found"
"346763840194","John Moriarty & Associates of Florida","jmaf.net","13","MANUAL: no diversity/SBLO page found"
"346763840195","R.C. Stevens Construction Company","rcstevens.com","13","MANUAL: no diversity/SBLO page found"
"346776435400","J. Raymond Construction","jray.com","13","MANUAL: no diversity/SBLO page found"
"346801536744","Erhardt Construction","erhardtcc.com","13","MANUAL: no diversity/SBLO page found"
"346801627869","G3 Construction","g3construction.net","13","MANUAL: no diversity/SBLO page found"
"319161628389","TRI-Construction","tri-construction.com","12","MANUAL: no diversity/SBLO page found"
"319234724540","Mission Construction","missionconstruction.com","12","MANUAL: no diversity/SBLO page found"
"332382244562","Pinkard Construction","pinkardcc.com","12","MANUAL: no diversity/SBLO page found"
"345152654062","CMTS LLC","cmtsllc.com","12","MANUAL: no diversity/SBLO page found"
"330331590362","Circadia Construction","circadiaconstruction.com","11","MANUAL: no diversity/SBLO page found"
"331839724219","Galaxy Builders","galaxybuilders.com","11","MANUAL: no diversity/SBLO page found"
"332272228033","Ordner Construction","ordner.com","11","MANUAL: no diversity/SBLO page found"
"335507976951","Stout","","11","MANUAL: no domain on record"
"335507976952","PLANiT Construction","","11","MANUAL: no domain on record"
"335687270076","Parkway Construction","","11","MANUAL: no domain on record"
"341095262933","COMMERCIAL BUILDERS ASSOCIATES, LLC","cbadb.net","11","MANUAL: no diversity/SBLO page found"
"341122272960","M.C. AVINO, INC","avinoconstruction.com","11","MANUAL: no diversity/SBLO page found"
"341136043769","GRINDSTONE CONSTRUCTION SERVICES INC","grindstonecs.com","11","MANUAL: watchdog force-kill (CLOSE_HUNG: grindstonecs.com ())"
"341139242745","BFC CONSTRUCTION INC","bfcconstruction.com","11","MANUAL: no diversity/SBLO page found"
"341154294479","Triamid Construction of Central California, Inc.","triamid.com","11","MANUAL: no diversity/SBLO page found"
"341172861628","BLUE CLOUD LLC","bluecloudllc.com","11","MANUAL: watchdog force-kill (CLOSE_HUNG: bluecloudllc.com ())"
"345650222779","Boyle Construction","boyleconstruction.com","11","MANUAL: no diversity/SBLO page found"
"345718391510","GCON","gconinc.com","11","MANUAL: no diversity/SBLO page found"
"346260355793","J. Benson Construction","jbensonconstruction.com","11","MANUAL: no diversity/SBLO page found"
"348407863002","Langlas & Associates","langlas.com","11","MANUAL: no diversity/SBLO page found"
"348561410751","New West Building Company","newwestbc.com","11","MANUAL: no diversity/SBLO page found"
"317054747330","Kramer Construction","kramerconst.com","10","MANUAL: no diversity/SBLO page found"
"321116297970","Cornerstone","ccicontractinginc.com","10","MANUAL: no diversity/SBLO page found"
"321140100833","Healy Construction Services","healyconstructionservices.com","10","MANUAL: no diversity/SBLO page found"
"324661804748","BRM CONSTRUCTION SERVICES LLC","","10","MANUAL: no domain on record"
"331102440130","MYCON","mycon.com","10","MANUAL: no diversity/SBLO page found"
"332314606307","OVC Chicago","ovcchicago.com","10","MANUAL: no diversity/SBLO page found"
"341070080757","JE HURLEY Inc.","gchurley.com","10","MANUAL: no diversity/SBLO page found"
"343813477106","HEATH & SONS MANAGEMENT SERVICES, LLC","handsmgmt.com","10","MANUAL: no diversity/SBLO page found"
"345076840125","ROYCE CONSTRUCTION SERVICES, LLC","roycecs.com","10","MANUAL: no diversity/SBLO page found"
"345080431341","NYSA CONSTRUCTION, LLC","nysaconstruction.com","10","MANUAL: watchdog force-kill (CLOSE_HUNG: nysaconstruction.com ())"
"345126216398","RANGER CONSTRUCTION COMPANY, INC.","ranger-construction.com","10","MANUAL: no diversity/SBLO page found"
"345175917261","(XRB) CONSTRUCTION SERVICES LLC","xrbconstruction.com","10","MANUAL: no diversity/SBLO page found"
"345181319889","KEVCON, INC","kevcon.us","10","MANUAL: no diversity/SBLO page found"
"345184909036","LANDER GROUP LLC","thelandergroup.com","10","MANUAL: no diversity/SBLO page found"
"345205603062","DIAMOND WEST CONSTRUCTION LLC","diamondwestaz.com","10","MANUAL: no diversity/SBLO page found"
"345623566015","Stevens Leinweber Construction","stevensleinweber.com","10","MANUAL: no diversity/SBLO page found"
"345641853648","Jokake Construction","jokake.com","10","MANUAL: no diversity/SBLO page found"
"345649054424","Granger Construction","grangerconstruction.com","10","MANUAL: no diversity/SBLO page found"
"345652016839","HBW Construction","hbwconstruction.com","10","MANUAL: no diversity/SBLO page found"
"345653829310","McLarney Construction","mclarney.com","10","MANUAL: no diversity/SBLO page found"
"345664622273","Heartland Construction","heartlandconstructionva.com","10","MANUAL: no diversity/SBLO page found"
"345668226807","MAI Construction","maiconst.com","10","MANUAL: no diversity/SBLO page found"
"345702278847","Hogan Construction Group","hoganconstructiongroup.com","10","MANUAL: no diversity/SBLO page found"
"345713067732","DFS Construction","dfsconstruction.com","10","MANUAL: no diversity/SBLO page found"
"345718391532","PML Construction","pmlconstruction.com","10","MANUAL: no diversity/SBLO page found"
"345728904900","Intech Construction","intechconstruction.com","10","MANUAL: no diversity/SBLO page found"
"345730707181","Stevens Construction","stevensconstruction.com","10","MANUAL: no diversity/SBLO page found"
"346097068771","Griffco Design/Build, Inc.","griffcodesignbuild.com","10","MANUAL: no diversity/SBLO page found"
"346115048144","Barringer Construction","barringerconstruction.com","10","MANUAL: no diversity/SBLO page found"
"346118619842","Fortune-Johnson, Inc.","fortune-johnson.com","10","MANUAL: no diversity/SBLO page found"
"346763742911","Dan Vos Construction Company","danvoscc.com","10","MANUAL: no diversity/SBLO page found"
"346778222295","Merlo Construction Company","merlomi.com","10","MANUAL: no diversity/SBLO page found"
"348304526048","On Site Management (OSM)","onsitemanagement.com","10","MANUAL: no diversity/SBLO page found"
"348357387971","Montana Construction","montana-construction.com","10","MANUAL: no diversity/SBLO page found"
"313329784527","Sachse Construction (Estimating)","sachse.net","9","MANUAL: no diversity/SBLO page found"
"319763406548","Mark Young Construction","markyoungconstruction.com","9","MANUAL: watchdog force-kill (CLOSE_HUNG: markyoungconstruction.com ())"
"321600081634","Renovo Construction","renovobuilds.com","9","MANUAL: no diversity/SBLO page found"
"331102441190","Bancroft Construction","bancroftusa.com","9","MANUAL: no diversity/SBLO page found"
"335800219324","Jackovic Construction Company","jackovic-construction.com","9","MANUAL: no diversity/SBLO page found"
"336942627544","Epic Construction Services, LLC","epicnc.com","9","MANUAL: no diversity/SBLO page found"
"340730297059","2D Professionals","2dpros.com","9","MANUAL: no diversity/SBLO page found"
"341093888753","ALGARRA INTERNATIONAL, LLC","algarrainternational.com","9","MANUAL: no diversity/SBLO page found"
"341130756820","P&J TYLER LANE JOINT VENTURE LLC","pjproservices.com","9","MANUAL: no diversity/SBLO page found"
"341174691569","KOAH-HAUGAN JOINT VENTURE LLC","teamkoah.com","9","MANUAL: watchdog force-kill (CLOSE_HUNG: teamkoah.com ())"
"341194400467","PETER CHRISTIAN, LLC","","9","MANUAL: no domain on record"
"342325083841","ESSAYON PROGRESS MANAGEMENT LLC","essayonpm.com","9","MANUAL: no diversity/SBLO page found"
"345643660987","B. Tait Builders","btaitbuilders.com","9","MANUAL: no diversity/SBLO page found"
"345655616215","CWC Construction","c-w-c.com","9","MANUAL: no diversity/SBLO page found"
"345661020917","Wayne Contracting","waynecontracting.com","9","MANUAL: no diversity/SBLO page found"
"345662825162","Miller Construction","millerconstruction.com","9","MANUAL: no diversity/SBLO page found"
"345687870193","Korth Construction","korthcos.com","9","MANUAL: no diversity/SBLO page found"
"345704074990","Potomac Construction Services","pcsgc.com","9","MANUAL: 40s crawl ceiling hit (TIMEOUT: company pcsgc.com exceeded 40000ms)"
"345709464282","BN Builders","bnbuilders.com","9","MANUAL: no diversity/SBLO page found"
"345765750519","Holder Construction","holder.com","9","MANUAL: no diversity/SBLO page found"
"346739079924","Holsbeke Construction","holsbeke.com","9","MANUAL: no diversity/SBLO page found"
"346767420136","CarbonSix Construction","carbonsix.com","9","MANUAL: no diversity/SBLO page found"
"346776435401","M H Williams Construction Group","mhwilliams.com","9","MANUAL: no diversity/SBLO page found"
"348433961713","JH Builders","jhbuilder.com","9","MANUAL: no diversity/SBLO page found"
"324933522137","Kinetic Resolve","kineticresolve.com","8","MANUAL: no diversity/SBLO page found"
"326627272435","HK Contractors","hkcontractors.com","8","MANUAL: no diversity/SBLO page found"
"331318772440","Sauer Inc","sauer-inc.com","8","MANUAL: no diversity/SBLO page found"
"340689910478","","builder-mail.com","8","MANUAL: watchdog force-kill (CLOSE_HUNG: builder-mail.com ())"
"340709653235","","jwpcons.com","8","MANUAL: no diversity/SBLO page found"
"341141011159","SAN DIEGO PROJECT MANAGEMENT PSC","sdpm-psc.com","8","MANUAL: watchdog force-kill (CLOSE_HUNG: sdpm-psc.com ())"
"343810606811","DOMINGUEZ DESIGN-BUILD, INC","ddbconstruct.com","8","MANUAL: no diversity/SBLO page found"
"345128031980","EAGLE INDUSTRIAL SERVICES INC.","eisincusa.com","8","MANUAL: watchdog force-kill (CLOSE_HUNG: eisincusa.com ())"
"345150828223","VETBIZ LLC","vetbizllc.com","8","MANUAL: no diversity/SBLO page found"
"345150828226","M5K ENTERPRISES. INC.","cortru.com","8","MANUAL: no diversity/SBLO page found"
"345177704124","TAC BUILDING SOLUTIONS LLC","tacbuildingsolutions.com","8","MANUAL: watchdog force-kill (CLOSE_HUNG: tacbuildingsolutions.com ())"
"345205604039","DESALVIO CONSTRUCTION OF VIRGINIA LLC","desalvioconstruction.com","8","MANUAL: no diversity/SBLO page found"
"345625670356","Lehman Daman Construction Services","lehmandaman.com","8","MANUAL: no diversity/SBLO page found"
"345626878664","Absher Construction","absherco.com","8","MANUAL: no diversity/SBLO page found"
"345650451168","RLG Builds","rlgbuilds.com","8","MANUAL: no diversity/SBLO page found"
"345650527993","Owen Ames Kimball","oakmi.com","8","MANUAL: no diversity/SBLO page found"
"345709563612","JSquared GC","jsquaredgc.com","8","MANUAL: no diversity/SBLO page found"
"345713067757","Perkins Critser Construction","passion4building.com","8","MANUAL: no diversity/SBLO page found"
"345715909333","AGCM Project Management","agcm.com","8","MANUAL: no diversity/SBLO page found"
"345883473620","FORMA Construction Company","formacc.com","8","MANUAL: no diversity/SBLO page found"
"345922588386","Chapman Construction/Design","chap-con.com","8","MANUAL: no diversity/SBLO page found"
"346147447489","Samet Corporation","sametcorp.com","8","MANUAL: no diversity/SBLO page found"
"348402474740","Old Montana Building Company","oldmt.com","8","MANUAL: no diversity/SBLO page found"
"303979194051","Terres Construction","meltel.net","7","MANUAL: watchdog force-kill (CLOSE_HUNG: meltel.net ())"
"318115215039","Jackovic Construction","jackovic-construction.com","7","MANUAL: no diversity/SBLO page found"
"332192275189","BW Kennedy & Co.","bwkennedyco.com","7","MANUAL: no diversity/SBLO page found"
"340639373008","Caprock Building Systems","caprockbuildings.com","7","MANUAL: no diversity/SBLO page found"
"341093483202","SKYWARD CONSTRUCTION, LLC","skyward.biz","7","MANUAL: no diversity/SBLO page found"
"341093483207","J.M.T. CONSTRUCTION, INC","jmtconstruction.us","7","MANUAL: no diversity/SBLO page found"
"341122690775","FLINT RIVER LOGISTICS LLC","flintriverlogistics.com","7","MANUAL: no diversity/SBLO page found"
"154550023898","Teton Heritage Builders","tetonheritagebuilders.com","6","MANUAL: no diversity/SBLO page found"
"331823355590","LYLES CONSTRUCTION INC","facebook.com","6","MANUAL: no diversity/SBLO page found"
"332357709522","Cromedy Construction","cromedyconstruction.com","6","MANUAL: no diversity/SBLO page found"
"332357739249","Winter Construction","winterconstruction.com","6","MANUAL: no diversity/SBLO page found"
"340623135471","Freddie Streeter","freddiestreeter.com","6","MANUAL: no diversity/SBLO page found"
"340691665636","","sdpm-psc.com","6","MANUAL: watchdog force-kill (CLOSE_HUNG: sdpm-psc.com ())"
"340697048810","Drill Construction","drillconstruction.com","6","MANUAL: no diversity/SBLO page found"
"345069634259","ABBY INDUSTRIAL INC","abbyindustrial.com","6","MANUAL: no diversity/SBLO page found"
"345078622959","P4P CONSTRUCTION LLC","p4pconstruction.com","6","MANUAL: no diversity/SBLO page found"
"345087666885","PUENTE TECHNOLOGY LLC","puentellc.com","6","MANUAL: no diversity/SBLO page found"
"345179508440","CM CLARK CONSTRUCTION, LLC","cmclarkconstruction.com","6","MANUAL: 40s crawl ceiling hit (TIMEOUT: company cmclarkconstruction.com exceeded 40000ms)"
"345641932493","Kitchell Corporation","kitchell.com","6","MANUAL: no diversity/SBLO page found"
"345643662040","Moore Construction","moore-cs.com","6","MANUAL: no diversity/SBLO page found"
"345649054441","Rescom Construction","rescomconstruction.com","6","MANUAL: no diversity/SBLO page found"
"345649054442","Resource Commercial Construction","resource-commercial.com","6","MANUAL: no diversity/SBLO page found"
"345650222784","Core Builders","corebuildersgc.com","6","MANUAL: no diversity/SBLO page found"
"345655616216","Drash Contracting","drashcontracting.com","6","MANUAL: no diversity/SBLO page found"
"345709464283","C2 Building Company","buildc2.com","6","MANUAL: no diversity/SBLO page found"
"345718391511","Gidel & Kocal Construction","gidelkocal.com","6","MANUAL: no diversity/SBLO page found"
"345757417178","Manson Construction","mansonconstruction.com","6","MANUAL: no diversity/SBLO page found"
"346106020578","Kajima Building & Design Group, Inc.","kbd.group","6","MANUAL: no diversity/SBLO page found"
"346143081197","Coleman Company, Inc.","cci-sav.com","6","MANUAL: no diversity/SBLO page found"
"346720552669","D.J. Maltese Construction Corporation","djmaltese.com","6","MANUAL: no diversity/SBLO page found"
"346763742912","Beckering Construction","beckering.com","6","MANUAL: no diversity/SBLO page found"
"348364615384","Blue Ribbon Builders","blueribbonbuilders.com","6","MANUAL: no diversity/SBLO page found"
"348364615385","High Country Builders","highcountrybuilders.com","6","MANUAL: no diversity/SBLO page found"
"348402475736","Montana Build","montanabuild.com","6","MANUAL: no diversity/SBLO page found"
"348423207638","Yellowstone Traditions","yellowstonetraditions.com","6","MANUAL: no diversity/SBLO page found"
"348474279629","Skyline Builders","skylinebuildermt.com","6","MANUAL: no diversity/SBLO page found"
"348530873075","Denman Construction","denmanconstruction.com","6","MANUAL: no diversity/SBLO page found"
"348565000931","Mindful Designs","mindfuldesignsinc.com","6","MANUAL: no diversity/SBLO page found"
"348568571640","Malmquist Construction","malmquist.com","6","MANUAL: no diversity/SBLO page found"
"321116419806","FoxArneson","foxarneson.com","5","MANUAL: no diversity/SBLO page found"
"340707852002","Carefree Improvements","carefreeimprovements.co","5","MANUAL: no diversity/SBLO page found"
"340748290765","","jkrcontracting.com","5","MANUAL: no diversity/SBLO page found"
"345203804896","QUINN CONSTRUCTION SOLUTIONS INC.","quinnconstructionsolutions.com","5","MANUAL: no diversity/SBLO page found"
"345649055470","Young Contracting","youngcontracting.com","5","MANUAL: no diversity/SBLO page found"
"345687870192","JS Vig Construction","jsvig.com","5","MANUAL: no diversity/SBLO page found"
"345716665050","Rockaway Construction","rockawayconstruction.com","5","MANUAL: no diversity/SBLO page found"
"345727110857","AIC General Contractors","aic-gc.com","5","MANUAL: no diversity/SBLO page found"
"348397075173","Highline Partners","highline-partners.com","5","MANUAL: no diversity/SBLO page found"
"329642923731","LEMOINE","thelemoinecompany.com","4","MANUAL: no diversity/SBLO page found"
"345653828323","Daniel Builders","danielbuilders.com","4","MANUAL: no diversity/SBLO page found"
"345702332114","Structure Roof & Wall Solutions","structurerws.com","4","MANUAL: no diversity/SBLO page found"
"346097054422","Plano-Coudon Construction","pcbuilds.com","4","MANUAL: no diversity/SBLO page found"
"346141315770","APSI Construction Management","","4","MANUAL: no domain on record"
"348433961714","SwagerBuilds","swagerbuilds.com","4","MANUAL: no diversity/SBLO page found"
"332043273922","RJ Ryan Construction","rjryanconstruction.com","3","MANUAL: no diversity/SBLO page found"
"332359538371","WebMyers Construction","webmyersconstruction.com","3","MANUAL: no diversity/SBLO page found"
"340630348525","American Patriot Solutions","americanpatriotsolutions.net","3","MANUAL: no diversity/SBLO page found"
"340639365874","Malosi Solutions","malosisolutions.com","3","MANUAL: watchdog force-kill (CLOSE_HUNG: malosisolutions.com ())"
"341147713218","ARTISAN SERVICES INC","","3","MANUAL: no domain on record"
"341174686411","A&N CONSTRUCTION LLC","","3","MANUAL: no domain on record"
"341183639240","BAS CONTRACTING LLC","","3","MANUAL: no domain on record"
"341227538136","EASTERN SHORE WATERMAN GROUP LLC","easternshorewatermangroup.com","3","MANUAL: no diversity/SBLO page found"
"345638263498","Mitchell Contractors","mitchellcontract.com","3","MANUAL: no diversity/SBLO page found"
"345641853649","JWR Construction Services","jwrconstruction.com","3","MANUAL: no diversity/SBLO page found"
"345649055469","Total Construction","total-construction.net","3","MANUAL: watchdog force-kill (CLOSE_HUNG: total-construction.net ())"
"345653828322","Cornerstone Contracting Group","builtbyccg.com","3","MANUAL: no diversity/SBLO page found"
"345704074971","G2 Contracting","g2contractingllc.com","3","MANUAL: no diversity/SBLO page found"
"345709464285","DC Building Group","buildwithdcbg.com","3","MANUAL: no diversity/SBLO page found"
"345730707178","Source Planning & Construction","sourcesf.com","3","MANUAL: no diversity/SBLO page found"
"346139530946","Beason Construction Solutions","","3","MANUAL: no domain on record"
"348348377788","VH Builders","vhbuilders.com","3","MANUAL: no diversity/SBLO page found"
"348568573653","Red Lodge Contracting","redlodgecontracting.com","3","MANUAL: no diversity/SBLO page found"
"334495854286","Tekcon Construction","tekconconstructioninc.com","2","MANUAL: watchdog force-kill (CLOSE_HUNG: tekconconstructioninc.com ())"
"341130762939","TEXAS VELOCITY ENTERPRISES, LLC","poweredbyvelocity.com","2","MANUAL: no diversity/SBLO page found"
"341241649909","TECHNOLOGY ENGINEERING AND CONSTRUCTION SERVICES, LLC","anterotechnology.com","2","MANUAL: no diversity/SBLO page found"
"345649054423","Forge Construction","forgeconstruction.com","2","MANUAL: no diversity/SBLO page found"
"345661087431","Kowalski Construction, Inc.","","2","MANUAL: no domain on record"
"345718391536","Van Hoose Construction","vhcon.com","2","MANUAL: no diversity/SBLO page found"
"345727110858","Brien Contracting","briencontracting.com","2","MANUAL: no diversity/SBLO page found"
"345884882660","Windover Construction","windoverconstruction.com","2","MANUAL: 40s crawl ceiling hit (TIMEOUT: company windoverconstruction.com exceeded 40000ms)"
"348479637240","Couloir Construction","couloirconstruction.com","2","MANUAL: no diversity/SBLO page found"
"348557827797","Sallade Custom Homes","salladecustomhomes.com","2","MANUAL: no diversity/SBLO page found"
"331839944438","Colarelli Construction","colarelli.com","1","MANUAL: watchdog force-kill (CLOSE_HUNG: colarelli.com ())"
"331842375365","CRB","crbusa.com","1","MANUAL: 40s crawl ceiling hit (TIMEOUT: company crbusa.com exceeded 40000ms)"
"332078986971","Stovall Construction","stovallconstruction.com","1","MANUAL: no diversity/SBLO page found"
"332192215784","MYCON General Contractors","myconinc.com","1","MANUAL: no diversity/SBLO page found"
"345661020916","Trivel Construction","trivelinc.com","1","MANUAL: no diversity/SBLO page found"
"345881069285","Turner & Townsend","turntown.com","1","MANUAL: watchdog force-kill (CLOSE_HUNG: turntown.com ())"
"348313493213","Teton Village Builders","tetonvillagebuilders.com","1","MANUAL: watchdog force-kill (CLOSE_HUNG: tetonvillagebuilders.com ())"
"318231655113","Epic Construction Services","epicnc.com","0","MANUAL: no diversity/SBLO page found"
"325542510293","FIDELIS-BBD, LLC","","0","MANUAL: no domain on record"
"326153934531","NIPPO CORPORATION","","0","MANUAL: no domain on record"
"326163533524","RQ-AECOM 2 JV","","0","MANUAL: no domain on record"
"326166334181","WINSPEAR-NNAC JV LLC","","0","MANUAL: no domain on record"
"326179943157","FEDERAL CONTRACTING INC","","0","MANUAL: no domain on record"
"326179944184","BARNARD SPENCER JOINT VENTURE","","0","MANUAL: no domain on record"
"326179946195","GILBANE SMCC ECC LLC","","0","MANUAL: no domain on record"
"326189011652","A & H-AMBICA JV LLC","","0","MANUAL: no domain on record"
"326207864529","JUDD BUICK CONSTRUCTION, INC.","","0","MANUAL: no domain on record"
"326215814892","AnchorBuilt","anchorbuilt.com","0","MANUAL: no diversity/SBLO page found"
"326311683817","CORE TECH-HDCC-KAJIMA LLC","","0","MANUAL: no domain on record"
"326311683824","GRANITE-OBAYASHI 2, A JOINT VENTURE","","0","MANUAL: no domain on record"
"326311684797","PERINI MANAGEMENT SERVICES, INC.","","0","MANUAL: no domain on record"
"326331157189","GILBANE JAPAN GK","","0","MANUAL: no domain on record"
"330375859922","ANDERSON & SONS CONTRACTING LLC","","0","MANUAL: no domain on record"
"331541715653","Construction & Telecommunication Services, Inc","","0","MANUAL: no domain on record"
"331793002229","Takota Flats-SEG JV LLC","","0","MANUAL: no domain on record"
"331839474415","Crew MW III LLC","","0","MANUAL: no domain on record"
"332272203480","Martone Construction","martoneconstruction.com","0","MANUAL: no diversity/SBLO page found"
"332314637032","Central Builders","cntrlbuilders.com","0","MANUAL: no diversity/SBLO page found"
"332334076602","JNB PC Services","jnbpcservices.com","0","MANUAL: no diversity/SBLO page found"
"335493509873","Farris Construction","","0","MANUAL: no domain on record"
"335507978986","Healy Construction Services, Inc","","0","MANUAL: no domain on record"
"335595228868","Reconn Construction Services","","0","MANUAL: no domain on record"
"335609720536","Build Strategic","","0","MANUAL: no domain on record"
"335645539040","Black Canyon Construction","","0","MANUAL: no domain on record"
"335645539042","BSM Construction","","0","MANUAL: no domain on record"
"335780803313","Diamond Contractors, Inc.","","0","MANUAL: no domain on record"
"340594349775","Mil-Spec Construction","milspec.construction","0","MANUAL: no diversity/SBLO page found"
"341088493303","365 FIREWATCH LLC","","0","MANUAL: no domain on record"
"341093894861","FACILITY DEFENSE CONSULTANTS INC","","0","MANUAL: no domain on record"
"341143196361","CARPET FOR PENNIES INC","","0","MANUAL: no domain on record"
"341204446928","LANTERN LANDSCAPE LIGHTING L.L.C","","0","MANUAL: no domain on record"
"341243410106","VETERANS IMAGE LLC","","0","MANUAL: no domain on record"
"345640066782","Riverstone Construction","riverstone.build","0","MANUAL: no diversity/SBLO page found"
"345643662039","Lovejoy Construction","lovejoyconstruction.com","0","MANUAL: no diversity/SBLO page found"
"345716665051","Villalobos Builders","villalobosbuilders.com","0","MANUAL: no diversity/SBLO page found"